Workbook

Sheet Raw
A1: name | B1: category | C1: rating | D1: address | E1: phone | F1: website | G1: url
A2: NEXA UNISEX SALON VASHI | B2: beauty parlor | C2: 4.9 | D2: Address: SHOP NO 13/14, SAI UDYAN, PLOT 25, Atmaram Janu Bhoir Marg, Juhu Nagar, Sector 14, Vashi, Navi Mumbai, Maharashtra 400703, India | E2: Phone: +91 89890 20251 | F2: https://www.instagram.com/nexa_salon_vashi | G2: https://www.google.com/maps/place/NEXA+UNISEX+SALON+VASHI/data=!4m7!3m6!1s0x3be7c1b673c7e4a7:0x82b55cbf4d8c90a9!8m2!3d19.083514!4d73.0015081!16s%2Fg%2F11y_qh6y8g!19sChIJp-THc7bB5zsRqZCMTb9ctYI?authuser=0&hl=ne&rclk=1
A3: Mountain spa salon | B3: beauty parlor | C3: 5 | D3: Address: 23B, Phase 2, Sector 19E, Vashi, Navi Mumbai, Maharashtra 400703, India | G3: https://www.google.com/maps/place/Mountain+spa+salon/data=!4m7!3m6!1s0x3be7c12846351565:0xc2b9424d4671667d!8m2!3d19.0877797!4d73.0093807!16s%2Fg%2F11nx5ck4d8!19sChIJZRU1RijB5zsRfWZxRk1CucI?authuser=0&hl=ne&rclk=1
A4: Beauty Queen, Ladies Beauty Salon & Spa | B4: beauty parlor | C4: 4.9 | D4: Address: Shree Vighnaharata Co-OP, Hsg. Soc. Ltd Shop No-5, Plot No-36,37,44 & 45, Sector-50 (Old, Seawoods West, Navi Mumbai, Maharashtra 400706, India | E4: Phone: +91 82915 23552 | G4: https://www.google.com/maps/place/Beauty+Queen,+Ladies+Beauty+Salon+%26+Spa/data=!4m7!3m6!1s0x3be7c3f95d5a2cbd:0x995bfdb6b655f59!8m2!3d19.0101587!4d73.0162682!16s%2Fg%2F11qyjyjy2k!19sChIJvSxaXfnD5zsRWV9la9u_lQk?authuser=0&hl=ne&rclk=1
A5: Spa Soul Koparkhairane | B5: Mineral Health Center | C5: 4.3 | D5: Address: Plot No - 62, The Residency Apartment CHS Shop No- 3,4,5, Sec-2A, Kopar Khairane, Navi Mumbai, Maharashtra 400709, India | E5: Phone: +91 75063 59471 | F5: http://spasoulkoparkhairane.in/ | G5: https://www.google.com/maps/place/Spa+Soul+Koparkhairane/data=!4m7!3m6!1s0x3be7c131ea4084db:0x967bfb7c8fd176ac!8m2!3d19.1108755!4d73.0037881!16s%2Fg%2F11kjdshcqy!19sChIJ24RA6jHB5zsRrHbRj3z7e5Y?authuser=0&hl=ne&rclk=1
A6: PUNAM BEUTY SALON SPA | B6: hair salon | C6: 4.5 | D6: Address: Shop No 02, Turbhe Village Rd, Turbhe Village, Sector 22, Turbhe, Navi Mumbai, Maharashtra 400703, India | E6: Phone: +91 77099 72518 | G6: https://www.google.com/maps/place/PUNAM+BEUTY+SALON+SPA/data=!4m7!3m6!1s0x3be7c10ab6d3df8f:0xb697c87ddc70b253!8m2!3d19.0703679!4d73.0130899!16s%2Fg%2F11ty70pbbm!19sChIJj9_TtgrB5zsRU7Jw3H3Il7Y?authuser=0&hl=ne&rclk=1
A7: B Blush On | B7: make-up artist | C7: 4.9 | D7: Address: Shop no 22, Shiv Complex, plot no 15, Prabhakar Krishanati Patil Marg, Sector 3, Ghansoli, Navi Mumbai, Maharashtra 400701, India | E7: Phone: +91 91369 45572 | F7: https://sites.google.com/view/bblushonbridalmakeupnavimumbai | G7: https://www.google.com/maps/place/B+Blush+On/data=!4m7!3m6!1s0x3be7c1000dd2eb7f:0xe07bed0996a67311!8m2!3d19.113844!4d73.0042693!16s%2Fg%2F11vryjd5wl!19sChIJf-vSDQDB5zsREXOmlgnte-A?authuser=0&hl=ne&rclk=1
A8: Avantara Spa In Vashi | B8: Mineral Health Center | C8: 4.5 | D8: Address: Shop No.06 Plot No.286, Mahavir Arcade, Padmasagar Society Opp Petrol pump, kopri Signal, Sector 28, Vashi, Navi Mumbai, Maharashtra 400703, India | E8: Phone: +91 91378 54464 | F8: https://avantaraspavashi.in/ | G8: https://www.google.com/maps/place/Avantara+Spa+In+Vashi/data=!4m7!3m6!1s0x3be7c1cff896f0c1:0x86833f505a5fa35f!8m2!3d19.0887008!4d73.0091452!16s%2Fg%2F11h11kthzh!19sChIJwfCW-M_B5zsRX6NfWlA_g4Y?authuser=0&hl=ne&rclk=1
A9: serenity salon and spa | B9: beautician | C9: 5 | D9: Address: Mahadev Niwas, plot no 205A, L.Sanjay Kumar Gorad Marg, near by Chatrapati Sambhaji udyan, Dharshana Society, Nerul West, Nerul, Navi Mumbai, Maharashtra 400706, India | E9: Phone: +91 83569 09858 | G9: https://www.google.com/maps/place/serenity+salon+and+spa/data=!4m7!3m6!1s0x3be7c37a1b758473:0xa13233a2aab04619!8m2!3d19.0356962!4d73.0097058!16s%2Fg%2F11yfkzjgzl!19sChIJc4R1G3rD5zsRGUawqqIzMqE?authuser=0&hl=ne&rclk=1
A10: Aspire Beauty Day Spa | B10: Massage spa | C10: 4.4 | D10: Address: PLOT NO.- 88, Mansarovar C.H.S.L 104/105 first floor, 14, above McDonald's, Sector 17, Vashi, Navi Mumbai, Maharashtra 400703, India | E10: Phone: +91 70451 04497 | F10: http://www.avanabeautydayspa.com/ | G10: https://www.google.com/maps/place/Aspire+Beauty+Day+Spa/data=!4m7!3m6!1s0x3be7c15c3f2c3291:0xc8a5fedb58dd7dec!8m2!3d19.0721187!4d72.9986256!16s%2Fg%2F11h1kct5mb!19sChIJkTIsP1zB5zsR7H3dWNv-pcg?authuser=0&hl=ne&rclk=1
A11: Nikhar Beauty Salon Makeup Studio & Academy | B11: beauty parlor | C11: 4.9 | D11: Address: Shop no.11, A-1, next to Vinayak Stationery, Sector 15, Vashi, Navi Mumbai, Maharashtra 400703, India | E11: Phone: +91 73031 50296 | G11: https://www.google.com/maps/place/Nikhar+Beauty+Salon+Makeup+Studio+%26+Academy/data=!4m7!3m6!1s0x3be7c1b77d3a00eb:0x13326fa7c7df1997!8m2!3d19.0800384!4d72.9998376!16s%2Fg%2F11rv2xz267!19sChIJ6wA6fbfB5zsRlxnfx6dvMhM?authuser=0&hl=ne&rclk=1
A12: Dhruva Spa & Saloon | B12: Mineral Health Center | C12: 4.5 | D12: Address: Ground Floor, Type-1, F-19, Sagar Vihar Marg, behind Ramdev Hotel, Bhodakdeo, Sector 4, Vashi, Navi Mumbai, Maharashtra 400703, India | E12: Phone: +91 97698 60170 | F12: https://dhruvaspa.com/ | G12: https://www.google.com/maps/place/Dhruva+Spa+%26+Saloon/data=!4m7!3m6!1s0x3be7c13428f153c3:0x3a1c462f6612b5fa!8m2!3d19.0746768!4d72.9904474!16s%2Fg%2F11bzt6shcy!19sChIJw1PxKDTB5zsR-rUSZi9GHDo?authuser=0&hl=ne&rclk=1
A13: Kaizo Salon - Hair , Nails , Skin & Hair Extensions | B13: beauty parlor | C13: 4.4 | D13: Address: Shop Number.5-6-7, Arenja Terrace, Plot Number.98, Sector 29, Vashi, Navi Mumbai, Maharashtra 400703, India | E13: Phone: +91 80807 94449 | G13: https://www.google.com/maps/place/Kaizo+Salon+-+Hair+,+Nails+,+Skin+%26+Hair+Extensions/data=!4m7!3m6!1s0x3be7c1a87ef8d17f:0xb94d93757c1d49e6!8m2!3d19.0858467!4d73.0067218!16s%2Fg%2F11gk39bw2b!19sChIJf9H4fqjB5zsR5kkdfHWTTbk?authuser=0&hl=ne&rclk=1
A14: H&S Salon | B14: beauty parlor | C14: 4.8 | D14: ठेगाना: SAGAR DARSHAN TOWER, Shop No.12 and 13.D-91, Plot No.38, Sector 18, Nerul West, Nerul, Maharashtra 400706, भारत | E14: Phone: +91 91677 79514 | F14: https://www.instagram.com/salonhns?igsh=ZWplb2M1Y2x3Z3Nz&utm_source=qr | G14: https://www.google.com/maps/place/H%26S+Salon/data=!4m7!3m6!1s0x3be7c30a0e12e50d:0x12469ebdf3718f4d!8m2!3d19.035497!4d73.0086784!16s%2Fg%2F11w4rky3x0!19sChIJDeUSDgrD5zsRTY9x872eRhI?authuser=0&hl=ne&rclk=1
A15: Glamour Zone Studio (Ladies Salon) | B15: beauty parlor | C15: 4.8 | D15: Address: Shop no 13, Pyramid Icon, railway station, opp. to union bank, near ghansoli, Sector 5, Savoli, Ghansoli, Navi Mumbai, Maharashtra 400701, India | E15: Phone: +91 90827 97847 | F15: https://www.instagram.com/glamourzonestudio?igsh=cTUydzhpcWowczM0 | G15: https://www.google.com/maps/place/Glamour+Zone+Studio+%28Ladies+Salon%29/data=!4m7!3m6!1s0x3be7c13a6eb3c7df:0x2ea58ddd81f5b0ce!8m2!3d19.1172645!4d73.0048958!16s%2Fg%2F11l33bcbjy!19sChIJ38ezbjrB5zsRzrD1gd2NpS4?authuser=0&hl=ne&rclk=1
A16: KB's Spa And Salon | B16: Mineral Health Center | C16: 4.4 | D16: Address: Shop No. 1, Mausam, Vijay Dairy, 285, Parmarth Niketan Marg, Sector 28, Vashi, Navi Mumbai, Maharashtra 400703, India | E16: Phone: +91 93215 51333 | G16: https://www.google.com/maps/place/KB%27s+Spa+And+Salon/data=!4m7!3m6!1s0x3be7c1245728ceb7:0xfc7278b6e58c8195!8m2!3d19.0888943!4d73.0086341!16s%2Fg%2F1q62grwb3!19sChIJt84oVyTB5zsRlYGM5bZ4cvw?authuser=0&hl=ne&rclk=1
A17: Swara Beauty Salon | B17: beauty parlor | C17: 4.9 | D17: Address: Shop No 52, B-wing, Welfare Chambers, Plot No 73, 17, Vashi, Navi Mumbai, Maharashtra 400703, India | E17: Phone: +91 80 6507 2185 | F17: http://www.swarabeautysalon.in/ | G17: https://www.google.com/maps/place/Swara+Beauty+Salon/data=!4m7!3m6!1s0x3be7c13a0ccafa01:0xb2e63ffd51afe27d!8m2!3d19.0733036!4d73.00117!16s%2Fg%2F11xp1vp2w3!19sChIJAfrKDDrB5zsRfeKvUf0_5rI?authuser=0&hl=ne&rclk=1
A18: ROSE HAIR & BEAUTY SALON | B18: Esthetics service | C18: 4.8 | D18: Address: Tulsidas Building, Shop No: 3, Plot No: 56 Ram Bhau Sudama Bhoir Marg Karave Nagar, Karave Village, Sector 44A, Seawoods, Navi Mumbai, Maharashtra 400706, India | E18: Phone: +91 99300 65947 | F18: https://rose-hair-beauty-salon.grexa.site/ | G18: https://www.google.com/maps/place/ROSE+HAIR+%26+BEAUTY+SALON/data=!4m7!3m6!1s0x3be7c39bdc64c91f:0xb602674887e78acf!8m2!3d19.013165!4d73.010486!16s%2Fg%2F1ptzm0nqf!19sChIJH8lk3JvD5zsRz4rnh0hnArY?authuser=0&hl=ne&rclk=1
A19: Blue Tara Spa & Salon | B19: Massage spa | C19: 5 | D19: Address: Shop No- 18, Kesav Kunj Building, West, near Rajmata Restaurant, Sector 30A, Sanpada, Navi Mumbai, Maharashtra 400705, India | E19: Phone: +91 91363 34115 | F19: https://bluetaraspa.in/ | G19: https://www.google.com/maps/place/Blue+Tara+Spa+%26+Salon/data=!4m7!3m6!1s0x3be7c19e603858bd:0xc52e76f0a563c82e!8m2!3d19.0662008!4d73.0059748!16s%2Fg%2F11wm_pz3hq!19sChIJvVg4YJ7B5zsRLshjpfB2LsU?authuser=0&hl=ne&rclk=1
A20: Unique salon & spa | B20: hairdresser | C20: 4.8 | D20: Address: near Sai Holy Faith High School, 19/C, Gaothan, Sector 19, Kopar Khairane, Navi Mumbai, Maharashtra 400709, India | G20: https://www.google.com/maps/place/Unique+salon+%26+spa/data=!4m7!3m6!1s0x3be7c1749bc16eab:0xaee77d8a063ca95!8m2!3d19.1038114!4d72.9984667!16s%2Fg%2F11pydfn2wp!19sChIJq27Bm3TB5zsRlcpjoNh37go?authuser=0&hl=ne&rclk=1
A21: Looks Salon, Seawoods, Navi Mumbai | B21: hair salon | C21: 4.7 | D21: Address: UG-14, Ground floor, Nexus Seawoods Mall, Nerul East, Sector 40, Nerul, Navi Mumbai, Maharashtra 400706, India | E21: Phone: +91 98998 81774 | F21: http://www.lookssalon.in/ | G21: https://www.google.com/maps/place/Looks+Salon,+Seawoods,+Navi+Mumbai/data=!4m7!3m6!1s0x3be7c3964fffffb9:0x4260de3e50c4519b!8m2!3d19.0215201!4d73.0186911!16s%2Fg%2F11c5_vsqx8!19sChIJuf__T5bD5zsRm1HEUD7eYEI?authuser=0&hl=ne&rclk=1
A22: White Oasis Spa | B22: Mineral Health Center | C22: 4.9 | D22: Address: Shop No. 24, Satra Plaza, Palm Beach Rd, next to JIMI'S Burger, Phase 2, Sector 19D, Vashi, Navi Mumbai, Maharashtra 400703, India | E22: Phone: +91 88929 00600 | F22: https://whitespalon.com/ | G22: https://www.google.com/maps/place/White+Oasis+Spa/data=!4m7!3m6!1s0x3be7c1bd4ca8efe1:0x947049532e8273b0!8m2!3d19.0825961!4d73.006019!16s%2Fg%2F11qp4wq_2y!19sChIJ4e-oTL3B5zsRsHOCLlNJcJQ?authuser=0&hl=ne&rclk=1
A23: Glam Studio by pramila | B23: beauty parlor | C23: 4.7 | D23: ठेगाना: PLATINUM VENECIA ,SHOP NO:11,FIRST FLOOR ,plot no 20, above Foodway Restaurant, Nerul East, Sector 29, Nerul, Navi Mumbai, Maharashtra 400706, भारत | E23: Phone: +91 22 7966 4028 | F23: https://www.instagram.com/glam_studio_by_pramila?igsh=eHdqc2pwMzRlcDZj | G23: https://www.google.com/maps/place/Glam+Studio+by+pramila/data=!4m7!3m6!1s0x3be7c3c25b0fdaa7:0x6503cc330ef67609!8m2!3d19.0371476!4d73.0189344!16s%2Fg%2F11fy_fk0wn!19sChIJp9oPW8LD5zsRCXb2DjPMA2U?authuser=0&hl=ne&rclk=1
A24: Peacock Salon | Hair, Nail & Beauty Salon in Navi Mumbai | B24: beauty parlor | C24: 4.6 | D24: Address: Shop no 20, 21, 21A, 22, Mahavir Center, next to Golden. Punjab Hotel, Sector 17, Vashi, Navi Mumbai, Maharashtra 400703, India | E24: Phone: +91 93247 74567 | F24: https://peacocksalon.in/ | G24: https://www.google.com/maps/place/Peacock+Salon+%7C+Hair,+Nail+%26+Beauty+Salon+in+Navi+Mumbai/data=!4m7!3m6!1s0x3be7c14a08786177:0x8fc18a9d9f475bc4!8m2!3d19.0735796!4d72.9993896!16s%2Fg%2F1tqt83rj!19sChIJd2F4CErB5zsRxFtHn52KwY8?authuser=0&hl=ne&rclk=1
A25: Elegance Hair & Beauty Salon | Hair & Beauty Studio | Nerul, Navi Mumbai | B25: beauty parlor | C25: 4.7 | D25: Address: Oppo, Sagardeep c, Shop no.14, meridian appt, plot no. 25 & 27, Sector Number 6 Road, near apna bazaar, Nerul West, Navi Mumbai, Maharashtra 400706, India | E25: Phone: +91 88799 41107 | F25: https://www.instagram.com/invites/contact/?igsh=13vik18hoh4o9&utm_content=1go0qx1 | G25: https://www.google.com/maps/place/Elegance+Hair+%26+Beauty+Salon+%7C+Hair+%26+Beauty+Studio+%7C+Nerul,+Navi+Mumbai/data=!4m7!3m6!1s0x3be7c3ef161ccc8f:0x164912d4cdcb0b24!8m2!3d19.0418903!4d73.0095818!16s%2Fg%2F11gfnx2f6z!19sChIJj8wcFu_D5zsRJAvLzdQSSRY?authuser=0&hl=ne&rclk=1
A26: Gingerlin nx | B26: beauty parlor | C26: 4.9 | D26: Address: Shop No11, Shanti Vaibhav, building-A, plot 11A, Sector 42A, Seawoods, Navi Mumbai, Maharashtra 400706, India | E26: Phone: +91 98202 92472 | F26: https://www.connectto.in/business/gingerlin-nx-unisex-salon-seawoods | G26: https://www.google.com/maps/place/Gingerlin+nx/data=!4m7!3m6!1s0x3be7c397ae37f19f:0xbcc45040a8a69959!8m2!3d19.0179124!4d73.0162353!16s%2Fg%2F11cjpybkvm!19sChIJn_E3rpfD5zsRWZmmqEBQxLw?authuser=0&hl=ne&rclk=1
A27: Anagha's Salon & Academy | B27: beauty parlor | C27: 4.8 | D27: Address: Shop no. 08, Swastik Sindhu, plot. 268, Sector 23, Juinagar, Navi Mumbai, Maharashtra 400705, India | E27: Phone: +91 96198 23636 | F27: http://anaghassalonacademy.in/ | G27: https://www.google.com/maps/place/Anagha%27s+Salon+%26+Academy/data=!4m7!3m6!1s0x3be7c1a0bd1c7de7:0xd88e1912af8f9060!8m2!3d19.0521686!4d73.0166491!16s%2Fg%2F11t7td8vt9!19sChIJ530cvaDB5zsRYJCPrxIZjtg?authuser=0&hl=ne&rclk=1
A28: Colors Spa And Salon | B28: Massage spa | C28: 5 | D28: Address: 2'Nd Floor, Aditi Apartment, F-2 / A-4, Plot No 12, Sector 9, Vashi, Navi Mumbai, Maharashtra 400703, India | E28: Phone: +91 83699 24908 | G28: https://www.google.com/maps/place/Colors+Spa+And+Salon/data=!4m7!3m6!1s0x3be7c1e7b58bdaf3:0x7cfc0cd212172af4!8m2!3d19.0795002!4d72.9981334!16s%2Fg%2F11ypc6076t!19sChIJ89qLtefB5zsR9CoXEtIM_Hw?authuser=0&hl=ne&rclk=1
A29: Sayli Beauty Salon & Spa | B29: beauty parlor | C29: 4.9 | D29: Address: Shop No. 03, Shri, Sector 10, Sanpada, Navi Mumbai, Maharashtra 400705, India | E29: Phone: +91 89284 63304 | G29: https://www.google.com/maps/place/Sayli+Beauty+Salon+%26+Spa/data=!4m7!3m6!1s0x3be7c1d0a8aa8f11:0x54041372fc407ea6!8m2!3d19.0596102!4d73.0146172!16s%2Fg%2F11s7tchhdc!19sChIJEY-qqNDB5zsRpn5A_HITBFQ?authuser=0&hl=ne&rclk=1
A30: Spa Berry (Spa In Vashi) | B30: Mineral Health Center | C30: 4.8 | D30: Address: Shop No 102, PLOT NO.- 88, 14, Mansarovar Chs, Sector 17, Vashi, Navi Mumbai, Maharashtra 400703, India | E30: Phone: +91 91523 22432 | F30: https://spaberryvashi.in/ | G30: https://www.google.com/maps/place/Spa+Berry+%28Spa+In+Vashi%29/data=!4m7!3m6!1s0x3be7c1eb76d4dcdb:0xd2e680d4af1b5a76!8m2!3d19.0721832!4d72.9989916!16s%2Fg%2F11ks09zm_y!19sChIJ29zUduvB5zsRdlobr9SA5tI?authuser=0&hl=ne&rclk=1
A31: The Cloud Family Salon | B31: beauty parlor | C31: 5 | D31: Address: Shop 4, Ambe Bhakti Apartment, Plot no 17, Sector 5, Sector 4, Ghansoli, Navi Mumbai, Maharashtra 400701, India | E31: Phone: +91 88283 26133 | F31: https://www.instagram.com/thecloudfamilysalon?igsh=eTRkbTYwaDZwanV5 | G31: https://www.google.com/maps/place/The+Cloud+Family+Salon/data=!4m7!3m6!1s0x3be7c16e3394b759:0xc6ec6fbbbb13a2e8!8m2!3d19.1176584!4d73.0024697!16s%2Fg%2F11xcrjjx1p!19sChIJWbeUM27B5zsR6KITu7tv7MY?authuser=0&hl=ne&rclk=1
A32: The Alvi Men Salon | B32: Facial Spa | C32: 4.3 | D32: Address: Shop No 34, BUILDING no 3, NL2 Rd, Nerul East, Sector 15, Nerul, Navi Mumbai, Maharashtra 400706, India | E32: Phone: +91 84259 21245 | G32: https://www.google.com/maps/place/The+Alvi+Men+Salon/data=!4m7!3m6!1s0x3be7c3b27d44df4f:0x25e22ebcd0224a46!8m2!3d19.0361976!4d73.0199154!16s%2Fg%2F11fl5d7snz!19sChIJT99EfbLD5zsRRkoi0Lwu4iU?authuser=0&hl=ne&rclk=1
A33: Doxa Salon | B33: hairdresser | C33: 4.9 | D33: Address: A-9, One Akshar, Shop No. A-7, A-8, Plot no. 7, Sector 13, Sanpada, Navi Mumbai, Maharashtra 400705, India | E33: Phone: +91 85917 32960 | F33: https://doxasalon.in/ | G33: https://www.google.com/maps/place/Doxa+Salon/data=!4m7!3m6!1s0x3be7c194e913822f:0x878e1d4269c82825!8m2!3d19.0602003!4d73.0017482!16s%2Fg%2F11rsr0y57y!19sChIJL4IT6ZTB5zsRJSjIaUIdjoc?authuser=0&hl=ne&rclk=1
A34: PP Family Salon & Spa | B34: Mineral Health Center | C34: 5 | D34: Address: 3rd Floor, Amrit House, Plot No 38, Palm Beach Rd, near Fortune Hotel, Phase 2, Sector 19E, Vashi, Navi Mumbai, Maharashtra 400703, India | E34: Phone: +91 83697 49392 | F34: https://ppfamilysalonandspa.in/ | G34: https://www.google.com/maps/place/PP+Family+Salon+%26+Spa/data=!4m7!3m6!1s0x3be7c1f80d09f17b:0x2c76a0912dce9c72!8m2!3d19.0865426!4d73.008696!16s%2Fg%2F11vqhh75cw!19sChIJe_EJDfjB5zsRcpzOLZGgdiw?authuser=0&hl=ne&rclk=1
A35: Raybence Spa Nerul | B35: Mineral Health Center | C35: 4.4 | D35: ठेगाना: Near, Shop no G-15 Plot No-103 Ground Floor , Haware Centurian Mall, Seawoods, Navi Mumbai, Maharashtra 400706, भारत | E35: Phone: +91 98201 50592 | F35: https://raybencespa.in/ | G35: https://www.google.com/maps/place/Raybence+Spa+Nerul/data=!4m7!3m6!1s0x3be7c3122f13e81b:0x7198d298587de950!8m2!3d19.0246753!4d73.0221464!16s%2Fg%2F11h99r23bg!19sChIJG-gTLxLD5zsRUOl9WJjSmHE?authuser=0&hl=ne&rclk=1
A36: The King's Luxury Spa | B36: Mineral Health Center | C36: 4.8 | D36: Address: Shop No. A-01, 1st Floor, Mahavir Dham CHS, Plot no. 112, Vashi Kopar Khairane Rd, near Bhagat Tarachand Hotel, Juhu Nagar, Sector 12, Vashi, Navi Mumbai, Maharashtra 400703, India | E36: Phone: +91 90369 36907 | F36: http://kingsspavashi.com/ | G36: https://www.google.com/maps/place/The+King%27s+Luxury+Spa/data=!4m7!3m6!1s0x3be7c1d305a5b82b:0x9180c9d872385d37!8m2!3d19.0898111!4d73.0047826!16s%2Fg%2F11s6f4mdf9!19sChIJK7ilBdPB5zsRN104ctjJgJE?authuser=0&hl=ne&rclk=1
A37: Scissors Noise - The Family Salon (Vashi) | B37: beauty parlor | C37: 4.8 | D37: Address: ground floor, RAGHULEELA MALL, Shop no 226 and 227, Opp, Vashi Railway Station Rd, Sector 30A, Vashi, Navi Mumbai, Maharashtra 400703, India | E37: Phone: +91 76664 77224 | G37: https://www.google.com/maps/place/Scissors+Noise+-+The+Family+Salon+%28Vashi%29/data=!4m7!3m6!1s0x3be7c14da4367553:0x87dfcb94ed98c350!8m2!3d19.0643146!4d72.9962712!16s%2Fg%2F11bzs4ffq_!19sChIJU3U2pE3B5zsRUMOY7ZTL34c?authuser=0&hl=ne&rclk=1
A38: V-Wellness Spa | B38: Mineral Health Center | C38: 4.9 | D38: Address: Shop No A002, Ground Floor, Railway Commercial Complex, near Power Gym, Sector 3, Sanpada, Navi Mumbai, Maharashtra 400705, India | E38: Phone: +91 87793 76090 | F38: https://vwellnessspa.site/ | G38: https://www.google.com/maps/place/V-Wellness+Spa/data=!4m7!3m6!1s0x3be7c1db47750d6d:0xdea0ce088774199c!8m2!3d19.065272!4d73.0088996!16s%2Fg%2F11y7jk3j0v!19sChIJbQ11R9vB5zsRnBl0hwjOoN4?authuser=0&hl=ne&rclk=1
A39: Enrich Salon Vashi Sector 17 | B39: beauty parlor | C39: 4.5 | D39: Address: Shop No.32,33,35, Ground Floor, Chhada Crescent Chsl, Plot No.46, 55, Sector 17, Road, Navi, Vashi, Mumbai, Maharashtra 400703, India | E39: Phone: +91 91672 58614 | F39: https://www.enrichbeauty.com/ | G39: https://www.google.com/maps/place/Enrich+Salon+Vashi+Sector+17/data=!4m7!3m6!1s0x3be7c149a5db924b:0x6759cf9d39a4eb7a!8m2!3d19.0714788!4d73.0012998!16s%2Fg%2F1pp2vk8_p!19sChIJS5LbpUnB5zsReuukOZ3PWWc?authuser=0&hl=ne&rclk=1
A40: Arth Thai Spa Palm Beach Rd | B40: Mineral Health Center | C40: 4.6 | D40: Address: Shah Complex III, Plot No, Shop No 1/2/3, opp. Palm Beach Road, Sector 13, Sanpada, Navi Mumbai, Maharashtra 400705, India | E40: Phone: +91 85910 78771 | F40: https://arththaispanavimumbai.in/ | G40: https://www.google.com/maps/place/Arth+Thai+Spa+Palm+Beach+Rd/data=!4m7!3m6!1s0x3be7c1153c5e66b1:0x5e9ea133a047798b!8m2!3d19.0611794!4d73.0017859!16s%2Fg%2F11lc7k9skd!19sChIJsWZePBXB5zsRi3lHoDOhnl4?authuser=0&hl=ne&rclk=1
A41: Namaste Wellness Spa | B41: Mineral Health Center | C41: 4.2 | D41: Address: Shop No - 128, 1st Floor Bhoomi Mall, Plot Number 09, Sector 15, CBD Belapur, Navi Mumbai, Maharashtra 400614, India | F41: http://namstespa.in/ | G41: https://www.google.com/maps/place/Namaste+Wellness+Spa/data=!4m7!3m6!1s0x3be7c340e8aa2baf:0xd36518b23e412ffe!8m2!3d19.0110365!4d73.0327972!16s%2Fg%2F11h2h6nmkz!19sChIJryuq6EDD5zsR_i9BPrIYZdM?authuser=0&hl=ne&rclk=1
A42: Envi Salon & Spa - Inorbit Mall, Vashi | B42: hairdresser | C42: 4.6 | D42: Address: Ground Floor, Inorbit Mall, G 34, nearby Vashi Station, Sector 30, Vashi, Navi Mumbai, Maharashtra 400703, India | E42: Phone: +91 80 6927 0009 | F42: https://salons.envi.in/envi-salon/navi-mumbai/Inorbit-Mall-Vashi/envi-salon-and-spa-in-Inorbit-Mall-Vashi-navi-mumbai--1Otg04/home | G42: https://www.google.com/maps/place/Envi+Salon+%26+Spa+-+Inorbit+Mall,+Vashi/data=!4m7!3m6!1s0x3be7c14ef69e85ab:0x2135db8c9f199c90!8m2!3d19.0656982!4d73.0012033!16s%2Fg%2F1tcy2ryr!19sChIJq4We9k7B5zsRkJwZn4zbNSE?authuser=0&hl=ne&rclk=1
A43: Enrich Salon Seawoods - Navi Mumbai | B43: beauty parlor | C43: 4.6 | D43: Address: Shop No. 15 & 16, Dhara Complex, Plot No. 2 & 3 Near Bank Of Baroda, Sector 44A, Navi, Seawoods, Mumbai, Maharashtra 400706, India | E43: Phone: +91 91672 30097 | F43: https://www.enrichbeauty.com/ | G43: https://www.google.com/maps/place/Enrich+Salon+Seawoods+-+Navi+Mumbai/data=!4m7!3m6!1s0x3be7c3994b79bccb:0x1caa3d64b5fa64a3!8m2!3d19.0117615!4d73.0119034!16s%2Fg%2F1hjh5dclg!19sChIJy7x5S5nD5zsRo2T6tWQ9qhw?authuser=0&hl=ne&rclk=1
A44: Seventh Sense Spa & Salon | B44: Massage spa | C44: 4.7 | D44: Address: 2nd Floor, Vashi plaza, C-473, Liberty Housing Society, Sector 17, Vashi, Navi Mumbai, Maharashtra 400703, India | E44: Phone: +91 98190 38442 | G44: https://www.google.com/maps/place/Seventh+Sense+Spa+%26+Salon/data=!4m7!3m6!1s0x3be7c14bc33df8f9:0xfa26c24115f84b8d!8m2!3d19.0695232!4d72.9980675!16s%2Fg%2F11dxnkyppp!19sChIJ-fg9w0vB5zsRjUv4FUHCJvo?authuser=0&hl=ne&rclk=1
A45: Lakme Salon For Him and Her in Sec 46,Seawoods,Navi Mumbai | B45: beauty parlor | C45: 4.6 | D45: Address: Shop No 55/56, SHREEJI HEIGHTS, 1/1A, Nerul, near Palm Beach Road, Sector-46/A, Sector 46 A, Seawoods, Navi Mumbai, Maharashtra 400706, India | E45: Phone: +91 98589 46946 | F45: https://salons.lakmesalon.in/lakme-salon-for-him-and-her-in-sec-46-seawoods-navi-mumbai-sec-46-seawoods-beauty-parlour-sector-46a-navi-mumbai-360783/Home | G45: https://www.google.com/maps/place/Lakme+Salon+For+Him+and+Her+in+Sec+46,Seawoods,Navi+Mumbai/data=!4m7!3m6!1s0x3be7c31b4e321249:0x66d22021da0ee7c1!8m2!3d19.0117348!4d73.0125749!16s%2Fg%2F11rg1z4v3y!19sChIJSRIyThvD5zsRwecO2iEg0mY?authuser=0&hl=ne&rclk=1
A46: SR Spa & Beauty Salon | B46: beauty parlor | C46: 5 | D46: Address: Shop no 14, Balaji Exotica, Plot no 31, opp. Satyam harmony, near Panchratna Restaurant and Balaji theatre, Sector 9, Kopar Khairane, Navi Mumbai, Maharashtra 400709, India | E46: Phone: +91 70214 66092 | G46: https://www.google.com/maps/place/SR+Spa+%26+Beauty+Salon/data=!4m7!3m6!1s0x3be7c1ce8bf9b375:0x6d1fc92f7987da61!8m2!3d19.1003165!4d73.0113521!16s%2Fg%2F11wff6_spg!19sChIJdbP5i87B5zsRYdqHeS_JH20?authuser=0&hl=ne&rclk=1
A47: Colours Family Salon | B47: Mineral Health Center | C47: 5 | D47: Address: Shop No.: 26-A, Plot No.: 2/1, 2-8, Landmark CHS, near Indian Bank, Juhu Nagar, Sector 14, Vashi, Navi Mumbai, Maharashtra 400703, India | E47: Phone: +91 75061 19512 | G47: https://www.google.com/maps/place/Colours+Family+Salon/data=!4m7!3m6!1s0x3be7c1c2b6be08df:0x98b1f508c60943f2!8m2!3d19.08247!4d73.0013809!16s%2Fg%2F11y3hxtpqv!19sChIJ3wi-tsLB5zsR8kMJxgj1sZg?authuser=0&hl=ne&rclk=1
A48: Blue Diamond Spa and Salon | B48: Mineral Health Center | C48: 4.3 | D48: Address: opp. Vashi Railway Station, Sector 30A, Vashi, Navi Mumbai, Maharashtra 400705, India | E48: Phone: +91 89299 34855 | F48: https://bluediamondspavashi.in/ | G48: https://www.google.com/maps/place/Blue+Diamond+Spa+and+Salon/data=!4m7!3m6!1s0x3be7c14e8c6f63ad:0x2f1d6b6e32f0c037!8m2!3d19.0649378!4d72.9951997!16s%2Fg%2F11f3rrcw_0!19sChIJrWNvjE7B5zsRN8DwMm5rHS8?authuser=0&hl=ne&rclk=1
A49: Namastey Wellness Spa | B49: Day spa | C49: 5 | D49: Address: Patel Heritage, 64/65, Sector.07, Kharghar, Panvel, Maharashtra 410210, India | E49: Phone: +91 78888 03332 | F49: https://namasteywellnessspa.com/ | G49: https://www.google.com/maps/place/Namastey+Wellness+Spa/data=!4m7!3m6!1s0x3be7c3dd8d5617dd:0xb7ffc0a51615b8e1!8m2!3d19.0347658!4d73.0651982!16s%2Fg%2F11lmhh_0jh!19sChIJ3RdWjd3D5zsR4bgVFqXA_7c?authuser=0&hl=ne&rclk=1
A50: Lakme Salon For Him and Her in Vashi,Sec 9,Navi Mumbai | B50: beauty parlor | C50: 4.6 | D50: Address: Shop No 9 & 10, Midland Building, opposite Jain Mandir, Juhu Nagar, Sector 9, Vashi, Navi Mumbai, Maharashtra 400703, India | E50: Phone: +91 70390 02550 | F50: https://salons.lakmesalon.in/lakme-salon-for-him-and-her-in-vashi-sec-9-navi-mumbai-beauty-parlour-sector-9-vashi-navi-mumbai-344831/Home | G50: https://www.google.com/maps/place/Lakme+Salon+For+Him+and+Her+in+Vashi,Sec+9,Navi+Mumbai/data=!4m7!3m6!1s0x3be7c1343efb62b3:0xd8312473fa98c3d!8m2!3d19.0768995!4d72.997654!16s%2Fg%2F1tj94w_b!19sChIJs2L7PjTB5zsRPYypP0cSgw0?authuser=0&hl=ne&rclk=1
A51: Radiance Spa & Salon | B51: Mineral Health Center | C51: 4.3 | D51: Address: 2, Parmarth Niketan Marg, Sector 29, Vashi, Navi Mumbai, Maharashtra 400703, India | E51: Phone: +91 70457 74997 | G51: https://www.google.com/maps/place/Radiance+Spa+%26+Salon/data=!4m7!3m6!1s0x3be7c125313fffff:0xd5069edf8a4f0b0d!8m2!3d19.0862446!4d73.0068559!16s%2Fg%2F11twzf7h50!19sChIJ__8_MSXB5zsRDQtPit-eBtU?authuser=0&hl=ne&rclk=1
A52: Nyrah The Wellness Spa | B52: Mineral Health Center | C52: 4.5 | D52: Address: Shop No. 11, 101/102, Sector 5, Kopar Khairane, Navi Mumbai, Maharashtra 400709, India | E52: Phone: +91 99307 22455 | F52: http://www.nyrahthewellnessspa.com/ | G52: https://www.google.com/maps/place/Nyrah+The+Wellness+Spa/data=!4m7!3m6!1s0x3be7c112b86f5e73:0x528027f1f11ac572!8m2!3d19.1045377!4d73.0091877!16s%2Fg%2F11l8r5vh_l!19sChIJc15vuBLB5zsRcsUa8fEngFI?authuser=0&hl=ne&rclk=1
A53: Dimple Beauty Salon (Only For Ladies) | B53: beauty parlor | C53: 4.6 | D53: Address: Giriraj Darshan Cooperative Housing society limited, plot no 6, Sector 9 Kopar Khairane Rd, near Balaji Multiplex, Sector 9, Kopar Khairane, Navi Mumbai, Maharashtra 400709, India | E53: Phone: +91 98678 73647 | F53: https://www.instagram.com/reel/DBJuPGlyuIC/?igsh=MTV0dGx6MDczNWpleQ== | G53: https://www.google.com/maps/place/Dimple+Beauty+Salon+%28Only+For+Ladies%29/data=!4m7!3m6!1s0x3be7c0d8e1d62f39:0x5984f245f6a0a136!8m2!3d19.1003069!4d73.0094071!16s%2Fg%2F1ptw9jhl_!19sChIJOS_W4djA5zsRNqGg9kXyhFk?authuser=0&hl=ne&rclk=1
A54: theudaythakur. | B54: hairdresser | C54: 4.8 | D54: Address: Chs Ltd., SHOP NO 2 SAI SADAN, near Neurogen Hospital, Sector 40, Seawoods, Navi Mumbai, Maharashtra 400706, India | E54: Phone: +91 75062 61133 | G54: https://www.google.com/maps/place/theudaythakur./data=!4m7!3m6!1s0x3be7c34ff1aaa90f:0x4c49bde2dbb75209!8m2!3d19.0210076!4d73.0145612!16s%2Fg%2F11gr3fnkr3!19sChIJD6mq8U_D5zsRCVK32-K9SUw?authuser=0&hl=ne&rclk=1
A55: JUICE Vashi | B55: beauty parlor | C55: 4.5 | D55: Address: Shop No. G19, Ground Floor, Inorbit Mall, Plot No. 39/1, Sector 30A, Vashi, Navi Mumbai, Maharashtra 400705, India | E55: Phone: +91 86559 25014 | F55: http://www.juicesalons.com/ | G55: https://www.google.com/maps/place/JUICE+Vashi/data=!4m7!3m6!1s0x3be7c1902d05fb27:0x1e5a5c4886546f33!8m2!3d19.065709!4d73.0012309!16s%2Fg%2F1td0wyks!19sChIJJ_sFLZDB5zsRM29UhkhcWh4?authuser=0&hl=ne&rclk=1
A56: T.N.I. Hair Art | B56: barber shop | C56: 5 | D56: Address: Shop No. 268, SS III, Sector 15 Kopar Khairane Rd, Sector 15, Kopar Khairane, Navi Mumbai, Maharashtra 400709, India | E56: Phone: +91 97680 61790 | G56: https://www.google.com/maps/place/T.N.I.+Hair+Art/data=!4m7!3m6!1s0x3be7c0d72384fef1:0x573384483bcc48ae!8m2!3d19.101503!4d73.002753!16s%2Fg%2F11tfd8qlxn!19sChIJ8f6EI9fA5zsRrkjMO0iEM1c?authuser=0&hl=ne&rclk=1
A57: Mountain family salon & spa | B57: Mineral Health Center | C57: 4.9 | D57: Address: Shivam Complex, Shop No-21, Plot No, 47, Sector 19E, Vashi, Maharashtra 400703, India | E57: Phone: +91 84240 15682 | G57: https://www.google.com/maps/place/Mountain+family+salon+%26+spa/data=!4m7!3m6!1s0x3be7c14e036fed91:0x79e4948aa18b248b!8m2!3d19.0875451!4d73.0097504!16s%2Fg%2F11v0f88kng!19sChIJke1vA07B5zsRiySLoYqU5Hk?authuser=0&hl=ne&rclk=1
A58: Girls Mumbai Spa Center | B58: Spa and Health Club | C58: 5 | D58: Address: 16/1, Pawneshwar Marg, MIDC Industrial Area, Pawne, Navi Mumbai, Maharashtra 400710, India | E58: Phone: +91 70559 88801 | F58: https://girlsmumbaispacenter.com/navi-mumbai/ | G58: https://www.google.com/maps/place/Girls+Mumbai+Spa+Center/data=!4m7!3m6!1s0x3be7c10002e73ef7:0x8289b8fafa2c750c!8m2!3d19.0911952!4d73.0189268!16s%2Fg%2F11m6kytmkt!19sChIJ9z7nAgDB5zsRDHUs-vq4iYI?authuser=0&hl=ne&rclk=1
A59: Naturally Yours Salon | B59: beauty parlor | C59: 4.7 | D59: Address: Shop # 13&14, Dhara Complex, Sector 44A, Seawoods, Nerul, Navi Mumbai, Maharashtra 400706, India | E59: Phone: +91 97694 29980 | F59: http://www.natyours.in/ | G59: https://www.google.com/maps/place/Naturally+Yours+Salon/data=!4m7!3m6!1s0x3be7c3994c582ebd:0x77afa9524f857556!8m2!3d19.0116613!4d73.0119927!16s%2Fg%2F11cn9k_9vt!19sChIJvS5YTJnD5zsRVnWFT1Kpr3c?authuser=0&hl=ne&rclk=1
A60: Purple - The Family Salon | B60: beauty parlor | C60: 4.8 | D60: Address: Shop No. 21, Aashapura CHS, Plot No.03, next to Patanjali Store, Sector 16, Sanpada, Navi Mumbai, Maharashtra 400705, India | E60: Phone: +91 93206 74174 | F60: https://purplefamilysalon.in/ | G60: https://www.google.com/maps/place/Purple+-+The+Family+Salon/data=!4m7!3m6!1s0x3be7c15daaaaaa97:0x74361a35ffd55144!8m2!3d19.0606236!4d73.0042533!16s%2Fg%2F11bz_ym00q!19sChIJl6qqql3B5zsRRFHV_zUaNnQ?authuser=0&hl=ne&rclk=1
A61: Lucky stylish salon | B61: beauty parlor | C61: 4.1 | D61: Address: Sawan builder the signature office number 3, Sector 44A plot no 71 near petrol pump seawoods Nerul navimumbai, Navi Mumbai, Maharashtra 400706, India | E61: Phone: +91 75069 87828 | G61: https://www.google.com/maps/place/Lucky+stylish+salon/data=!4m7!3m6!1s0x3be7c39651b80c8d:0x180dd04e69d0a535!8m2!3d19.0132371!4d73.0128114!16s%2Fg%2F1v93zjsx!19sChIJjQy4UZbD5zsRNaXQaU7QDRg?authuser=0&hl=ne&rclk=1
A62: Crystal Spa In Vashi | B62: Mineral Health Center | C62: 4.4 | D62: Address: Ground Floor, Haware Fantasia Business Park, G-181, Plot No-47, Sector 30A, Vashi, Navi Mumbai, Maharashtra 400705, India | E62: Phone: +91 77158 21206 | F62: http://crystalspavashi.in/ | G62: https://www.google.com/maps/place/Crystal+Spa+In+Vashi/data=!4m7!3m6!1s0x3be7c14042e08d49:0x50baf08aa148f859!8m2!3d19.0649005!4d73.0020741!16s%2Fg%2F11rv1d3f8x!19sChIJSY3gQkDB5zsRWfhIoYrwulA?authuser=0&hl=ne&rclk=1
A63: 3D Salon Academy | B63: beauty parlor | C63: 4.6 | D63: Address: Shop No.3, Plot, 148, Bonkode Village Marg, Bonkode, Sector 12, Kopar Khairane, Navi Mumbai, Maharashtra 400709, India | E63: Phone: +91 73049 64010 | G63: https://www.google.com/maps/place/3D+Salon+Academy/data=!4m7!3m6!1s0x3be7c1e3a175b851:0xca150e19f27d2f8!8m2!3d19.09511!4d73.0106551!16s%2Fg%2F11lg2lltld!19sChIJUbh1oePB5zsR-NInn-FQoQw?authuser=0&hl=ne&rclk=1
A64: Unnat Spa In Vashi | B64: Massage spa | C64: 4.7 | D64: Address: 201, Bhawani Complex, Plot No 67-68 & 68A Opp Hotel Green Park, Near Dana Bander, 'M' Gali Gate, Sector 19A, Vashi, Navi Mumbai, Maharashtra 400703, India | E64: Phone: +91 75065 01737 | F64: https://unnatspa.in/ | G64: https://www.google.com/maps/place/Unnat+Spa+In+Vashi/data=!4m7!3m6!1s0x3be7c1077d8247ed:0x9bc541db40f751df!8m2!3d19.0827571!4d73.011594!16s%2Fg%2F11q4d0xjfg!19sChIJ7UeCfQfB5zsR31H3QNtBxZs?authuser=0&hl=ne&rclk=1
A65: Ace Wellness Spa - Authentic Professional Massage Spa in Vashi | B65: Massage spa | C65: 4.9 | D65: Address: A-417, 2nd Floor, Vashi Plaza, Liberty Housing Society, Sector 17, Vashi, Navi Mumbai, Maharashtra 400703, India | E65: Phone: +91 93723 63557 | F65: https://www.acefamilywellnessspa.in/ | G65: https://www.google.com/maps/place/Ace+Wellness+Spa+-+Authentic+Professional+Massage+Spa+in+Vashi/data=!4m7!3m6!1s0x3be7c10a525c5a1d:0xc2e5496bbb8a96c7!8m2!3d19.0692562!4d72.9975836!16s%2Fg%2F11tgbbr2z3!19sChIJHVpcUgrB5zsRx5aKu2tJ5cI?authuser=0&hl=ne&rclk=1
A66: DAMANDEEPS WELLNESS- Salon service in Vashi / Hair Treatments in Navi Mumbai/ Pigmentation Treatment in Navi Mumbai | B66: wellness center | C66: 4.8 | D66: Address: Mansarovar CHSL, 106-107, Ist floor, above McDonald's, Sector 17, Vashi, Navi Mumbai, Maharashtra 400703, India | E66: Phone: +91 93213 92535 | F66: https://damandeepswellness.in/ | G66: https://www.google.com/maps/place/DAMANDEEPS+WELLNESS-+Salon+service+in+Vashi+%2F+Hair+Treatments+in+Navi+Mumbai%2F+Pigmentation+Treatment+in+Navi+Mumbai/data=!4m7!3m6!1s0x3be7c12324ec83ed:0x51a89c0b5fe9168a!8m2!3d19.0721634!4d72.9986939!16s%2Fg%2F11n5bmx8mp!19sChIJ7YPsJCPB5zsRihbpXwucqFE?authuser=0&hl=ne&rclk=1
A67: Sweety Beauty Parlour (SWEETY SALON & SPA) | B67: beauty parlor | C67: 4.5 | D67: Address: shop-11, plot-56, Agraval orchid Apt. Sector-15, Koparkhairane, Navi Mumbai, Maharashtra 400709, India | E67: Phone: +91 88284 82270 | F67: https://sweety-beauty-parlour.grexa.site/ | G67: https://www.google.com/maps/place/Sweety+Beauty+Parlour+%28SWEETY+SALON+%26+SPA%29/data=!4m7!3m6!1s0x3be7c0d79b9f2db9:0xf483d672863c6e19!8m2!3d19.0994975!4d73.0041562!16s%2Fg%2F1vjdnjhx!19sChIJuS2fm9fA5zsRGW48hnLWg_Q?authuser=0&hl=ne&rclk=1
A68: Enrich Salon Sanpada Moraj Residency | B68: beauty parlor | C68: 4.8 | D68: Address: PLOT NO.- 88, Kasturi CHS Ltd, Shop No 29,Moraj Residency, Sector 16, Sanpada, Navi Mumbai, Maharashtra 400705, India | E68: Phone: +91 91523 53000 | F68: https://www.enrichbeauty.com/ | G68: https://www.google.com/maps/place/Enrich+Salon+Sanpada+Moraj+Residency/data=!4m7!3m6!1s0x3be7c177d2e0c27f:0xd5d9c9cbd295b972!8m2!3d19.0589857!4d73.0032905!16s%2Fg%2F11w7_pb981!19sChIJf8Lg0nfB5zsRcrmV0svJ2dU?authuser=0&hl=ne&rclk=1
A69: Allure Thai Spa & Wellness in Seawoods | B69: Mineral Health Center | C69: 4.7 | D69: Address: Shop no-6 , AMD 7, 1st floor Shree ram krishna CHS Plot 46/47, Jairam Tukaram Tandel Marg, Mall, opposite Nexus Seawoods, Sector 40, Nerul, Navi Mumbai, Maharashtra 400706, India | E69: Phone: +91 70214 32356 | F69: https://allurethaispa.in/spa-in-seawoods/ | G69: https://www.google.com/maps/place/Allure+Thai+Spa+%26+Wellness+in+Seawoods/data=!4m7!3m6!1s0x3be7c3f6c0fb93f7:0x826feb21ec779bcf!8m2!3d19.0207334!4d73.0172965!16s%2Fg%2F11sqd4gqdr!19sChIJ95P7wPbD5zsRz5t37CHrb4I?authuser=0&hl=ne&rclk=1
A70: AURA UNISEX SALON | Best Hair Spa, Nail Art & Semi Permanent Makeup in Navi Mumbai | B70: beauty parlor | C70: 4.3 | D70: Address: Shop 18, Sector 7, Vashi, Navi Mumbai, Maharashtra 400703, India | E70: Phone: +91 70212 18149 | F70: http://www.instagram.com/__aurasalon__ | G70: https://www.google.com/maps/place/AURA+UNISEX+SALON+%7C+Best+Hair+Spa,+Nail+Art+%26+Semi+Permanent+Makeup+in+Navi+Mumbai/data=!4m7!3m6!1s0x3be7c792739b2147:0x9ea77a4d22580f4c!8m2!3d19.0730882!4d72.9873861!16s%2Fg%2F11xsk1750m!19sChIJRyGbc5LH5zsRTA9YIk16p54?authuser=0&hl=ne&rclk=1
A71: The Black Beauty family salon & spa | B71: hairdresser | C71: 5 | D71: Address: Shop No. 07, Plot no. 02, Nerul East, Sector 29, Nerul, Navi Mumbai, Maharashtra 400706, India | E71: Phone: +91 90820 08705 | G71: https://www.google.com/maps/place/The+Black+Beauty+family+salon+%26+spa/data=!4m7!3m6!1s0x3be7c3afc62ca94d:0x1dd4fd57e2eb7132!8m2!3d19.0432193!4d73.0194393!16s%2Fg%2F11tg4n2v0v!19sChIJTaksxq_D5zsRMnHr4lf91B0?authuser=0&hl=ne&rclk=1
A72: Oceanic Spa In Vashi | B72: Mineral Health Center | C72: 4.8 | D72: Address: Shop no 164, Satra Plaza, Palm Beach Rd, APMC, Sector 19, Vashi, Navi Mumbai, Maharashtra 400703, India | E72: Phone: +91 70455 13567 | F72: http://oceanicspavashi.in/ | G72: https://www.google.com/maps/place/Oceanic+Spa+In+Vashi/data=!4m7!3m6!1s0x3be7c1d9cbf0ee0f:0xa27970adba3bb882!8m2!3d19.0829107!4d73.0063096!16s%2Fg%2F11rqy_rx92!19sChIJD-7wy9nB5zsRgrg7uq1weaI?authuser=0&hl=ne&rclk=1
A73: Natural Body Spa & Salon | B73: Mineral Health Center | C73: 4.2 | D73: Address: 3rd Floor, Plot No, 41, Palm Beach Rd, near furniture mall, Phase 2, Sector 19, Vashi, Navi Mumbai, Maharashtra 400703, India | E73: Phone: +91 95797 58945 | F73: https://naturalbodyspa.co.in/ | G73: https://www.google.com/maps/place/Natural+Body+Spa+%26+Salon/data=!4m7!3m6!1s0x3be7c1b85eb76b01:0x5be4638da8f2f4a4!8m2!3d19.0868771!4d73.0085189!16s%2Fg%2F11tgdvg496!19sChIJAWu3XrjB5zsRpPTyqI1j5Fs?authuser=0&hl=ne&rclk=1
A74: Shriyanshu Beauty Salon | B74: beauty parlor | C74: 5 | D74: Address: Shop No 36, Rajkamal market, plot-18, West, Hatole Gaothan, Sector 10, Nerul, Navi Mumbai, Maharashtra 400706, India | E74: Phone: +91 70397 40297 | F74: https://shriyanshu-beauty-salon.grexa.site/ | G74: https://www.google.com/maps/place/Shriyanshu+Beauty+Salon/data=!4m7!3m6!1s0x3be7c370ca12295b:0xbaa0465b83ff2f9a!8m2!3d19.0382918!4d73.0153804!16s%2Fg%2F11v9q1jygn!19sChIJWykSynDD5zsRmi__g1tGoLo?authuser=0&hl=ne&rclk=1
A75: Evian salon vashi | B75: hairdresser | C75: 4.8 | D75: Address: Shop No. 5, Haware Infotech Park, Beside Inorbit Mall, Sector 30A, Vashi, Navi Mumbai, Maharashtra 400703, India | E75: Phone: +91 93218 56492 | F75: http://eviansalon.in/ | G75: https://www.google.com/maps/place/Evian+salon+vashi/data=!4m7!3m6!1s0x3be7c13c0ccb42c1:0x5c1950e9ec467662!8m2!3d19.0657434!4d72.9993002!16s%2Fg%2F11l6gmpw9s!19sChIJwULLDDzB5zsRYnZG7OlQGVw?authuser=0&hl=ne&rclk=1
A76: Kutting Edge | B76: beauty parlor | C76: 4.7 | D76: Address: Shop No.9/10, Plot B-104, Sector 23, Sec23/B, Dharave Nerul, Seawoods(E, Navi Mumbai, Maharashtra 400706, India | E76: Phone: +91 88876 29878 | G76: https://www.google.com/maps/place/Kutting+Edge/data=!4m7!3m6!1s0x3be7c32f59e23e65:0x6ee90053d94571a!8m2!3d19.0238353!4d73.0196297!16s%2Fg%2F11f5m32vnj!19sChIJZT7iWS_D5zsRGleUPQWQ7gY?authuser=0&hl=ne&rclk=1
A77: Velvet salon and spa | B77: beauty parlor | C77: 5 | D77: Address: Shop no 4, Krishna Changa Naik Marg, Seawoods West, Karave Nagar, Seawoods, Navi Mumbai, Maharashtra 400706, India | G77: https://www.google.com/maps/place/Velvet+salon+and+spa/data=!4m7!3m6!1s0x3be7c300729391d1:0xe98b83423d6b9b4!8m2!3d19.0137075!4d73.0112172!16s%2Fg%2F11whwrvspk!19sChIJ0ZGTcgDD5zsRtLnWIzS4mA4?authuser=0&hl=ne&rclk=1
A78: Viola The Spa Sanpada - Vashi Spa | B78: Mineral Health Center | C78: 4.6 | D78: Address: 17th floor, G-Square Business Park, 1704, near Sanpada Railway Station Road, Sector 30A, Sanpada, Navi Mumbai, Maharashtra 400705, India | E78: Phone: +91 82918 30252 | F78: https://voilaspasanpadavashi.in/ | G78: https://www.google.com/maps/place/Viola+The+Spa+Sanpada+-+Vashi+Spa/data=!4m7!3m6!1s0x3be7c14dec7057b5:0x4c61658947a5d795!8m2!3d19.066359!4d73.0083701!16s%2Fg%2F11b6_h2r_5!19sChIJtVdw7E3B5zsRldelR4llYUw?authuser=0&hl=ne&rclk=1
A79: New Fantasy Spa | B79: Day spa | C79: 4 | D79: Address: Shop No 2 Keshav Kuni, Society, Vashi Service Road, near Reliance Smart, Sector 30, Sanpada, Navi Mumbai, Maharashtra 400705, India | E79: Phone: +91 86899 05239 | F79: http://fantasyspa.in/ | G79: https://www.google.com/maps/place/New+Fantasy+Spa/data=!4m7!3m6!1s0x3be7c1fd19c9161f:0x9532fe74266eb217!8m2!3d19.0659016!4d73.0061648!16s%2Fg%2F11sgl4l7km!19sChIJHxbJGf3B5zsRF7JuJnT-MpU?authuser=0&hl=ne&rclk=1
A80: Muktaa Wellness In Navi Mumbai | B80: Mineral Health Center | C80: 5 | D80: Address: 2nd Floor, Majestic Court Sarovar Portico, X-5/2, TTC Industrial Area, MIDC Industrial Area, Mahape, Navi Mumbai, Maharashtra 400710, India | E80: Phone: +91 72773 19319 | F80: https://muktaa.com/ | G80: https://www.google.com/maps/place/Muktaa+Wellness+In+Navi+Mumbai/data=!4m7!3m6!1s0x3be7c14c6fa84445:0xadac46a4795124f!8m2!3d19.114499!4d73.017224!16s%2Fg%2F11z7ccg48r!19sChIJRUSob0zB5zsRTxKVR2rE2go?authuser=0&hl=ne&rclk=1
A81: Tattva Wellness Spa | B81: Mineral Health Center | C81: 4.9 | D81: Address: Le-Meridien, D-33, Turbhe Midc Rd, TTC Industrial Area, MIDC Industrial Area, Turbhe, Navi Mumbai, Maharashtra 400705, India | E81: Phone: +91 99900 77116 | F81: https://tattvaspa.com/locations/day-spa-in-mumbai/tattva-wellness-spa-turbhe-midc-rd-navi-mumbai-mumbai/ | G81: https://www.google.com/maps/place/Tattva+Wellness+Spa/data=!4m7!3m6!1s0x3be7c1a71d4638cb:0xa72a1bf273720102!8m2!3d19.0631777!4d73.0275078!16s%2Fg%2F11stvbpgkg!19sChIJyzhGHafB5zsRAgFyc_IbKqc?authuser=0&hl=ne&rclk=1
A82: 7 Seas Family Salon & Spa | Best Salon in Vashi, Navi Mumbai | B82: Mineral Health Center | C82: 4.5 | D82: Address: Shop No-1/4, Sai Shran Chs, Plot No-66, Sector 29 Vashi Rd, Krushnakunj, Sector 28, Vashi, Navi Mumbai, Maharashtra 400703, India | E82: Phone: +91 70455 53444 | G82: https://www.google.com/maps/place/7+Seas+Family+Salon+%26+Spa+%7C+Best+Salon+in+Vashi,+Navi+Mumbai/data=!4m7!3m6!1s0x3be7c125b7a9da91:0x817bcc0f7d256c3d!8m2!3d19.0919559!4d73.0092054!16s%2Fg%2F11gg994nrf!19sChIJkdqptyXB5zsRPWwlfQ_Me4E?authuser=0&hl=ne&rclk=1
A83: The Spa Vashi | B83: Mineral Health Center | C83: 4.8 | D83: Address: Shop No-3, Vashi Infotech Park, Plot no-16, Sector 30A, Vashi, Navi Mumbai, Maharashtra 400705, India | E83: Phone: +91 90048 91376 | F83: http://thespavashi.in/ | G83: https://www.google.com/maps/place/The+Spa+Vashi/data=!4m7!3m6!1s0x3be7c1d2f4d4d63f:0x6c72bbeb1c39955f!8m2!3d19.0649386!4d72.9952112!16s%2Fg%2F11trwy8zfq!19sChIJP9bU9NLB5zsRX5U5HOu7cmw?authuser=0&hl=ne&rclk=1
A84: HASHTAG SALON | B84: hairdresser | C84: 4.7 | D84: Address: Store, Shop no. 8, palm beach arcade, sector 4, beside Palm Beach Road, W, Nerul, Navi Mumbai, Maharashtra 400706, India | E84: Phone: +91 98671 66667 | F84: https://www.connectto.in/hashtag-salon-nerul | G84: https://www.google.com/maps/place/HASHTAG+SALON/data=!4m7!3m6!1s0x3be7c1178090cef5:0x63f634ac22fea03!8m2!3d19.0451828!4d73.0097262!16s%2Fg%2F11fm2p6n_c!19sChIJ9c6QgBfB5zsRA-ovwkpjPwY?authuser=0&hl=ne&rclk=1
A85: Majestic Salon, Spa & Academy - Seawoods | B85: beauty parlor | C85: 4.9 | D85: Address: Shop No - 16, New Horizon CHS, Plot No - 1, 2 & 3, Sector 46, Seawoods, W, Navi Mumbai, Maharashtra 400706, India | E85: Phone: +91 89288 25487 | F85: https://www.instagram.com/majesticspasalon/ | G85: https://www.google.com/maps/place/Majestic+Salon,+Spa+%26+Academy+-+Seawoods/data=!4m7!3m6!1s0x3be7c3b6796d69f9:0xa377f99aecf1d7d4!8m2!3d19.011387!4d73.0147226!16s%2Fg%2F11gy0hrgw0!19sChIJ-WltebbD5zsR1Nfx7Jr5d6M?authuser=0&hl=ne&rclk=1
A86: Seawood Family Salon | B86: hair salon | C86: 5 | D86: Address: Shop no 68, Shelter Arcade, Plot 26, opposite D Mart, Seawoods West, Sector 42, Seawoods, Navi Mumbai, Maharashtra 400706, India | E86: Phone: +91 89281 22253 | F86: https://www.instagram.com/seawoodsfamilysalon?igsh=MWc2cm1ubHBubnA5NQ== | G86: https://www.google.com/maps/place/Seawood+Family+Salon/data=!4m7!3m6!1s0x3be7c3475e1cc7df:0xabe61df63c5b7d91!8m2!3d19.018871!4d73.015968!16s%2Fg%2F11lsq73_ks!19sChIJ38ccXkfD5zsRkX1bPPYd5qs?authuser=0&hl=ne&rclk=1
A87: Bodhi Wellness Spa & Salon | B87: Mineral Health Center | C87: 4.8 | D87: Address: Gahlot Majesty, Palm Beach Rd, Sector-46/A, Sector 46 A, Seawoods, Navi Mumbai, Maharashtra 400706, India | E87: Phone: +91 98980 18686 | F87: http://www.drbodhi.in/ | G87: https://www.google.com/maps/place/Bodhi+Wellness+Spa+%26+Salon/data=!4m7!3m6!1s0x3be7c3e8cb8bbac5:0x3bf336d93d4a9f80!8m2!3d19.010257!4d73.0122739!16s%2Fg%2F11sdbgtwk3!19sChIJxbqLy-jD5zsRgJ9KPdk28zs?authuser=0&hl=ne&rclk=1
A88: Spa Nest Ghansoli | B88: Mineral Health Center | C88: 4.3 | D88: Address: Plot No 14, Sector 08, 2nd Floor, Niru Commercial, Beside Niru CNG Fuel Station, near Mahavir Heights D-Mart, Ghansoli, Navi Mumbai, Maharashtra 400701, India | E88: Phone: +91 75063 59405 | F88: http://spanestghansoli.in/ | G88: https://www.google.com/maps/place/Spa+Nest+Ghansoli/data=!4m7!3m6!1s0x3be7c18efa9c7c7b:0xe04ba5fddd060201!8m2!3d19.1216561!4d72.9989825!16s%2Fg%2F11khz2dsb2!19sChIJe3yc-o7B5zsRAQIG3f2lS-A?authuser=0&hl=ne&rclk=1
A89: Myo Thai Spa | B89: Mineral Health Center | C89: 4.3 | D89: Address: S-35, Seawoods Station Rd, Nerul East, Sector 28, Nerul, Navi Mumbai, Maharashtra 400706, India | E89: Phone: +91 79001 96666 | F89: http://www.myothaispa.com/ | G89: https://www.google.com/maps/place/Myo+Thai+Spa/data=!4m7!3m6!1s0x3be7c14ef7fcbded:0x2adc03f4ef9c79cf!8m2!3d19.0214045!4d73.0189541!16s%2Fg%2F1q6j0j74s!19sChIJ7b38907B5zsRz3mc7_QD3Co?authuser=0&hl=ne&rclk=1
A90: ICONIC THAI SPA | B90: Mineral Health Center | C90: 4.6 | D90: ठेगाना: 101 1st Floor Plot No 1, Nivasti, Full Stop Mall, Services Road, Palm Beach Rd, Palm Beach, Sanpada, Navi Mumbai, Maharashtra 400705, भारत | E90: Phone: +91 85910 57535 | F90: http://www.iconicthaispa.in/ | G90: https://www.google.com/maps/place/ICONIC+THAI+SPA/data=!4m7!3m6!1s0x3be7c1934024f4b9:0xc3d23c9b3de13495!8m2!3d19.0539869!4d73.0063786!16s%2Fg%2F11f6g5f2z0!19sChIJufQkQJPB5zsRlTThPZs80sM?authuser=0&hl=ne&rclk=1
A91: Colour Spa and Hammam | B91: Mineral Health Center | C91: 4.7 | D91: Address: Shop No. 2, Prajapati Gaurav, Plot No.03, behind Siemens Building, Sector - 02, Kharghar, Navi Mumbai, Panvel, Maharashtra 410210, India | E91: Phone: +91 73888 87976 | F91: https://colourspaandhammamkolkata.com/ | G91: https://www.google.com/maps/place/Colour+Spa+and+Hammam/data=!4m7!3m6!1s0x3be7c37c348dd427:0x752439888ab16c3!8m2!3d19.0288626!4d73.0629636!16s%2Fg%2F11tj6jwvr6!19sChIJJ9SNNHzD5zsRwxariJhDUgc?authuser=0&hl=ne&rclk=1
A92: Kapils Salon | B92: beauty parlor | C92: 4.7 | D92: Address: 2nd floor, Inorbit Mall, S-35, near Vashi Railway Station, Sector 30, Vashi, Navi Mumbai, Maharashtra 400703, India | E92: Phone: +91 99301 51149 | F92: https://www.kapilssalon.com/ | G92: https://www.google.com/maps/place/Kapils+Salon/data=!4m7!3m6!1s0x3be7e83fb7928e5b:0x64f7880549863567!8m2!3d19.0658117!4d73.0009483!16s%2Fg%2F12630hjnb!19sChIJW46Stz_o5zsRZzWGSQWI92Q?authuser=0&hl=ne&rclk=1
A93: Shriya's Beauty salon spa & accadmy | Beauty Salon in Kopar Khairane | B93: beauty parlor | C93: 4.9 | D93: Address: Shop No. 1, Namdev Smruti, near Ganpati Visarjan Talav, Plot no. 249, Sector 19, Kopar Khairane, Navi Mumbai, Maharashtra 400709, India | E93: Phone: +91 92211 39848 | G93: https://www.google.com/maps/place/Shriya%27s+Beauty+salon+spa+%26+accadmy+%7C+Beauty+Salon+in+Kopar+Khairane/data=!4m7!3m6!1s0x3be7c1a51f03a48d:0xbb1cf1166926c780!8m2!3d19.1077789!4d72.9974027!16s%2Fg%2F11sf017ckd!19sChIJjaQDH6XB5zsRgMcmaRbxHLs?authuser=0&hl=ne&rclk=1
A94: Looks family salon and spa Near Vashi - Kopar Khairane | B94: Massage spa | C94: 5 | D94: Address: 1st Floor, Ganesh Niketan Building, above Mahadev medical, Juhu Nagar, Juhu Village, Sector 11, Vashi, Navi Mumbai, Maharashtra 400703, India | E94: Phone: +91 85911 98021 | G94: https://www.google.com/maps/place/Looks+family+salon+and+spa+Near+Vashi+-+Kopar+Khairane/data=!4m7!3m6!1s0x3be7c13775fa49ed:0x3dbdc7d642453c7f!8m2!3d19.0861289!4d73.0025524!16s%2Fg%2F11rylldmdp!19sChIJ7Un6dTfB5zsRfzxFQtbHvT0?authuser=0&hl=ne&rclk=1
A95: Looks Unisex Salon | B95: beauty parlor | C95: 4.9 | D95: ठेगाना: Shop no 1, plot no 220/221, opposite of Meredian Appt, Sector 6, Nerul, Navi Mumbai, Maharashtra 400706, भारत | E95: Phone: +91 91610 93736 | G95: https://www.google.com/maps/place/Looks+Unisex+Salon/data=!4m7!3m6!1s0x3be7c3e5e6f29de9:0xe80cf0018096773c!8m2!3d19.0412861!4d73.0096689!16s%2Fg%2F11tjdq_8jj!19sChIJ6Z3y5uXD5zsRPHeWgAHwDOg?authuser=0&hl=ne&rclk=1
A96: Unicorn Spa In Vashi | B96: Mineral Health Center | C96: 4.6 | D96: Address: Shop No. 165, Satra Plaza, Palm Beach Rd, APMC, Phase 2, Sector 19, Vashi, Navi Mumbai, Maharashtra 400703, India | E96: Phone: +91 70452 11036 | F96: https://unicornspavashi.in/ | G96: https://www.google.com/maps/place/Unicorn+Spa+In+Vashi/data=!4m7!3m6!1s0x3be7c32e0a082bcf:0xc9089489829b281b!8m2!3d19.0829125!4d73.0063349!16s%2Fg%2F11v6swhfyr!19sChIJzysICi7D5zsRGyibgomUCMk?authuser=0&hl=ne&rclk=1
A97: Essenzaa Unisex Salon N Spa | B97: beauty parlor | C97: 4.2 | D97: Address: Sec14, Bhumiraj Retreat CHS, Sector 14, Sanpada, Shop No 6/7, Palm Beach, Navi, Mumbai, Maharashtra 400705, India | G97: https://www.google.com/maps/place/Essenzaa+Unisex+Salon+N+Spa/data=!4m7!3m6!1s0x3be7c1504f720ca3:0xded8959f4c977956!8m2!3d19.0605109!4d73.0028168!16s%2Fg%2F11srv87bzm!19sChIJowxyT1DB5zsRVnmXTJ-V2N4?authuser=0&hl=ne&rclk=1
A98: Soul Unisex Salon And Spa | B98: Day spa | C98: 4.2 | D98: Address: Shop No. 01, Ground, Building, Platinum Venecia, Nerul East, Sector 29, Nerul, Navi Mumbai, Maharashtra 400706, India | E98: Phone: +91 99303 98010 | G98: https://www.google.com/maps/place/Soul+Unisex+Salon+And+Spa/data=!4m7!3m6!1s0x3be7c3ed43d0a0df:0xdcb11653c70acbf!8m2!3d19.0368888!4d73.0189028!16s%2Fg%2F11pys931kg!19sChIJ36DQQ-3D5zsRv6xwPGURyw0?authuser=0&hl=ne&rclk=1
A99: LookWell Salon - Kopar Khairane | B99: beauty parlor | C99: 4.8 | D99: Address: Shop No.7 & 8, Satyam Tower 2, Sector 20, Kopar Khairane, Navi Mumbai, Maharashtra 400709, India | E99: Phone: +91 90823 63473 | F99: http://www.lookwellsalon.com/ | G99: https://www.google.com/maps/place/LookWell+Salon+-+Kopar+Khairane/data=!4m7!3m6!1s0x3be7c11d80141fab:0x1608e6e4bb7cfb4e!8m2!3d19.1099679!4d73.001277!16s%2Fg%2F11ty7bcxn5!19sChIJqx8UgB3B5zsRTvt8u-TmCBY?authuser=0&hl=ne&rclk=1
A100: Viva Spa In Vashi | B100: Mineral Health Center | C100: 4.7 | D100: Address: 64/2, Sector 29 Vashi Rd, opp. ATF Gym, near Blue Diamond Hotel, Sector 28, Vashi, Navi Mumbai, Maharashtra 400703, India | E100: Phone: +91 98923 02930 | F100: http://vivaspavashi.in/ | G100: https://www.google.com/maps/place/Viva+Spa+In+Vashi/data=!4m7!3m6!1s0x3be7c1f73584a487:0x95511758fb448e81!8m2!3d19.0898853!4d73.0068414!16s%2Fg%2F11t6vzb5gh!19sChIJh6SENffB5zsRgY5E-1gXUZU?authuser=0&hl=ne&rclk=1
...

Sheet Navi Leads
A1: Collected and prepared by AkishaBhujel@gmail.com
A3: Name | B3: Industry | C3: Rating | D3: Contact | E3: Location | F3: Website | G3: Quality
A4: 3D Salon Academy | B4: beauty parlor | C4: 4.6 | D4: =SUBSTITUTE(Raw!E63,"Phone:","") -> +91 73049 64010 | E4: =HYPERLINK(Raw!G63,"Open Maps") -> Open Maps | F4: Not Available | G4: Not Available
A5: 7 Seas Family Salon & Spa | Best Salon in Vashi, Navi Mumbai | B5: Mineral Health Center | C5: 4.5 | D5: =SUBSTITUTE(Raw!E82,"Phone:","") -> +91 70455 53444 | E5: =HYPERLINK(Raw!G82,"Open Maps") -> Open Maps | F5: Not Available | G5: Not Available
A6: Ace Wellness Spa - Authentic Professional Massage Spa in Vashi | B6: Massage spa | C6: 4.9 | D6: =SUBSTITUTE(Raw!E65,"Phone:","") -> +91 93723 63557 | E6: =HYPERLINK(Raw!G65,"Open Maps") -> Open Maps | F6: Ace Wellness Spa | G6: Good
A7: Allure Thai Spa & Wellness in Seawoods | B7: Mineral Health Center | C7: 4.7 | D7: =SUBSTITUTE(Raw!E69,"Phone:","") -> +91 70214 32356 | E7: =HYPERLINK(Raw!G69,"Open Maps") -> Open Maps | F7: Spa In Seawoods | Massage In Nerul | Spas In Navi Mumbai | G7: Okey
A8: Anagha's Salon & Academy | B8: beauty parlor | C8: 4.8 | D8: =SUBSTITUTE(Raw!E27,"Phone:","") -> +91 96198 23636 | E8: =HYPERLINK(Raw!G27,"Open Maps") -> Open Maps | F8: Anagha’s Salon | G8: To much is happening, website
A9: Arc Luxury Body Spa | B9: Mineral Health Center | C9: 4.8 | D9: =SUBSTITUTE(Raw!E111,"Phone:","") -> +91 76669 85184 | E9: =HYPERLINK(Raw!G103,"Open Maps") -> Open Maps | F9: Not Available | G9: Not Available
A10: Arth Thai Spa Palm Beach Rd | B10: Mineral Health Center | C10: 4.6 | D10: =SUBSTITUTE(Raw!E40,"Phone:","") -> +91 85910 78771 | E10: =HYPERLINK(Raw!G40,"Open Maps") -> Open Maps | F10: Arth Thai spa Sanpada | G10: Need better UI, website
A11: Aspire Beauty Day Spa | B11: Massage spa | C11: 4.4 | D11: =SUBSTITUTE(Raw!E10,"Phone:","") -> +91 70451 04497 | E11: =HYPERLINK(Raw!G10,"Open Maps") -> Open Maps | F11: http://www.avanabeautydayspa.com/ | G11: Not available
A12: Athenian Salon Ghatkopper Mumbai - Salon & Academy Ghatkopar East Mumbai Maharashtra | B12: beauty parlor | C12: 4.9 | D12: =SUBSTITUTE(Raw!E121,"Phone:","") -> +91 93210 16619 | E12: =HYPERLINK(Raw!G113,"Open Maps") -> Open Maps | F12: Athenian Salon Mumbai | G12: Color is bad, website
A13: AURA UNISEX SALON | Best Hair Spa, Nail Art & Semi Permanent Makeup in Navi Mumbai | B13: beauty parlor | C13: 4.3 | D13: =SUBSTITUTE(Raw!E70,"Phone:","") -> +91 70212 18149 | E13: =HYPERLINK(Raw!G70,"Open Maps") -> Open Maps | F13: aurasalon | G13: To much AI, need better Digital Marketing
A14: Avantara Spa In Vashi | B14: Mineral Health Center | C14: 4.5 | D14: =SUBSTITUTE(Raw!E8,"Phone:","") -> +91 91378 54464 | E14: =HYPERLINK(Raw!G8,"Open Maps") -> Open Maps | F14: Avantara Spa Vashi | G14: Okey
A15: Avenue Spa | B15: massage spa | C15: 4.4 | D15: =SUBSTITUTE(Raw!E118,"Phone:","") -> +91 22 2770 0160 | E15: =HYPERLINK(Raw!G110,"Open Maps") -> Open Maps | F15: http://avenuespa.in/ | G15: Not available
A16: B Blush On | B16: make-up artist | C16: 4.9 | D16: =SUBSTITUTE(Raw!E7,"Phone:","") -> +91 91369 45572 | E16: =HYPERLINK(Raw!G7,"Open Maps") -> Open Maps | F16: B BLUSH ON BRIDAL MAKEUP | G16: Slow, website
A17: B'DESI THE SPA | B17: Mineral Health Center | C17: 4.9 | D17: =SUBSTITUTE(Raw!E120,"Phone:","") -> +91 96073 15335 | E17: =HYPERLINK(Raw!G112,"Open Maps") -> Open Maps | F17: B'Desi The Spa | G17: Good
A18: Beauty Queen, Ladies Beauty Salon & Spa | B18: beauty parlor | C18: 4.9 | D18: =SUBSTITUTE(Raw!E4,"Phone:","") -> +91 82915 23552 | E18: =HYPERLINK(Raw!G4,"Open Maps") -> Open Maps | F18: Not Available | G18: Not Available
A19: Blue Diamond Spa and Salon | B19: Mineral Health Center | C19: 4.3 | D19: =SUBSTITUTE(Raw!E48,"Phone:","") -> +91 89299 34855 | E19: =HYPERLINK(Raw!G48,"Open Maps") -> Open Maps | F19: Blue Diamond Spa | G19: Good
A20: Blue Tara Spa & Salon | B20: Massage spa | C20: 5 | D20: =SUBSTITUTE(Raw!E19,"Phone:","") -> +91 91363 34115 | E20: =HYPERLINK(Raw!G19,"Open Maps") -> Open Maps | F20: Blue Tara Spa | G20: Good
A21: Bodhi Wellness Spa & Salon | B21: Mineral Health Center | C21: 4.8 | D21: =SUBSTITUTE(Raw!E87,"Phone:","") -> +91 98980 18686 | E21: =HYPERLINK(Raw!G87,"Open Maps") -> Open Maps | F21: Bodhi Wellness | G21: To much happening, website
A22: Colors Spa And Salon | B22: Massage spa | C22: 5 | D22: =SUBSTITUTE(Raw!E28,"Phone:","") -> +91 83699 24908 | E22: =HYPERLINK(Raw!G28,"Open Maps") -> Open Maps | F22: Not Available | G22: Not Available
A23: Colour Spa and Hammam | B23: Mineral Health Center | C23: 4.7 | D23: =SUBSTITUTE(Raw!E91,"Phone:","") -> +91 73888 87976 | E23: =HYPERLINK(Raw!G91,"Open Maps") -> Open Maps | F23: Colour Spa And Hammam | G23: Average
A24: Colours Family Salon | B24: Mineral Health Center | C24: 5 | D24: =SUBSTITUTE(Raw!E47,"Phone:","") -> +91 75061 19512 | E24: =HYPERLINK(Raw!G47,"Open Maps") -> Open Maps | F24: Not Available | G24: Not Available
A25: Crystal Spa In Vashi | B25: Mineral Health Center | C25: 4.4 | D25: =SUBSTITUTE(Raw!E62,"Phone:","") -> +91 77158 21206 | E25: =HYPERLINK(Raw!G62,"Open Maps") -> Open Maps | F25: Crystal Spa & Massage Vashi | G25: Idk, website
A26: D.S SPA AND FAMILY SALOON | B26: Mineral Health Center | C26: 4.1 | D26: =SUBSTITUTE(Raw!E119,"Phone:","") -> +91 98925 73005 | E26: =HYPERLINK(Raw!G111,"Open Maps") -> Open Maps | F26: Not Available | G26: Not Available
A27: DAMANDEEPS WELLNESS- Salon service in Vashi / Hair Treatments in Navi Mumbai/ Pigmentation Treatment in Navi Mumbai | B27: wellness center | C27: 4.8 | D27: =SUBSTITUTE(Raw!E66,"Phone:","") -> +91 93213 92535 | E27: =HYPERLINK(Raw!G66,"Open Maps") -> Open Maps | F27: https://damandeepswellness.in/ | G27: Not available
A28: Dhruva Spa & Saloon | B28: Mineral Health Center | C28: 4.5 | D28: =SUBSTITUTE(Raw!E12,"Phone:","") -> +91 97698 60170 | E28: =HYPERLINK(Raw!G12,"Open Maps") -> Open Maps | F28: https://dhruvaspa.com/ | G28: Not available
A29: Dimple Beauty Salon (Only For Ladies) | B29: beauty parlor | C29: 4.6 | D29: =SUBSTITUTE(Raw!E53,"Phone:","") -> +91 98678 73647 | E29: =HYPERLINK(Raw!G53,"Open Maps") -> Open Maps | F29: Dimple beauty salon 17th anniversary 🎉🥳 #dimplebeautysalonkoparkhairane | G29: Looks good
A30: Doxa Salon | B30: hairdresser | C30: 4.9 | D30: =SUBSTITUTE(Raw!E33,"Phone:","") -> +91 85917 32960 | E30: =HYPERLINK(Raw!G33,"Open Maps") -> Open Maps | F30: Doxa Salon | G30: Basic, Website
A31: Elegance Hair & Beauty Salon | Hair & Beauty Studio | Nerul, Navi Mumbai | B31: beauty parlor | C31: 4.7 | D31: =SUBSTITUTE(Raw!E25,"Phone:","") -> +91 88799 41107 | E31: =HYPERLINK(Raw!G25,"Open Maps") -> Open Maps | F31: https://www.instagram.com/invites/contact/?igsh=13vik18hoh4o9&utm_content=1go0qx1 | G31: Not available
A32: Enrich Salon Sanpada Moraj Residency | B32: beauty parlor | C32: 4.8 | D32: =SUBSTITUTE(Raw!E68,"Phone:","") -> +91 91523 53000 | E32: =HYPERLINK(Raw!G68,"Open Maps") -> Open Maps | F32: Enrich Beauty | G32: Good
A33: Enrich Salon Seawoods - Navi Mumbai | B33: beauty parlor | C33: 4.6 | D33: =SUBSTITUTE(Raw!E43,"Phone:","") -> +91 91672 30097 | E33: =HYPERLINK(Raw!G43,"Open Maps") -> Open Maps | F33: Enrich Beauty | G33: Good
A34: Enrich Salon Vashi Sector 17 | B34: beauty parlor | C34: 4.5 | D34: =SUBSTITUTE(Raw!E39,"Phone:","") -> +91 91672 58614 | E34: =HYPERLINK(Raw!G39,"Open Maps") -> Open Maps | F34: Enrich Beauty | G34: Good
A35: Envi Salon & Spa - Inorbit Mall, Vashi | B35: hairdresser | C35: 4.6 | D35: =SUBSTITUTE(Raw!E42,"Phone:","") -> +91 80 6927 0009 | E35: =HYPERLINK(Raw!G42,"Open Maps") -> Open Maps | F35: Envi Salon And Spa | Premium Salon Services In Vashi, Navi Mumbai | G35: Bad, Website
A36: Envi Salon & Spa - Nexus Seawoods Mall | B36: hairdresser | C36: 4.6 | D36: =SUBSTITUTE(Raw!E117,"Phone:","") -> +91 80 6927 0008 | E36: =HYPERLINK(Raw!G109,"Open Maps") -> Open Maps | F36: Envi Salon And Spa | Premium Salon Services In Nerul, Navi Mumbai | G36: Bad, Website
A37: Evian salon vashi | B37: hairdresser | C37: 4.8 | D37: =SUBSTITUTE(Raw!E75,"Phone:","") -> +91 93218 56492 | E37: =HYPERLINK(Raw!G75,"Open Maps") -> Open Maps | F37: http://eviansalon.in/ | G37: Not available
A38: Gingerlin nx | B38: beauty parlor | C38: 4.9 | D38: =SUBSTITUTE(Raw!E26,"Phone:","") -> +91 98202 92472 | E38: =HYPERLINK(Raw!G26,"Open Maps") -> Open Maps | F38: Gingerlin NX Unisex Salon in Seawoods Nerul for Hair, Skin, Beauty | G38: Not user friendly, Website
A39: Girls Mumbai Spa Center | B39: Spa and Health Club | C39: 5 | D39: =SUBSTITUTE(Raw!E58,"Phone:","") -> +91 70559 88801 | E39: =HYPERLINK(Raw!G58,"Open Maps") -> Open Maps | F39: Navi Mumbai – Best Spa In Mumbai | G39: Nav bars are huge, Website
A40: Glam Studio by pramila | B40: beauty parlor | C40: 4.7 | D40: =SUBSTITUTE(Raw!E23,"Phone:","") -> +91 22 7966 4028 | E40: =HYPERLINK(Raw!G23,"Open Maps") -> Open Maps | F40: Glam studio by pramila | Skin | Hair | Nail | Makeup | Academy (@glam_studio_by_pramila) • Instagram photos and videos | G40: Not good, Digital Marketing
A41: Glamour Zone Studio (Ladies Salon) | B41: beauty parlor | C41: 4.8 | D41: =SUBSTITUTE(Raw!E15,"Phone:","") -> +91 90827 97847 | E41: =HYPERLINK(Raw!G15,"Open Maps") -> Open Maps | F41: 𝗚𝗹𝗮𝗺𝗼𝘂𝗿 𝗭𝗼𝗻𝗲 (@glamourzonestudio) • Instagram photos and videos | G41: Needs to be genzified, Digital Market
A42: Guns & Crowns Family Salon in Ghansoli | Nail Salon | Spa | B42: beauty parlor | C42: 4.8 | D42: =SUBSTITUTE(Raw!E102,"Phone:","") -> +91 80972 00564 | E42: =HYPERLINK(Raw!G102,"Open Maps") -> Open Maps | F42: Guns & Crowns Hair, Skin and Nail Salon (@guns.and.crowns) • Instagram photos and videos | G42: Has personality
A43: H&S Salon | B43: beauty parlor | C43: 4.8 | D43: =SUBSTITUTE(Raw!E14,"Phone:","") -> +91 91677 79514 | E43: =HYPERLINK(Raw!G14,"Open Maps") -> Open Maps | F43: H & S_Salon (@salonhns) · Nerul | G43: Not available
A44: HASHTAG SALON | B44: hairdresser | C44: 4.7 | D44: =SUBSTITUTE(Raw!E84,"Phone:","") -> +91 98671 66667 | E44: =HYPERLINK(Raw!G84,"Open Maps") -> Open Maps | F44: Unisex Salon in Nerul Navi Mumbai | Hashtag | Near Palm Beach Road | G44: Okey
A45: ICONIC THAI SPA | B45: Mineral Health Center | C45: 4.6 | D45: =SUBSTITUTE(Raw!E90,"Phone:","") -> +91 85910 57535 | E45: =HYPERLINK(Raw!G90,"Open Maps") -> Open Maps | F45: Iconic Thai Spa & Massage Sanpada | G45: Good
A46: JUICE Vashi | B46: beauty parlor | C46: 4.5 | D46: =SUBSTITUTE(Raw!E55,"Phone:","") -> +91 86559 25014 | E46: =HYPERLINK(Raw!G55,"Open Maps") -> Open Maps | F46: Juice Salons | G46: Good
A47: Kaizo Salon - Hair , Nails , Skin & Hair Extensions | B47: beauty parlor | C47: 4.4 | D47: =SUBSTITUTE(Raw!E13,"Phone:","") -> +91 80807 94449 | E47: =HYPERLINK(Raw!G13,"Open Maps") -> Open Maps | F47: Not Available | G47: Not Available
A48: Kapils Salon | B48: beauty parlor | C48: 4.7 | D48: =SUBSTITUTE(Raw!E92,"Phone:","") -> +91 99301 51149 | E48: =HYPERLINK(Raw!G92,"Open Maps") -> Open Maps | F48: Kapils Salon | G48: Okey
A49: KB's Spa And Salon | B49: Mineral Health Center | C49: 4.4 | D49: =SUBSTITUTE(Raw!E16,"Phone:","") -> +91 93215 51333 | E49: =HYPERLINK(Raw!G16,"Open Maps") -> Open Maps | F49: Not Available | G49: Not Available
A50: Kutting Edge | B50: beauty parlor | C50: 4.7 | D50: =SUBSTITUTE(Raw!E76,"Phone:","") -> +91 88876 29878 | E50: =HYPERLINK(Raw!G76,"Open Maps") -> Open Maps | F50: Not Available | G50: Not Available
A51: Lakme Salon For Him and Her in Koparkhairane,Navi Mumbai | B51: beauty parlor | C51: 4.8 | D51: =SUBSTITUTE(Raw!E113,"Phone:","") -> +91 82917 07263 | E51: =HYPERLINK(Raw!G105,"Open Maps") -> Open Maps | F51: Lakme Salon | G51: Okey
A52: Lakme Salon For Him and Her in Sec 46,Seawoods,Navi Mumbai | B52: beauty parlor | C52: 4.6 | D52: =SUBSTITUTE(Raw!E45,"Phone:","") -> +91 98589 46946 | E52: =HYPERLINK(Raw!G45,"Open Maps") -> Open Maps | F52: Lakme Salon For Him and Her in Sec 46,Seawoods,Navi Mumbai, Sector 46A | G52: Okey
A53: Lakme Salon For Him and Her in Vashi,Sec 9,Navi Mumbai | B53: beauty parlor | C53: 4.6 | D53: =SUBSTITUTE(Raw!E50,"Phone:","") -> +91 70390 02550 | E53: =HYPERLINK(Raw!G50,"Open Maps") -> Open Maps | F53: Lakme Salon For Him and Her in Vashi,Sec 9,Navi Mumbai | G53: OKey
A54: Looks family salon and spa Near Vashi - Kopar Khairane | B54: Massage spa | C54: 5 | D54: =SUBSTITUTE(Raw!E94,"Phone:","") -> +91 85911 98021 | E54: =HYPERLINK(Raw!G94,"Open Maps") -> Open Maps | F54: Not Available | G54: Not Available
A55: Looks Salon, Seawoods, Navi Mumbai | B55: hair salon | C55: 4.7 | D55: =SUBSTITUTE(Raw!E21,"Phone:","") -> +91 98998 81774 | E55: =HYPERLINK(Raw!G21,"Open Maps") -> Open Maps | F55: Looks Salon | G55: Looks cluster, Website
A56: Looks Unisex Salon | B56: beauty parlor | C56: 4.9 | D56: =SUBSTITUTE(Raw!E95,"Phone:","") -> +91 91610 93736 | E56: =HYPERLINK(Raw!G95,"Open Maps") -> Open Maps | F56: Not Available | G56: Not Available
A57: LookWell Salon - Kopar Khairane | B57: beauty parlor | C57: 4.8 | D57: =SUBSTITUTE(Raw!E99,"Phone:","") -> +91 90823 63473 | E57: =HYPERLINK(Raw!G99,"Open Maps") -> Open Maps | F57: LookWell Salon | G57: Looks cluster, Website
A58: Lucky stylish salon | B58: beauty parlor | C58: 4.1 | D58: =SUBSTITUTE(Raw!E61,"Phone:","") -> +91 75069 87828 | E58: =HYPERLINK(Raw!G61,"Open Maps") -> Open Maps | F58: Not Available | G58: Not Available
A59: Magic touch spa | B59: Massage spa | C59: 4 | D59: =SUBSTITUTE(Raw!E115,"Phone:","") -> +91 88503 15765 | E59: =HYPERLINK(Raw!G107,"Open Maps") -> Open Maps | F59: Not Available | G59: Not Available
A60: Majestic Salon, Spa & Academy - Seawoods | B60: beauty parlor | C60: 4.9 | D60: =SUBSTITUTE(Raw!E85,"Phone:","") -> +91 89288 25487 | E60: =HYPERLINK(Raw!G85,"Open Maps") -> Open Maps | F60: Majestic Spa & Salon (@majesticspasalon) • Instagram photos and videos | G60: Could get some help, Website
A61: Mountain family salon & spa | B61: Mineral Health Center | C61: 4.9 | D61: =SUBSTITUTE(Raw!E57,"Phone:","") -> +91 84240 15682 | E61: =HYPERLINK(Raw!G57,"Open Maps") -> Open Maps | F61: Not Available | G61: Not Available
A62: Mrunal Beauty Studio | B62: beauty parlor | C62: 4.9 | D62: =SUBSTITUTE(Raw!E112,"Phone:","") -> +91 92241 45455 | E62: =HYPERLINK(Raw!G104,"Open Maps") -> Open Maps | F62: https://www.instagram.com/invites/contact/?igsh=1hj22awybrd3s&utm_content=3rypcr8 | G62: Not available
A63: Muktaa Wellness In Navi Mumbai | B63: Mineral Health Center | C63: 5 | D63: =SUBSTITUTE(Raw!E80,"Phone:","") -> +91 72773 19319 | E63: =HYPERLINK(Raw!G80,"Open Maps") -> Open Maps | F63: Muktaa Wellness | G63: Average
A64: Myo Thai Spa | B64: Mineral Health Center | C64: 4.3 | D64: =SUBSTITUTE(Raw!E89,"Phone:","") -> +91 79001 96666 | E64: =HYPERLINK(Raw!G89,"Open Maps") -> Open Maps | F64: Myo Thai Spa | G64: Okey
A65: Nailiies .....The Nail Spa | B65: Nail Parlour | C65: 4.8 | D65: =SUBSTITUTE(Raw!E123,"Phone:","") -> +91 79777 82066 | E65: =HYPERLINK(Raw!G115,"Open Maps") -> Open Maps | F65: Not Available | G65: Not Available
A66: Namaste Wellness Spa | B66: Mineral Health Center | C66: 4.2 | D66: +91 9152422132 | E66: =HYPERLINK(Raw!G41,"Open Maps") -> Open Maps | F66: Namste Spa and Massage Belapur | G66: Could get some help, Website
A67: Namastey Wellness Spa | B67: Day spa | C67: 5 | D67: =SUBSTITUTE(Raw!E49,"Phone:","") -> +91 78888 03332 | E67: =HYPERLINK(Raw!G49,"Open Maps") -> Open Maps | F67: https://namasteywellnessspa.com/ | G67: Not available
A68: Natural Body Spa & Salon | B68: Mineral Health Center | C68: 4.2 | D68: =SUBSTITUTE(Raw!E73,"Phone:","") -> +91 95797 58945 | E68: =HYPERLINK(Raw!G73,"Open Maps") -> Open Maps | F68: https://naturalbodyspa.co.in/ | G68: Not available
A69: Naturally Yours Salon | B69: beauty parlor | C69: 4.7 | D69: =SUBSTITUTE(Raw!E59,"Phone:","") -> +91 97694 29980 | E69: =HYPERLINK(Raw!G59,"Open Maps") -> Open Maps | F69: Naturally Yours | G69: Average
A70: New Fantasy Spa | B70: Day spa | C70: 4 | D70: =SUBSTITUTE(Raw!E79,"Phone:","") -> +91 86899 05239 | E70: =HYPERLINK(Raw!G79,"Open Maps") -> Open Maps | F70: New Fantasy Spa Sanpada | G70: Average
A71: NEXA UNISEX SALON VASHI | B71: beauty parlor | C71: 4.9 | D71: =SUBSTITUTE(Raw!E2,"Phone:","") -> +91 89890 20251 | E71: =HYPERLINK(Raw!G2,"Open Maps") -> Open Maps | F71: Not Available | G71: Not Available
A72: Nikhar Beauty Salon Makeup Studio & Academy | B72: beauty parlor | C72: 4.9 | D72: =SUBSTITUTE(Raw!E11,"Phone:","") -> +91 73031 50296 | E72: =HYPERLINK(Raw!G11,"Open Maps") -> Open Maps | F72: Not Available | G72: Not Available
A73: Nyrah The Wellness Spa | B73: Mineral Health Center | C73: 4.5 | D73: =SUBSTITUTE(Raw!E52,"Phone:","") -> +91 99307 22455 | E73: =HYPERLINK(Raw!G52,"Open Maps") -> Open Maps | F73: http://www.nyrahthewellnessspa.com/ | G73: Not available
A74: Oceanic Spa In Vashi | B74: Mineral Health Center | C74: 4.8 | D74: =SUBSTITUTE(Raw!E72,"Phone:","") -> +91 70455 13567 | E74: =HYPERLINK(Raw!G72,"Open Maps") -> Open Maps | F74: Oceanic Spa Vashi Navi Mumbai | G74: Bad UI, Website
A75: Peacock Salon | Hair, Nail & Beauty Salon in Navi Mumbai | B75: beauty parlor | C75: 4.6 | D75: =SUBSTITUTE(Raw!E24,"Phone:","") -> +91 93247 74567 | E75: =HYPERLINK(Raw!G24,"Open Maps") -> Open Maps | F75: https://peacocksalon.in/ | G75: Not available
A76: PP Family Salon & Spa | B76: Mineral Health Center | C76: 5 | D76: =SUBSTITUTE(Raw!E34,"Phone:","") -> +91 83697 49392 | E76: =HYPERLINK(Raw!G34,"Open Maps") -> Open Maps | F76: https://ppfamilysalonandspa.in/ | G76: Not available
A77: PUNAM BEUTY SALON SPA | B77: hair salon | C77: 4.5 | D77: =SUBSTITUTE(Raw!E6,"Phone:","") -> +91 77099 72518 | E77: =HYPERLINK(Raw!G6,"Open Maps") -> Open Maps | F77: Not Available | G77: Not Available
A78: Purple - The Family Salon | B78: beauty parlor | C78: 4.8 | D78: =SUBSTITUTE(Raw!E60,"Phone:","") -> +91 93206 74174 | E78: =HYPERLINK(Raw!G60,"Open Maps") -> Open Maps | F78: https://purplefamilysalon.in/ | G78: Not available
A79: Radiance Spa & Salon | B79: Mineral Health Center | C79: 4.3 | D79: =SUBSTITUTE(Raw!E51,"Phone:","") -> +91 70457 74997 | E79: =HYPERLINK(Raw!G51,"Open Maps") -> Open Maps | F79: Not Available | G79: Not Available
A80: Raybence Spa Nerul | B80: Mineral Health Center | C80: 4.4 | D80: =SUBSTITUTE(Raw!E35,"Phone:","") -> +91 98201 50592 | E80: =HYPERLINK(Raw!G35,"Open Maps") -> Open Maps | F80: Raybence Spa and Massage Nerul | G80: Okey color is bad, website
A81: ROSE HAIR & BEAUTY SALON | B81: Esthetics service | C81: 4.8 | D81: =SUBSTITUTE(Raw!E18,"Phone:","") -> +91 99300 65947 | E81: =HYPERLINK(Raw!G18,"Open Maps") -> Open Maps | F81: ROSE HAIR & BEAUTY SALON | G81: Good
A82: Royal Oak Spa | B82: Mineral Health Center | C82: 4.8 | D82: =SUBSTITUTE(Raw!E116,"Phone:","") -> +91 91528 06695 | E82: =HYPERLINK(Raw!G108,"Open Maps") -> Open Maps | F82: Royal Oak Spa Sanpada Navi Mumbai | G82: Good
A83: Sayli Beauty Salon & Spa | B83: beauty parlor | C83: 4.9 | D83: =SUBSTITUTE(Raw!E29,"Phone:","") -> +91 89284 63304 | E83: =HYPERLINK(Raw!G29,"Open Maps") -> Open Maps | F83: Not Available | G83: Not Available
A84: Scissors Noise - The Family Salon (Vashi) | B84: beauty parlor | C84: 4.8 | D84: =SUBSTITUTE(Raw!E37,"Phone:","") -> +91 76664 77224 | E84: =HYPERLINK(Raw!G37,"Open Maps") -> Open Maps | F84: Not Available | G84: Not Available
A85: Seawood Family Salon | B85: hair salon | C85: 5 | D85: =SUBSTITUTE(Raw!E86,"Phone:","") -> +91 89281 22253 | E85: =HYPERLINK(Raw!G86,"Open Maps") -> Open Maps | F85: salon 89281 22253. (@seawoodsfamilysalon) • Instagram photos and videos | G85: No digital presence
A86: serenity salon and spa | B86: beautician | C86: 5 | D86: =SUBSTITUTE(Raw!E9,"Phone:","") -> +91 83569 09858 | E86: =HYPERLINK(Raw!G9,"Open Maps") -> Open Maps | F86: Not Available | G86: Not Available
A87: Seventh Sense Spa & Salon | B87: Massage spa | C87: 4.7 | D87: =SUBSTITUTE(Raw!E44,"Phone:","") -> +91 98190 38442 | E87: =HYPERLINK(Raw!G44,"Open Maps") -> Open Maps | F87: Not Available | G87: Not Available
A88: Shriya's Beauty salon spa & accadmy | Beauty Salon in Kopar Khairane | B88: beauty parlor | C88: 4.9 | D88: =SUBSTITUTE(Raw!E93,"Phone:","") -> +91 92211 39848 | E88: =HYPERLINK(Raw!G93,"Open Maps") -> Open Maps | F88: Not Available | G88: Not Available
A89: Shriyanshu Beauty Salon | B89: beauty parlor | C89: 5 | D89: =SUBSTITUTE(Raw!E74,"Phone:","") -> +91 70397 40297 | E89: =HYPERLINK(Raw!G74,"Open Maps") -> Open Maps | F89: Shriyanshu | G89: Okey
A90: Soul Unisex Salon And Spa | B90: Day spa | C90: 4.2 | D90: =SUBSTITUTE(Raw!E98,"Phone:","") -> +91 99303 98010 | E90: =HYPERLINK(Raw!G98,"Open Maps") -> Open Maps | F90: Not Available | G90: Not Available
A91: Spa Berry (Spa In Vashi) | B91: Mineral Health Center | C91: 4.8 | D91: =SUBSTITUTE(Raw!E30,"Phone:","") -> +91 91523 22432 | E91: =HYPERLINK(Raw!G30,"Open Maps") -> Open Maps | F91: Spa Berry Vashi | G91: Good
A92: Spa Nest Ghansoli | B92: Mineral Health Center | C92: 4.3 | D92: =SUBSTITUTE(Raw!E88,"Phone:","") -> +91 75063 59405 | E92: =HYPERLINK(Raw!G88,"Open Maps") -> Open Maps | F92: Spa Nest Ghansoli | G92: To much happening, Website
A93: Spa Soul Koparkhairane | B93: Mineral Health Center | C93: 4.3 | D93: =SUBSTITUTE(Raw!E5,"Phone:","") -> +91 75063 59471 | E93: =HYPERLINK(Raw!G5,"Open Maps") -> Open Maps | F93: Spa Soul Kopar Khairane | G93: To much happening, Website
A94: SR Spa & Beauty Salon | B94: beauty parlor | C94: 5 | D94: =SUBSTITUTE(Raw!E46,"Phone:","") -> +91 70214 66092 | E94: =HYPERLINK(Raw!G46,"Open Maps") -> Open Maps | F94: Not Available | G94: Not Available
A95: Subodh's Salon | B95: Health and beauty shop | C95: 4.6 | D95: =SUBSTITUTE(Raw!E101,"Phone:","") -> +91 99676 42976 | E95: =HYPERLINK(Raw!G101,"Open Maps") -> Open Maps | F95: Not Available | G95: Not Available
A96: Swara Beauty Salon | B96: beauty parlor | C96: 4.9 | D96: =SUBSTITUTE(Raw!E17,"Phone:","") -> +91 80 6507 2185 | E96: =HYPERLINK(Raw!G17,"Open Maps") -> Open Maps | F96: Swara Beauty Salon | G96: Okey
A97: Sweety Beauty Parlour (SWEETY SALON & SPA) | B97: beauty parlor | C97: 4.5 | D97: =SUBSTITUTE(Raw!E67,"Phone:","") -> +91 88284 82270 | E97: =HYPERLINK(Raw!G67,"Open Maps") -> Open Maps | F97: Sweety Beauty Parlour (SWEETY SALON & SPA) - Beauty Parlour in Kopar Khairane, Navi Mumbai | G97: Okey
A98: T.N.I. Hair Art | B98: barber shop | C98: 5 | D98: =SUBSTITUTE(Raw!E56,"Phone:","") -> +91 97680 61790 | E98: =HYPERLINK(Raw!G56,"Open Maps") -> Open Maps | F98: Not Available | G98: Not Available
A99: Tattva Wellness Spa | B99: Mineral Health Center | C99: 4.9 | D99: =SUBSTITUTE(Raw!E81,"Phone:","") -> +91 99900 77116 | E99: =HYPERLINK(Raw!G81,"Open Maps") -> Open Maps | F99: Tattva Spa In Country Inn Navi Mumbai | Luxury Massage Spa | G99: Nav bar is confusing, Website
A100: The Alvi Men Salon | B100: Facial Spa | C100: 4.3 | D100: =SUBSTITUTE(Raw!E32,"Phone:","") -> +91 84259 21245 | E100: =HYPERLINK(Raw!G32,"Open Maps") -> Open Maps | F100: Not Available | G100: Not Available
A101: The Black Beauty family salon & spa | B101: hairdresser | C101: 5 | D101: =SUBSTITUTE(Raw!E71,"Phone:","") -> +91 90820 08705 | E101: =HYPERLINK(Raw!G71,"Open Maps") -> Open Maps | F101: Not Available | G101: Not Available
...
