Workbook

Sheet data
A1: Sr No | B1: Date | C1: Diffculties | D1: full_name | E1: phone | F1: city | G1: Remarks | M1: Convert or not converted
A2: 4 | B2: 1-11 july leads | C2: learning_difficulties | D2: Aaradhya pawar | E2: =+918356046947 -> 918356046947 | F2: Mumbai | G2: Mother was busy on 1 st July | M2: =IF(OR(COUNTIF(data!A2:L2,"*PGS*")>0,COUNTIF(data!A2:L2,"*consultation*")>0),"Converted","Not Converted") -> Not Converted
A3: 10 | B3: 1-11 july leads | C3: learning_difficulties | D3: Abid Tadvi | E3: =+919082289717 -> 919082289717 | F3: Mumbai | G3: Name of the child:Aadish Age: 10 Grade:5 Location: Antophill School : KV Concern : Does not have any issue | M3: =IF(OR(COUNTIF(data!A3:L3,"*PGS*"),COUNTIF(data!A3:L3,"*consultation*")),"Converted","Not Converted") -> Not Converted
A4: 15 | B4: 1-11 july leads | C4: learning_difficulties | D4: Anagha Tawde | E4: =+919619608924 -> 919619608924 | F4: Mumbai Thane west 400615 | G4: Name of the child : Vanmayee Age : 13 Special School Location : Thane Contact Number 919619608924 Reference :CLC concern : Speech & memorise Speech - Unclear Sound pronocunication---- 20 July they can come for consultation | M4: =IF(OR(COUNTIF(data!A4:L4,"*PGS*")>0,COUNTIF(data!A4:L4,"*consultation*")>0),"Converted","Not Converted") -> Converted
A5: 22 | B5: 1-11 july leads | C5: school_complaints | D5: Anant Raut | E5: =+919870701570 -> 919870701570 | F5: suchitraraut1973@gmail.com | G5: navi mumbai | H5: Ringing 06 July | I5: Name of the child : Swarit Age :6 Grade:1 School : Ram sheth thakar Location : Kharghar Contact Number 919870701570 Reference : CLC Ad concern : Writing issue Lack of focus Lack of concentration writing issue---- They cannot travel Nerul | J5: She said she will discuss with husband --- 08 July | K5: Ringing 10 July | L5: Busy on another call 11 July | M5: =IF(OR(COUNTIF(data!A5:L5,"*PGS*")>0,COUNTIF(data!A5:L5,"*consultation*")>0),"Converted","Not Converted") -> Not Converted
A6: 31 | B6: 1-11 july leads | C6: behavioral_issues | D6: Ashna Creates | E6: =+919839358613 -> 919839358613 | F6: ashnamj181191@gmail.com | G6: Bangalore | H6: Ringing 08 July | I6: Name of the child :Fatima Age:3.5 Location: Bangalore Contact Number 919839358613 Reference : CLC Ad concern : Speech Clarity & Behaviour issue Behaviour speech Delay clarity speech hitting pushing | J6: PGS was schedule with Dr Roja 09 July. Parents are inform to send few video. Later consultation can be schedule | K6: Ringing 10 July | L6: Parent Feedback :, actually me and my husband decided to take consultation in our city because online it's little hectic..10 July | M6: =IF(OR(COUNTIF(data!A6:L6,"*PGS*")>0,COUNTIF(data!A6:L6,"*consultation*")>0),"Converted","Not Converted") -> Converted
A7: 24 | B7: 1-11 july leads | C7: behavioral_issues | D7: Benazir Sayyed | E7: =+919029011768 -> 919029011768 | F7: sayyedbenazir83@gmail.com | G7: Mumbai | H7: Ringing 06 July | I7: Ringing 7 July | J7: Ringing 10 July | M7: =IF(OR(COUNTIF(data!A7:L7,"*PGS*")>0,COUNTIF(data!A7:L7,"*consultation*")>0),"Converted","Not Converted") -> Not Converted
A8: 32 | B8: 1-11 july leads | C8: behavioral_issues | D8: Dollyvikashsingh | E8: =+919608286661 -> 919608286661 | F8: dollysinghh@gmail.com | G8: Mumbai Thane balkum | H8: mother was on her way to pick up her child from school, so she was unable to speak. She requested a callback at a later time. 09 July | I8: Name of the child: Advaik Singh Age: 6 Location: Thane Contact Number 919608286661 Reference: CLC Ad concern:Behaviour issue Stubborn Hitting pushing Does not listen Shouts at times--- 10 July | J8: out of coverage 11 July | M8: =IF(OR(COUNTIF(data!A8:L8,"*PGS*")>0,COUNTIF(data!A8:L8,"*consultation*")>0),"Converted","Not Converted") -> Not Converted
A9: 30 | B9: 1-11 july leads | C9: school_complaints | D9: Hemant Sampat | E9: =+919819850075 -> 919819850075 | F9: sampat.hemant@yahoo.com | G9: Goregaon | H9: Ringing 08 July | I9: Name of the child: Chirag Age: 4 Location: Goregaon Contact Number :919819850075 Reference: CLC Ad concern: Hyperactive Hyperactive Does not sit at one place lack of concentation writing issue OT done for 3 Months Friday PGS | J9: Ringing - 10 July | K9: Ringing 11 July | M9: =IF(OR(COUNTIF(data!A9:L9,"*PGS*")>0,COUNTIF(data!A9:L9,"*consultation*")>0),"Converted","Not Converted") -> Converted
A10: 12 | B10: 1-11 july leads | C10: learning_difficulties | D10: Joji Jacob | E10: =+919920790280 -> 919920790280 | F10: Thane | G10: Busy in office | M10: =IF(OR(COUNTIF(data!A10:L10,"*PGS*")>0,COUNTIF(data!A10:L10,"*consultation*")>0),"Converted","Not Converted") -> Not Converted
A11: 2 | B11: 1-11 july leads | C11: school_complaints | D11: Kavita | E11: =+919833828185 -> 919833828185 | F11: Navi Mumbai (New Mumbai) | G11: Ringing 01 July | M11: =IF(OR(COUNTIF(data!A11:L11,"*PGS*")>0,COUNTIF(data!A11:L11,"*consultation*")>0),"Converted","Not Converted") -> Not Converted
A12: 25 | B12: 1-11 july leads | C12: behavioral_issues | D12: Kiran Ranka | E12: =+18286826991 -> 18286826991 | F12: rankakiran10@gmail.com | G12: Mumbai | H12: Does not have any concern 06 July | M12: =IF(OR(COUNTIF(data!A12:L12,"*PGS*")>0,COUNTIF(data!A12:L12,"*consultation*")>0),"Converted","Not Converted") -> Not Converted
A13: 33 | B13: 1-11 july leads | C13: school_complaints | D13: Manjari Gupta | E13: =+18779949437 -> 18779949437 | F13: avaniguptagupta511@gmail.com | G13: Leh -Chembur | H13: Ringing 09 July | I13: Name of the child : Abhyan Age : 7 Location : Kurla Nehru Nagar Grade: 2 School : Vivekanand Contact Number 8779949437 Reference :CLC Ad concern :writing isssue writing issue understanding issue lack of concentration school suggested counselling . Mother will discuss with father and inform | J13: Ringing 10 July | K13: Ringing 11 July | L13: After discussing with husband she said no 11 July | M13: =IF(OR(COUNTIF(data!A13:L13,"*PGS*")>0,COUNTIF(data!A13:L13,"*consultation*")>0),"Converted","Not Converted") -> Not Converted
A14: 36 | B14: 1-11 july leads | C14: school_complaints | D14: Mohini Nayak | E14: =+918767810001 -> 918767810001 | F14: mohininayak023@gmail.com | G14: Mumbai | H14: Ringing 11 July | I14: Name of the child : Sneha Age : 14 Grade:7 School : Aniruddha school Badlapur Location : Badalpur Contact Number : 8767810001 Reference : Facebook concern : Academic issue Reading issue Writing - Unable to copy from board Tends to forgot Take time to learn IQ - test done 2 yrs before Remedial class taken | J14: PGS was schedule with Dr Shweta Naidu 11 July. | K14: Consultation has been for 18 July Saturday at 12:30 pm | M14: =IF(OR(COUNTIF(data!A14:L14,"*PGS*")>0,COUNTIF(data!A14:L14,"*consultation*")>0),"Converted","Not Converted") -> Converted
A15: 21 | B15: 1-11 july leads | C15: behavioral_issues | D15: Mukesh Panthri | E15: / | F15: mukeshpanthri25@gmail.com | G15: Pune | H15: Name of the child Tejas Age:10 Location : Pune Contact Number 917529075894 Reference : CLCAd concern : Mild Autism Shows behavioural issues such as shouting and inappropriate smiling. Currently undergoing OT and Behaviour Therapy. 06 July | I15: Ringing - 07 July | J15: Ringing - 10 July | K15: Ringing 11 July | M15: =IF(OR(COUNTIF(data!A15:L15,"*PGS*")>0,COUNTIF(data!A15:L15,"*consultation*")>0),"Converted","Not Converted") -> Not Converted
A16: 29 | B16: 1-11 july leads | C16: behavioral_issues | D16: Mukesh Panthri | E16: =+917529075894 -> 917529075894 | F16: mukeshpanthri25@gmail.com | G16: Pune | H16: Repeated leads : Please note that this is an old lead received on 06 July. | M16: =IF(OR(COUNTIF(data!A16:L16,"*PGS*")>0,COUNTIF(data!A16:L16,"*consultation*")>0),"Converted","Not Converted") -> Not Converted
A17: 11 | B17: 1-11 july leads | C17: learning_difficulties | D17: Narsing Mali | E17: =+918308830180 -> 918308830180 | F17: Pune | G17: Father in office busy | M17: =IF(OR(COUNTIF(data!A17:L17,"*PGS*")>0,COUNTIF(data!A17:L17,"*consultation*")>0),"Converted","Not Converted") -> Not Converted
A18: 26 | B18: 1-11 july leads | C18: behavioral_issues | D18: nasreen | E18: =+919594416099 -> 919594416099 | F18: nasreen_jvd@yahoo.com | G18: Mira Bhayander | H18: Forwarded to voice mail | I18: Name of the child: Mohd Rayan Age: 5.8 Grade: 1 School : Universal Location: Mira Road Contact Number : 95944 16099 Reference : CLC Ad concern : Hyperactive Class room - keeping walkin Run in classroom... 10 July | J18: Ringing 11 July | M18: =IF(OR(COUNTIF(data!A18:L18,"*PGS*")>0,COUNTIF(data!A18:L18,"*consultation*")>0),"Converted","Not Converted") -> Not Converted
A19: 5 | B19: 1-11 july leads | C19: behavioral_issues | D19: Payal Vora | E19: =+919920024132 -> 919920024132 | F19: Mumbai | G19: Repeated lead which was received on 30 June | M19: =IF(OR(COUNTIF(data!A19:L19,"*PGS*")>0,COUNTIF(data!A19:L19,"*consultation*")>0),"Converted","Not Converted") -> Not Converted
A20: 34 | B20: 1-11 july leads | C20: behavioral_issues | D20: Pratiksha Pratiksha | E20: =+918550916925 -> 918550916925 | F20: pratikshachari555@gmail.com | G20: Banastarim- Goa | H20: Switch off 09 July | I20: Name of the child: Shyam Chari Age: 12 Grade:5 Location: Goa Contact Number : 918550916925 Reference: CLC Ad concern: Academic issue Delay speech OT -6 Month Child has attended Special school writing Sometimes unable to recognise alphabet He copy from board Comphresion issue tend to forgot what he reads IQ-82 PGS 7:00 PM | J20: PGS was schedule with Dr Shweta Naidu on 10 July .Mother will be sending video 11 July | M20: =IF(OR(COUNTIF(data!A20:L20,"*PGS*")>0,COUNTIF(data!A20:L20,"*consultation*")>0),"Converted","Not Converted") -> Converted
A21: 14 | B21: 1-11 july leads | C21: behavioral_issues | D21: Pravin Goilkar | E21: =+919082538611 -> 919082538611 | F21: Mumbai | G21: After 6:00 pm ask to call | M21: =IF(OR(COUNTIF(data!A21:L21,"*PGS*")>0,COUNTIF(data!A21:L21,"*consultation*")>0),"Converted","Not Converted") -> Not Converted
A22: 27 | B22: 1-11 july leads | C22: behavioral_issues | D22: Prince peter | E22: =+918097170283 -> 918097170283 | F22: priyapeter57@gmail.com | G22: Kota | H22: Name of the child Prince Age : 6 Location Kota Contact Number 917529075894 Reference concern : Hyperactive Lack of focus study issue Repeat command writing issue Does sit at one place Jumping and climbing on sofa | M22: =IF(OR(COUNTIF(data!A22:L22,"*PGS*")>0,COUNTIF(data!A22:L22,"*consultation*")>0),"Converted","Not Converted") -> Not Converted
A23: 13 | B23: 1-11 july leads | C23: behavioral_issues | D23: Priyanka Kolambakar - Sarang | E23: =+918291720980 -> 918291720980 | F23: Mumbai | G23: Ringing 03 July | M23: =IF(OR(COUNTIF(data!A23:L23,"*PGS*")>0,COUNTIF(data!A23:L23,"*consultation*")>0),"Converted","Not Converted") -> Not Converted
A24: 7 | B24: 1-11 july leads | C24: learning_difficulties | D24: Ruchi Rane | E24: =+919867645230 -> 919867645230 | F24: Mumbai | G24: Name of the child shourya Rane Age 12 Grade: 5 Ryan Interantion School Location chembur Contact Number =+919137391780/919867645230 Reference : CLC Ad concern : Reading and Writing Issue....Mom will discuss and inform if required | M24: =IF(OR(COUNTIF(data!A24:L24,"*PGS*")>0,COUNTIF(data!A24:L24,"*consultation*")>0),"Converted","Not Converted") -> Not Converted
A25: 35 | B25: 1-11 july leads | C25: learning_difficulties | D25: Ruchi Rane | E25: =+919867645230 -> 919867645230 | F25: ruchi.rane79@gmail.com | G25: Mumbai | H25: THis is a repeated lead which was received on 2 July ... 10 July | I25: Name of the child shourya Rane Age 12 Grade: 5 Ryan Interantion School Location chembur Contact Number =919867645230 Reference : CLC Ad concern : Reading and Writing Issue....Mom will discuss and inform if required | J25: She will inform if required 10 July | M25: =IF(OR(COUNTIF(data!A25:L25,"*PGS*")>0,COUNTIF(data!A25:L25,"*consultation*")>0),"Converted","Not Converted") -> Not Converted
A26: 23 | B26: 1-11 july leads | C26: learning_difficulties | D26: Shaikh | E26: =+918291036602 -> 918291036602 | F26: shaikhraf28@gmail.com | G26: Mumbai | H26: Ringing 06 July | I26: Ringing 7 July | J26: Ringing 10 July | M26: =IF(OR(COUNTIF(data!A26:L26,"*PGS*")>0,COUNTIF(data!A26:L26,"*consultation*")>0),"Converted","Not Converted") -> Not Converted
A27: 9 | B27: 1-11 july leads | C27: learning_difficulties | D27: Sheetal Kamble | E27: =+18169606529 -> 18169606529 | F27: Mumbai | G27: Ringing 03 July | M27: =IF(OR(COUNTIF(data!A27:L27,"*PGS*")>0,COUNTIF(data!A27:L27,"*consultation*")>0),"Converted","Not Converted") -> Not Converted
A28: 20 | B28: 1-11 july leads | C28: learning_difficulties | D28: Sheetal Kamble | E28: =+18169606529 -> 18169606529 | F28: sheetalanandkamble@gmail.com | G28: Mumbai | I28: Repeated old enquiry which was received on 03 July | J28: Ringing 09 July | K28: Ringing 10 July | M28: =IF(OR(COUNTIF(data!A28:L28,"*PGS*")>0,COUNTIF(data!A28:L28,"*consultation*")>0),"Converted","Not Converted") -> Not Converted
A29: 28 | B29: 1-11 july leads | C29: school_complaints | D29: Shivsevak saroj | E29: =+918850052104 -> 918850052104 | F29: shivaay2209@gmail.com | G29: Vashi | H29: Test Lead | M29: =IF(OR(COUNTIF(data!A29:L29,"*PGS*")>0,COUNTIF(data!A29:L29,"*consultation*")>0),"Converted","Not Converted") -> Not Converted
A30: 18 | B30: 1-11 july leads | C30: school_complaints | D30: Siddharth Sawant | E30: =+917506259177 -> 917506259177 | F30: sidd00787@gmail.com | G30: Thane | I30: Name of the child: Sudarshan Sawant Age:10 Grade:5 School Su Laxmi Bai Location : Thane Contact Number 917506259177 Reference : CLC Ad concern:writing issue Father reports that the child is frequently receiving complaints from school. child has difficulty with concentration and maintaining attention in class. child is experiencing writing difficulties. Father was saying he was just enquiring | J30: Ringing 08 July | K30: Ringing 10 July | L30: Ringing 11 July | M30: =IF(OR(COUNTIF(data!A30:L30,"*PGS*")>0,COUNTIF(data!A30:L30,"*consultation*")>0),"Converted","Not Converted") -> Not Converted
A31: 1 | B31: 1-11 july leads | C31: learning_difficulties | D31: Sonal Yadav | E31: =+919834450169 -> 919834450169 | F31: Thane | G31: Busy on another call 30 June | M31: =IF(OR(COUNTIF(data!A31:L31,"*PGS*")>0,COUNTIF(data!A31:L31,"*consultation*")>0),"Converted","Not Converted") -> Not Converted
A32: 17 | B32: 1-11 july leads | C32: behavioral_issues | D32: Sonal Yadav | E32: Thane | F32: =+919834450169 -> 919834450169 | G32: Thane | H32: Busy on another call 30 June | I32: Name of the child Ananay Age :9 Grade:4 Shool : Nathshane Location:Thane Contact Number 919834450169 Reference : CLC Ad concern : Lack of Interest in studies Show not interest studioes lack of oncertration Nervous Teacher suggested to check IQ Parents are ready for consultation on 11 July | J32: She was asking for doctor profile and some time to confirm 08 July | K32: Call Decline 09 July | L32: Call decline 10 July | M32: =IF(OR(COUNTIF(data!A32:L32,"*PGS*")>0,COUNTIF(data!A32:L32,"*consultation*")>0),"Converted","Not Converted") -> Converted
A33: 16 | B33: 1-11 july leads | C33: behavioral_issues | D33: Soni Gupta | E33: =+919920003524 -> 919920003524 | F33: Mumbai | G33: Name of the child : Trisha Age :7 Location : Saika Naka Ghatkopar Contact Number 919920003524 Reference : CLC Ad concern : shy by nature Child is shy by nature. Does not speak in school. Mother will discuss the consultation with the father and inform us about their decision. | H33: Mother Said they are looking for nearby centre 10 July | M33: =IF(OR(COUNTIF(data!A33:L33,"*PGS*")>0,COUNTIF(data!A33:L33,"*consultation*")>0),"Converted","Not Converted") -> Converted
A34: 6 | B34: 1-11 july leads | C34: behavioral_issues | D34: Suvidha | E34: =+919137391780 -> 919137391780 | F34: Navi Mumbai | G34: Repeated lead which was received on 30 June | M34: =IF(OR(COUNTIF(data!A34:L34,"*PGS*")>0,COUNTIF(data!A34:L34,"*consultation*")>0),"Converted","Not Converted") -> Not Converted
A35: 19 | B35: 1-11 july leads | C35: behavioral_issues | D35: Swati Ambre | E35: =+919372381762 -> 919372381762 | F35: swatiambre2@gmail.com | G35: Thane | I35: Ringing - 04 July | J35: Ringing 10 July | K35: Ringing 11 July | M35: =IF(OR(COUNTIF(data!A35:L35,"*PGS*")>0,COUNTIF(data!A35:L35,"*consultation*")>0),"Converted","Not Converted") -> Not Converted
A36: 3 | B36: 1-11 july leads | C36: behavioral_issues | D36: Tasmiya Shah | E36: =+917208309456 -> 917208309456 | F36: Mumbai | G36: Name of the child Zaid Age: 6 Location: Kurla Contact Number : 7208309456 Concerns: Down syndrome Speech delay Speaks only single words. Hyperactive Throws objects Walks independently Still fed by the mother Medical History: BERA test: Normal hearing 2D Echo (Heart): Normal----- Chembur CRC on 30 June | M36: =IF(OR(COUNTIF(data!A36:L36,"*PGS*")>0,COUNTIF(data!A36:L36,"*consultation*")>0),"Converted","Not Converted") -> Not Converted
A37: 8 | B37: 1-11 july leads | C37: learning_difficulties | E37: 9152301371 | G37: Busy on another call 02 July | M37: =IF(OR(COUNTIF(data!A37:L37,"*PGS*")>0,COUNTIF(data!A37:L37,"*consultation*")>0),"Converted","Not Converted") -> Not Converted

Sheet analysis
C4: Overall lead quality of the data | E4: Genuine leads | G4: Low quality lead | I4: Repeated leads
C5: =COUNTA(data!D:D) -> 36 | E5: =IFERROR(__xludf.DUMMYFUNCTION("COUNTUNIQUE(data!D:D)"),32.0) -> 32 | G5: =COUNTIF(data!A:L,"*Does not have any concern*")+COUNTIF(data!A:L,"*Does not have any issue*") -> 2 | I5: =C5-E5 -> 4
G11: Convert leads | I11: Not convert leads
G12: =COUNTIF(data!M:M,"Converted") -> 7 | I12: =COUNTIF(data!M:M,"Not Converted") -> 29
