Workbook

Sheet Notes
A1: Navi Mumbai Gyms — Lead Generation Dataset
A3: Total Records: 156 gyms located across Navi Mumbai.
A4: Data sourced from Google Maps, official websites, and public social media profiles.
A5: Includes gym name, address, contact details, email, website, social media, Google rating, and review count.
A6: Google Maps link is provided for each gym.
A7: Duplicate entries have been removed.
A8: Missing information is marked as "Not Available" or "Not publicly listed".
A9: Contact details include only information that is publicly accessible.
A10: Ratings and review counts are based on Google Maps at the time of data collection.
A11: Data has been organized in a structured Excel format with clearly labeled columns.
A12: Collected solely for lead generation and research purposes using publicly available information.

Sheet Raw
A1: Area/Location | B1: Full Address | C1: Contact Number | D1: Google Maps Link | E1: Google Rating | F1: Number of Reviews | G1: S.No | H1: Gym Name | I1: Email Address | J1: Website | K1: Instagram/Facebook | L1: Instagram/Facebook
A2: Vashi | B2: Shop no 16, Ground Floor, Satra Plaza, Palm Beach Rd, Phase 2, Sector 19D, Vashi, Navi Mumbai, Maharashtra 400703 | C2: 91 89767 22977 | D2: https://www.google.com/maps/place/?q=place_id:ChIJRa3DCunB5zsRoexUMQbO5T8 | E2: 4.8 | F2: 324 | G2: 1 | H2: Kenzo Fitness Vashi | Kenzo pilates | I2: Not Available | J2: Kenzo Fitness | K2: https://www.instagram.com/kenzofitnessindia/ | L2: https://www.facebook.com/kenzofitnessindia/
A3: Vashi | B3: 500 B Wing, 2nd Floor, Vashi Plaza, Plot No 80 and 81, Sector 17, Vashi, Navi Mumbai, Maharashtra 400703 | C3: 91 91670 00877 | D3: https://www.google.com/maps/place/?q=place_id:ChIJPUki99zB5zsR8aHLAUEdz0A | E3: 4.8 | F3: 175 | G3: 2 | H3: Ragnor Fitness Arena Vashi | I3: ragnorfitnessarena@gmail.com | J3: Not Available | K3: https://www.instagram.com/ragnorfitness/ | L3: https://www.facebook.com/ragnorfitness/
A4: Vashi | B4: 1st Floor, Krishna Residency, Plot no. 97, Sector 29, Vashi, Navi Mumbai, Maharashtra 400703 | C4: =+91 81692 32775 -> #ERROR! | D4: https://www.google.com/maps/place/?q=place_id:ChIJlYLQSZ7B5zsRApygL4U2J50 | E4: 4.9 | F4: 85 | G4: 3 | H4: Tungsten Fitness Club (TFC) - Vashi | I4: tungstenfitnessclub@gmail.com | J4: https://tungstenfitnessclub.com/ | K4: https://www.instagram.com/tungstenfitnessclub/ | L4: https://www.facebook.com/tungstenfitnessclub/
A5: Vashi | B5: Shop 1, 1st Floor, Ganesh Tower, Sector 1, Vashi, Navi Mumbai, Maharashtra 400703 | C5: =+91 78888 15252 -> #ERROR! | D5: https://www.google.com/maps/place/?q=place_id:ChIJ9flM1qzp5zsRY151CC6z8II | E5: 4.7 | F5: 122 | G5: 4 | H5: ZenXFit | I5: info.zenxfit@gmail.com | J5: https://zenxfit.in/ | K5: https://www.instagram.com/zenxfit/ | L5: Not Available
A6: Vashi | B6: 1st Floor, Marine Street, Juhu Nagar Rd, Sector 11, Vashi, Navi Mumbai, Maharashtra 400703 | C6: =+91 85915 03535 -> #ERROR! | D6: https://www.google.com/maps/place/?q=place_id:ChIJd5fmQDHB5zsRxEfVDyJjtYI | E6: 4.6 | F6: 159 | G6: 5 | H6: Aqua Fitness Club | I6: Not Available | J6: Not Available | K6: Not Available | L6: Not Available
A7: Vashi | B7: Plot No 3, near Palm Beach Galleria Mall, Phase 2, Sector 19D, Vashi, Navi Mumbai, Maharashtra 400703 | C7: =+91 89281 15003 -> #ERROR! | D7: https://www.google.com/maps/place/?q=place_id:ChIJuRR9kRLB5zsRdgJoKfV6BTU | E7: 4.8 | F7: 319 | G7: 6 | H7: CrossBox Fitness | I7: Not Available | J7: https://crossboxfitness.in/ | K7: https://www.instagram.com/crossboxfitness/ | L7: https://www.facebook.com/crossboxfitness/
A8: Vashi | B8: Plot 75, Vardhaman Market, 1st Floor, Sector 17, Vashi, Navi Mumbai, Maharashtra 400703 | C8: =+91 98336 66622 -> #ERROR! | D8: https://www.google.com/maps/place/?q=place_id:ChIJE2g-4knB5zsR3N3xQNJQfKw | E8: 4.6 | F8: 524 | G8: 7 | H8: Intense Fitness Club (IFC Gym) | I8: Not Available | J8: Not Available | K8: https://www.instagram.com/intensefitnessclub/ | L8: https://www.facebook.com/intensefitnessclub/
A9: Vashi | B9: 1st Floor, Mahavir Center, Plot no. 77, Sector 17, Vashi, Navi Mumbai, Maharashtra 400703 | C9: =+91 87792 72114 -> #ERROR! | D9: https://www.google.com/maps/place/?q=place_id:ChIJY2hQkjTB5zsRHAwrydyUfwQ | E9: 4.8 | F9: 383 | G9: 8 | H9: Mustangs Fitness Centre | Vashi | I9: sales@mustangs.in | J9: Not Available | K9: https://www.instagram.com/mustangsfitnesscentre/ | L9: https://www.facebook.com/mustangsfitnesscentre/
A10: Vashi | B10: 1st Floor, near Gaondevi Maidan Road, Sector 11, Vashi, Navi Mumbai, Maharashtra 400703 | C10: =+91 87796 72100 -> #ERROR! | D10: https://www.google.com/maps/place/?q=place_id:ChIJDdLEj37B5zsRQtOZXyj14MU | E10: 4.8 | F10: 349 | G10: 9 | H10: Ragnor Fitness Vashi 24/7 | I10: ragnorfitnessarena@gmail.com | J10: Not Available | K10: https://www.instagram.com/ragnorfitness/ | L10: https://www.facebook.com/ragnorfitness/
A11: Vashi | B11: 40, Palm Beach Rd, Phase 2, Sector 19E, Vashi, Navi Mumbai, Maharashtra 400703 | C11: =+91 79000 31593 -> #ERROR! | D11: https://www.google.com/maps/place/?q=place_id:ChIJ63v9_Q7B5zsRNwKopMhDhEU | E11: 4.6 | F11: 108 | G11: 10 | H11: Seven Star Fitness Studio | I11: Not Available | J11: Not Available | K11: https://www.instagram.com/sevenstarfitnessstudio/ | L11: https://www.facebook.com/sevenstarfitnessstudio/
A12: Nerul | B12: 1st Floor, Hawares Centurion Mall, Nerul East, Sector 19A, Nerul, Navi Mumbai, Maharashtra 400706 | C12: =+91 91374 64261 -> #ERROR! | D12: https://www.google.com/maps/place/?q=place_id:ChIJ-wkhrL7D5zsRefWTOo92UsY | E12: 4.7 | F12: 556 | G12: 11 | H12: Oneabove Fitness Nerul | I12: ig@talwalkars.net | J12: https://oneabovefitness.com/ | K12: https://www.instagram.com/oneabovefitness/ | L12: https://www.facebook.com/oneabovefitness/
A13: Nerul | B13: Unit No. 7, Akshar, Plot no. C-1, Seawoods East, Nerul East, Sector 23, Nerul, Navi Mumbai, Maharashtra 400706 | C13: =+91 91676 77002 -> #ERROR! | D13: https://www.google.com/maps/place/?q=place_id:ChIJD7B7TJTD5zsRXvgCTXcxMCU | E13: 4.9 | F13: 564 | G13: 12 | H13: Tungsten Fitness Club (TFC) - Nerul | I13: tungstenfitnessclub@gmail.com | J13: https://tungstenfitness.in/ | K13: https://www.instagram.com/tungstenfitnessclub/ | L13: https://www.facebook.com/tungstenfitnessclub/
A14: Nerul | B14: 1st Floor, Amrita Sadan, Nerul East, Sector 22, Nerul, Navi Mumbai, Maharashtra 400706 | C14: =+91 91374 54549 -> #ERROR! | D14: https://www.google.com/maps/place/?q=place_id:ChIJE7x_46LD5zsR8IWA6yWrsnU | E14: 4.6 | F14: 207 | G14: 13 | H14: Ragnor Fitness Nerul 24/7 | I14: ragnorfitnessarena@gmail.com | J14: Not Available | K14: https://www.instagram.com/ragnorfitness/ | L14: https://www.facebook.com/ragnorfitness/
A15: Nerul | B15: Plot No 5 & 5A, Sector No 28, Nerul, Navi Mumbai, Maharashtra 400706 | C15: =+91 93727 70136 -> #ERROR! | D15: https://www.google.com/maps/place/?q=place_id:ChIJ0QJ4GpXD5zsRMOeBKWTMJug | E15: 4 | F15: 2839 | G15: 14 | H15: Nerul Gymkhana | I15: info@nerulgymkhana.com | J15: https://www.nerulgymkhana.com/ | K15: Not Available | L15: https://www.facebook.com/NerulGymkhana/
A16: Nerul | B16: Plot P11, Sector 14 Nerul Rd, Sector 14, Nerul, Navi Mumbai, Maharashtra 400706 | C16: =+91 95949 18007 -> #ERROR! | D16: https://www.google.com/maps/place/?q=place_id:ChIJ0-V5YlPD5zsRxkc8NJ8CbKg | E16: 4.8 | F16: 2589 | G16: 15 | H16: Be More Fit Gym | I16: Not Available | J16: Not Available | K16: https://www.instagram.com/bemorefitgym/ | L16: https://www.facebook.com/bemorefitgym/
A17: Nerul | B17: Shree Samarth Krupa, 464, near NMMC Hospital, Sec-20, Nerul, Navi Mumbai, Maharashtra 400706 | C17: =+91 98336 99346 -> #ERROR! | D17: https://www.google.com/maps/place/?q=place_id:ChIJ94Tn6-nD5zsRaKRMT_gBNiY | E17: 4.7 | F17: 862 | G17: 16 | H17: Vulkan Health Club | I17: Not Available | J17: Not Available | K17: https://www.instagram.com/vulkanhealthclub/ | L17: https://www.facebook.com/vulkanhealthclub/
A18: Nerul | B18: Sukhshanti Society, Plot no A-7, Nerul East, Sector 20, Nerul, Navi Mumbai, Maharashtra 400706 | C18: =+91 95945 75707 -> #ERROR! | D18: https://www.google.com/maps/place/?q=place_id:ChIJ1xzHpjrD5zsRNP8iVooisnU | E18: 4.9 | F18: 633 | G18: 17 | H18: Akhada Unisex Fitness Zone | I18: Not Available | J18: Not Available | K18: https://www.instagram.com/akhadafitnesszone/ | L18: https://www.facebook.com/akhadafitnesszone/
A19: Nerul | B19: Sector No 28, Nerul Gymkhana, Plot No 5A, Nerul East, Sector 28, Nerul, Navi Mumbai, Maharashtra 400706 | C19: =+91 90049 99948 -> #ERROR! | D19: https://www.google.com/maps/place/?q=place_id:ChIJQ8i44BbD5zsRGOv9keZMD2c | E19: 4.9 | F19: 79 | G19: 18 | H19: Passion Gym | I19: Not Available | J19: Not Available | K19: Not Available | L19: Not Available
A20: Nerul | B20: Vignahar Heights, Plot No. 5 & 6 Sec 14, Palm Beach Rd, Nerul West, Nerul, Navi Mumbai, Maharashtra 400706 | C20: =+91 88504 31372 -> #ERROR! | D20: https://www.google.com/maps/place/?q=place_id:ChIJa-lDh6HB5zsRBsOFyckSv0Q | E20: 4.5 | F20: 103 | G20: 19 | H20: Tornado Fitness | I20: Not Available | J20: Not Available | K20: https://www.instagram.com/tornadofitness24x7/ | L20: https://www.facebook.com/tornadofitness24x7/
A21: Nerul | B21: Bhanushali wadi, Nerul East, Sector 19A, Nerul, Navi Mumbai, Maharashtra 400706 | C21: =+91 91376 47501 -> #ERROR! | D21: https://www.google.com/maps/place/?q=place_id:ChIJBWAwQe7D5zsRYQLyaH3jazA | E21: 4.6 | F21: 174 | G21: 20 | H21: SHREDX FITNESS NERUL | I21: Not Available | J21: Not Available | K21: https://www.instagram.com/shredxfitness/ | L21: https://www.facebook.com/shredxfitness/
A22: Kharghar | B22: 1st Floor, Ravechi Heights, Sector 7, Plot 25, Kharghar, Panvel, Maharashtra 410210 | C22: =+91 84335 89999 -> #ERROR! | D22: https://www.google.com/maps/place/?q=place_id:ChIJJ07Q_H3D5zsRgsu7ZIP0rec | E22: 4.7 | F22: 1340 | G22: 21 | H22: COREGYM | I22: info@coregym.co.in | J22: https://coregym.co.in/ | K22: https://www.instagram.com/coregymindia/ | L22: https://www.facebook.com/coregymindia/
A23: Kharghar | B23: 1st Floor, opp. Raghunath Vihar, Block G, Sector 13, Kharghar, Panvel, Maharashtra 410210 | C23: =+91 83696 08923 -> #ERROR! | D23: https://www.google.com/maps/place/?q=place_id:ChIJzUFViOTD5zsRBqfbuu2f6TE | E23: 4.9 | F23: 169 | G23: 22 | H23: Traance.fit | I23: info@traance.fit | J23: https://traance.fit/ | K23: https://www.instagram.com/traance.fit/ | L23: https://www.facebook.com/traance.fit/
A24: Kharghar | B24: Ashirwad Heights, Plot No. 7, Sector 18 Rd, Sector 18, Kharghar, Mumbai, Panvel, Maharashtra 410210 | C24: =+91 88792 39044 -> #ERROR! | D24: https://www.google.com/maps/place/?q=place_id:ChIJ7aQUWnXD5zsRtfplTvXQeJo | E24: 4.7 | F24: 342 | G24: 23 | H24: Body Power (cult.fit) - Kharghar | I24: Not Available | J24: https://www.cult.fit/fitness/centers/body-power-kharghar | K24: https://www.instagram.com/cultfitofficial/ | L24: https://www.facebook.com/cultfitofficial/
A25: Kharghar | B25: 1st Floor, Tiara Shopping Complex, Block G, Sector 13, Kharghar, Panvel, Maharashtra 410210 | C25: =+91 91461 91916 -> #ERROR! | D25: https://www.google.com/maps/place/?q=place_id:ChIJwazG-erD5zsR5CUOaenen0o | E25: 4.8 | F25: 1284 | G25: 24 | H25: Ragnor Fitness Kharghar | I25: ragnorfitnessarena@gmail.com | J25: Not Available | K25: https://www.instagram.com/ragnorfitness/ | L25: https://www.facebook.com/ragnorfitness/
A26: Kharghar | B26: 1st Floor, Garden Court, Sector 35E, Kharghar, Panvel, Maharashtra 410210 | C26: =+91 86938 39862 -> #ERROR! | D26: https://www.google.com/maps/place/?q=place_id:ChIJFyaSqPjB5zsRKqYnQztKruY | E26: 4.7 | F26: 435 | G26: 25 | H26: FOR LIFE FITNESS | I26: Not Available | J26: Not Available | K26: https://www.instagram.com/forlifefitness24x7/ | L26: https://www.facebook.com/forlifefitness24x7/
A27: Kharghar | B27: Aashirwad rowhouse, Plot F34, Block G, Sector 12, Kharghar, Panvel, Maharashtra 410210 | C27: =+91 75079 99555 -> #ERROR! | D27: https://www.google.com/maps/place/?q=place_id:ChIJZXSKDdTD5zsRLX7AuGvEcbo | E27: 4.9 | F27: 188 | G27: 26 | H27: Zara's Fitness | I27: Not Available | J27: Not Available | K27: https://www.instagram.com/zarasfitness/ | L27: https://www.facebook.com/zarasfitness/
A28: Kharghar | B28: 9th floor, The Pacific, Block G, Sector 13, Kharghar, Panvel, Maharashtra 410210 | C28: =+91 84510 96123 -> #ERROR! | D28: https://www.google.com/maps/place/?q=place_id:ChIJZSnPE_jD5zsRsALyNTxE2Io | E28: 4.3 | F28: 184 | G28: 27 | H28: Shark Fitness | I28: Not Available | J28: Not Available | K28: https://www.instagram.com/sharkfitnesskharghar/ | L28: https://www.facebook.com/sharkfitnesskharghar/
A29: Kharghar | B29: Shop no 7, Mita heights, Plot No. 51/B, Sector 20, Kharghar, Panvel, Maharashtra 410210 | C29: =+91 88283 08182 -> #ERROR! | D29: https://www.google.com/maps/place/?q=place_id:ChIJTfLYGgnD5zsR18cYIlK3lb4 | E29: 5 | F29: 191 | G29: 28 | H29: Revamp Fitness | I29: Not Available | J29: Not Available | K29: https://www.instagram.com/revampfitnesskharghar/ | L29: https://www.facebook.com/revampfitnesskharghar/
A30: Kharghar | B30: Shop 08/09, Sai Sakshaat society, Sector-06, Kharghar, Panvel, Maharashtra 410210 | C30: =+91 89286 03693 -> #ERROR! | D30: https://www.google.com/maps/place/?q=place_id:ChIJq6qqajzC5zsRd-Ghq6IcgCw | E30: 4.8 | F30: 136 | G30: 29 | H30: Aesthetic Fitness | I30: Not Available | J30: Not Available | K30: https://www.instagram.com/aestheticfitnesskharghar/ | L30: Not Available
A31: Kharghar | B31: 3rd Floor, Prime Mall Ln, Sector 12, Kharghar, Panvel, Maharashtra 410210 | C31: =+91 99676 41791 -> #ERROR! | D31: https://www.google.com/maps/place/?q=place_id:ChIJ3WMtYcTD5zsRUXFmuL8o3UY | E31: 4.7 | F31: 407 | G31: 30 | H31: Arise Fitness Kharghar | I31: Not Available | J31: Not Available | K31: https://www.instagram.com/arisefitnesskharghar/ | L31: https://www.facebook.com/arisefitnesskharghar/
A32: CBD Belapur | B32: Level 3, Mayuresh square, Plot no. 17, Sector 15, CBD Belapur, Navi Mumbai, Maharashtra 400614 | C32: =+91 93213 98773 -> #ERROR! | D32: https://www.google.com/maps/place/?q=place_id:ChIJpdRze-TD5zsR5y6jX_uS3-U | E32: 4.8 | F32: 357 | G32: 31 | H32: Plus Fitness Belapur | I32: belapur@plusfitness.co.in | J32: https://www.plusfitness.co.in/gyms/belapur/ | K32: https://www.instagram.com/plusfitnessindia/ | L32: https://www.facebook.com/PlusFitnessIndia/
A33: CBD Belapur | B33: 2nd Floor, NMS Titanium, Sector 15, CBD Belapur, Navi Mumbai, Maharashtra 400614 | C33: =+91 90225 54999 -> #ERROR! | D33: https://www.google.com/maps/place/?q=place_id:ChIJZ96XEarD5zsR3KguAzsdDG8 | E33: 4.7 | F33: 392 | G33: 32 | H33: Gym Arenaa Fitness And Wellness Club | I33: gymarenaa163@gmail.com | J33: https://gymarenaa.in/ | K33: Not Available | L33: Not Available
A34: CBD Belapur | B34: Shop no 28-31, F type, Sector - 03 Market, CBD Belapur, Navi Mumbai, Maharashtra 400614 | C34: Not publicly listed | D34: https://www.google.com/maps/place/?q=place_id:ChIJC-6IZbjD5zsR8DB6niiDU0Q | E34: 4.8 | F34: 100 | G34: 33 | H34: MP's Fitness World (Sector 3) | I34: Not Available | J34: Not Available | K34: https://www.instagram.com/mps_fitness_world/ | L34: https://www.facebook.com/mpsfitnessworld
A35: CBD Belapur | B35: Shop-1/2, Arenja Towers, Sector 11, CBD Belapur, Navi Mumbai, Maharashtra 400614 | C35: =+91 98214 49296 -> #ERROR! | D35: https://www.google.com/maps/place/?q=place_id:ChIJAQAA8E3C5zsR_3BDYp3wJTM | E35: 4.8 | F35: 118 | G35: 34 | H35: Image Fitness Club | I35: Not Available | J35: Not Available | K35: Not Available | L35: Not Available
A36: CBD Belapur | B36: 403, Plot No.7, Chamber 2, Arenja Plaza, Sector 15, CBD Belapur, Navi Mumbai, Maharashtra 400614 | C36: =+91 77688 79921 -> #ERROR! | D36: https://www.google.com/maps/place/?q=place_id:ChIJWxqoy9TD5zsRii1UDYEy1Xo | E36: 5 | F36: 209 | G36: 35 | H36: Perfect Health & Fitness | I36: Not Available | J36: Not Available | K36: Not Available | L36: Not Available
A37: CBD Belapur | B37: Shop No: 6, Rajkamal Bayside, Plot No: 28, Sector 15, CBD Belapur, Navi Mumbai, Maharashtra 400614 | C37: =+91 80977 34167 -> #ERROR! | D37: https://www.google.com/maps/place/?q=place_id:ChIJ58yNSFjD5zsRcGRVeloljXA | E37: 4.7 | F37: 260 | G37: 36 | H37: Fitness Freak | I37: Not Available | J37: Not Available | K37: Not Available | L37: Not Available
A38: CBD Belapur | B38: C-4, Kali Mata Mandir Rd, Sector 8B, CBD Belapur, Navi Mumbai, Maharashtra 400614 | C38: =+91 90828 20128 -> #ERROR! | D38: https://www.google.com/maps/place/?q=place_id:ChIJpUpPAt_D5zsRU0z82JwQs1s | E38: 4.3 | F38: 46 | G38: 37 | H38: MP's FITNESS WORLD (Sector 8B) | I38: Not Available | J38: Not Available | K38: https://www.instagram.com/mps_fitness_world/ | L38: https://www.facebook.com/mpsfitnessworld
A39: CBD Belapur | B39: Plot no-92, Sector 8A, CBD Belapur, Navi Mumbai, Maharashtra 400614 | C39: =+91 93723 00166 -> #ERROR! | D39: https://www.google.com/maps/place/?q=place_id:ChIJ71OfJ_7D5zsRi_5zskjiDoE | E39: 4.6 | F39: 134 | G39: 38 | H39: FOCUS THE FITNESS | I39: Not Available | J39: Not Available | K39: Not Available | L39: Not Available
A40: CBD Belapur | B40: 44, Shop no.12, Progressive Sea Lounge, Sector 15, CBD Belapur, Navi Mumbai, Maharashtra 400614 | C40: =+91 90829 55754 -> #ERROR! | D40: https://www.google.com/maps/place/?q=place_id:ChIJ4T5tIkrD5zsRg-b0KMf1J1U | E40: 5 | F40: 60 | G40: 39 | H40: Panada Fitness Centre | I40: Not Available | J40: Not Available | K40: Not Available | L40: Not Available
A41: Seawoods/Nerul | B41: 19 East, Shop 54-56, Nerul East, Sector 19, Seawoods, Navi Mumbai, Maharashtra 400706 | C41: =+91 97692 10962 -> #ERROR! | D41: https://www.google.com/maps/place/?q=place_id:ChIJPW9nMWHD5zsRliiVijj5Bnk | E41: 5 | F41: 85 | G41: 40 | H41: Ironclad Fitness | I41: Not Available | J41: Not Available | K41: Not Available | L41: Not Available
A42: Airoli | B42: Shop no 9-11, Narmada Co-op Chs, Plot No. 36, Sector-19, Airoli, Navi Mumbai, Maharashtra 400708 | C42: =+91 80835 35352 -> #ERROR! | D42: https://www.google.com/maps/place/?q=place_id:ChIJ-UX9pn-55zsRLeJ4ehzLLHk | E42: 4.7 | F42: 470 | G42: 41 | H42: Evolve Fitness | I42: Not Available | J42: Not Available | K42: Not Available | L42: Not Available
A43: Airoli | B43: 2nd & 3rd Floor, Ruby Commercial Complex, Sector 4, Airoli, Navi Mumbai, Maharashtra 400708 | C43: =+91 93217 50750 -> #ERROR! | D43: https://www.google.com/maps/place/?q=place_id:ChIJuVUIf1G_5zsRZwN-mq-b_rM | E43: 4.6 | F43: 610 | G43: 42 | H43: Ikon Fitness | I43: Not Available | J43: Not Available | K43: Not Available | L43: Not Available
A44: Airoli | B44: 2nd Floor, Ripplez Mall, Plot no.6/A, Sector 7, Airoli, Navi Mumbai, Maharashtra 400708 | C44: =+91 99305 62521 -> #ERROR! | D44: https://www.google.com/maps/place/?q=place_id:ChIJM8PthVS_5zsRQKrrpu-LUzQ | E44: 4.3 | F44: 370 | G44: 43 | H44: Talwalkars Airoli | I44: Not Available | J44: Not Available | K44: https://www.instagram.com/talwalkarsfitnessofficial/ | L44: https://www.facebook.com/TalwalkarsFitnessOfficial/
A45: Airoli | B45: Shop No 12/13, Sector-19, Airoli, Navi Mumbai, Maharashtra 400708 | C45: Not publicly listed | D45: https://www.google.com/maps/place/?q=place_id:ChIJGRzkibS45zsRAs2-ZH0Bpxs | E45: 4.8 | F45: 399 | G45: 44 | H45: Revolution Pro Fitness, Airoli | I45: Not Available | J45: Not Available | K45: https://www.instagram.com/revolutionprofitness/ | L45: https://www.facebook.com/revolutionprofitness/
A46: Airoli | B46: Basement Shankar Sheela Apartment, Sector 9, Airoli, Navi Mumbai, Maharashtra 400708 | C46: =+91 98924 85426 -> #ERROR! | D46: https://www.google.com/maps/place/?q=place_id:ChIJtZE8iRe_5zsRbWuaUSols80 | E46: 4.9 | F46: 176 | G46: 45 | H46: Falcon Fitness Arena | I46: Not Available | J46: Not Available | K46: https://www.instagram.com/falconfitnessarena/ | L46: https://www.facebook.com/falconfitnessarena/
A47: Airoli | B47: Sector 3 Airoli Rd, Sector 3, Airoli, Navi Mumbai, Maharashtra 400708 | C47: =+91 97731 34617 -> #ERROR! | D47: https://www.google.com/maps/place/?q=place_id:ChIJ57qmnbS45zsRGaORxYL-Su0 | E47: 4.5 | F47: 401 | G47: 46 | H47: Revival Gym | I47: Not Available | J47: Not Available | K47: https://www.instagram.com/revivalgymairoli/ | L47: https://www.facebook.com/revivalgymairoli/
A48: Airoli | B48: Swaraj Daffodils, Sector 8A, Airoli, Navi Mumbai, Maharashtra 400708 | C48: =+91 90047 46939 -> #ERROR! | D48: https://www.google.com/maps/place/?q=place_id:ChIJKc-BrIe_5zsRca-pGRMRDzU | E48: 4.8 | F48: 95 | G48: 47 | H48: J&K Fitness Unisex Gym, Airoli | I48: Not Available | J48: Not Available | K48: https://www.instagram.com/jkfitnessairoli/ | L48: Not Available
A49: Airoli | B49: 1st Floor, Bhumiraj Meadows CHS, Sector-19, Airoli, Navi Mumbai, Maharashtra 400708 | C49: =+91 74001 63731 -> #ERROR! | D49: https://www.google.com/maps/place/?q=place_id:ChIJf3Zdr-q55zsRLfSx8DNkWJU | E49: 4.8 | F49: 183 | G49: 48 | H49: Pump and Pulse Fitness | I49: Not Available | J49: Not Available | K49: https://www.instagram.com/pumpandpulsefitness/ | L49: https://www.facebook.com/pumpandpulsefitness/
A50: Airoli | B50: Shop no. 1, Radha Krishna Apartment, Sector 9, Airoli, Navi Mumbai, Maharashtra 400708 | C50: =+91 73403 04141 -> #ERROR! | D50: https://www.google.com/maps/place/?q=place_id:ChIJTz1Ql9m55zsRItQ786Pcb5E | E50: 4.8 | F50: 140 | G50: 49 | H50: BODY VISION FITNESS | I50: Not Available | J50: Not Available | K50: https://www.instagram.com/bodyvisionfitnessairoli/ | L50: https://www.facebook.com/bodyvisionfitnessairoli/
A51: Airoli | B51: Namdev Krishna Rd, Sector 1, Airoli, Navi Mumbai, Maharashtra 400708 | C51: =+91 81080 57050 -> #ERROR! | D51: https://www.google.com/maps/place/?q=place_id:ChIJV8IjPUq_5zsRzMb1lKsPQKw | E51: 4.2 | F51: 851 | G51: 50 | H51: Rajesh Health Club & Swimming Pool Airoli | I51: Not Available | J51: Not Available | K51: https://www.instagram.com/rajeshhealthclub/ | L51: https://www.facebook.com/rajeshhealthclub/
A52: Airoli/Rabale | B52: Gautam Nagar, MIDC Industrial Area, Rabale, Navi Mumbai, Maharashtra 400708 | C52: =+91 76665 17777 -> #ERROR! | D52: https://www.google.com/maps/place/?q=place_id:ChIJRdp3Y1e_5zsRWZEaUquJDLk | E52: 5 | F52: 1248 | G52: 51 | H52: HARDCORE GYM | I52: ramdalwai7@gmail.com | J52: https://hardcoregym.in/ | K52: https://www.instagram.com/hardcoregym_rabale/ | L52: https://www.facebook.com/hardcoregymrabale/
A53: Airoli | B53: Airoli Station Main Rd, Sector 5, Airoli, Navi Mumbai, Maharashtra 400708 | C53: =+91 80820 17870 -> #ERROR! | D53: https://www.google.com/maps/place/?q=place_id:ChIJxd4qikm_5zsRD5ctkHeL3y0 | E53: 5 | F53: 11 | G53: 52 | H53: RED ROXX FITNESS | I53: Not Available | J53: Not Available | K53: Not Available | L53: Not Available
A54: Airoli | B54: Shiv Shankar plaza, Sector 7, Airoli, Thane, Navi Mumbai, Maharashtra 400708 | C54: =+91 89761 04020 -> #ERROR! | D54: https://www.google.com/maps/place/?q=place_id:ChIJUwOu4OK_5zsR1nnszaTg4TQ | E54: 5 | F54: 29 | G54: 53 | H54: FITNESS FIRST GYM | I54: Not Available | J54: Not Available | K54: Not Available | L54: Not Available
A55: Kopar Khairane | B55: Plot No 73, Sector 18, Kopar Khairane, Navi Mumbai, Maharashtra 400709 | C55: Not publicly listed | D55: https://www.google.com/maps/place/?q=place_id:ChIJowgUJwDB5zsRXu00-iF67-Y | E55: 4.7 | F55: 47 | G55: 54 | H55: Yes Fit Gym | I55: Not Available | J55: Not Available | K55: Not Available | L55: Not Available
A56: Kopar Khairane | B56: 1st Floor, Bonkode Village Marg, Sector 11, Kopar Khairane, Navi Mumbai, Maharashtra 400709 | C56: =+91 73043 99220 -> #ERROR! | D56: https://www.google.com/maps/place/?q=place_id:ChIJxdfOmLjB5zsR6auRL6HA5L4 | E56: 4.8 | F56: 38 | G56: 55 | H56: Fitness Club Studio, Kopar Khairne | I56: Not Available | J56: Not Available | K56: Not Available | L56: Not Available
A57: Kopar Khairane | B57: 1st floor, Balaji Exotica, Plot no. 31, Sector 9, Kopar Khairane, Navi Mumbai, Maharashtra 400709 | C57: =+91 95944 14178 -> #ERROR! | D57: https://www.google.com/maps/place/?q=place_id:ChIJX3bWrnPB5zsRG-XRg5j3JGU | E57: 4.7 | F57: 136 | G57: 56 | H57: 4FIT GYM - EMPOWERING BODIES | I57: Not Available | J57: Not Available | K57: Not Available | L57: Not Available
A58: Kopar Khairane | B58: Orchid building, Plot no 56, Sector 15, Kopar Khairane, Navi Mumbai, Maharashtra 400709 | C58: Not publicly listed | D58: https://www.google.com/maps/place/?q=place_id:ChIJ4doTmtfA5zsRG5Igra8Bk10 | E58: 4.9 | F58: 742 | G58: 57 | H58: IB GYM FITNESS | I58: Not Available | J58: Not Available | K58: Not Available | L58: Not Available
A59: Kopar Khairane | B59: Shop no 67, Ganesh Bhavana, Sector 4A, Kopar Khairane, Navi Mumbai, Maharashtra 400709 | C59: =+91 86683 80880 -> #ERROR! | D59: https://www.google.com/maps/place/?q=place_id:ChIJR1x-cBTB5zsRohUhp5FGBp4 | E59: 4.7 | F59: 123 | G59: 58 | H59: Fitness Square | I59: Not Available | J59: Not Available | K59: Not Available | L59: Not Available
A60: Kopar Khairane | B60: Jigna arcade, near Bonkode Road, Sector 13, Kopar Khairane, Navi Mumbai, Maharashtra 400709 | C60: =+91 91367 86296 -> #ERROR! | D60: https://www.google.com/maps/place/?q=place_id:ChIJGXdQ4IvB5zsRe8oDfKF0Syg | E60: 4.1 | F60: 74 | G60: 59 | H60: Fitness Kingdom Golds | I60: Not Available | J60: Not Available | K60: Not Available | L60: Not Available
A61: Kopar Khairane | B61: Shop No. 01-03, Muktai CHS, Plot No.06A, Sector 06, Kopar Khairane, Navi Mumbai, Maharashtra 400709 | C61: =+91 91676 68669 -> #ERROR! | D61: https://www.google.com/maps/place/?q=place_id:ChIJATiu_GnB5zsRe5cuQL4smlw | E61: 4.7 | F61: 130 | G61: 60 | H61: More's Muscle Factory | I61: Not Available | J61: Not Available | K61: Not Available | L61: Not Available
A62: Kopar Khairane | B62: 56, Gyan Vikas Road, Sector 17, Kopar Khairane, Navi Mumbai, Maharashtra 400709 | C62: Not publicly listed | D62: https://www.google.com/maps/place/?q=place_id:ChIJN18Mv_rB5zsRmiF8cpGVDzg | E62: 4.3 | F62: 35 | G62: 61 | H62: Core Fitness | I62: Not Available | J62: Not Available | K62: Not Available | L62: Not Available
A63: Kopar Khairane | B63: Sector 12B, Sector 13, Kopar Khairane, Navi Mumbai, Maharashtra 400709 | C63: Not publicly listed | D63: https://www.google.com/maps/place/?q=place_id:ChIJ9eu3njPB5zsRJWeEAB6WyVM | E63: 5 | F63: 33 | G63: 62 | H63: Pro Fitness Center | I63: Not Available | J63: Not Available | K63: Not Available | L63: Not Available
A64: Kopar Khairane | B64: Room 272-274, Sector 1, Kopar Khairane, Navi Mumbai, Maharashtra 400709 | C64: =+91 88884 03579 -> #ERROR! | D64: https://www.google.com/maps/place/?q=place_id:ChIJRRaJztrA5zsRy5L2jnQnAQw | E64: 4.9 | F64: 43 | G64: 63 | H64: Iron Fitness Unisex A/C Gym | I64: Not Available | J64: Not Available | K64: Not Available | L64: Not Available
A65: Kopar Khairane | B65: 1st floor, Plot no. 76, 77, Sector 5, Kopar Khairane, Navi Mumbai, Maharashtra 400709 | C65: Not publicly listed | D65: https://www.google.com/maps/place/?q=place_id:ChIJvVBR1d_B5zsReewVWFxosn0 | E65: 4.2 | F65: 219 | G65: 64 | H65: ROCK HARD FITNESS GYM | I65: Not Available | J65: Not Available | K65: Not Available | L65: Not Available
A66: Ghansoli | B66: Shop No.1,2&4, Sonai Skyline, Plot No.11, Sector 15, Ghansoli, Navi Mumbai, Maharashtra 400701 | C66: =+91 96199 95922 -> #ERROR! | D66: https://www.google.com/maps/place/?q=place_id:ChIJm6BumirH5zsRcP8Eqymoe6U | E66: 4.9 | F66: 209 | G66: 65 | H66: FlexFire Premium Gym | I66: flexfireghansoli@gmail.com | J66: https://www.flexfiregym.in/ | K66: https://www.instagram.com/flexfiregym/ | L66: https://www.facebook.com/flexfiregym/
A67: Ghansoli | B67: Pratik Heights, Plot no. 16, Sector 15, Ghansoli, Navi Mumbai, Maharashtra 400701 | C67: =+91 86554 18911 -> #ERROR! | D67: https://www.google.com/maps/place/?q=place_id:ChIJX1bePaPH5zsR9QPs1j9OXWA | E67: 4.8 | F67: 357 | G67: 66 | H67: Kenzo Fitness Ghansoli | I67: Not Available | J67: https://www.kenzofitness.co.in/ | K67: https://www.instagram.com/kenzofitnessindia/ | L67: https://www.facebook.com/kenzofitnessindia/
A68: Ghansoli | B68: Shop No. 12-13, Gold Crest Residency, Sector 11, Ghansoli, Navi Mumbai, Maharashtra 400701 | C68: Not publicly listed | D68: https://www.google.com/maps/place/?q=place_id:ChIJiUwsd3rB5zsRjPhJLimncv4 | E68: 4.6 | F68: 175 | G68: 67 | H68: Re-Gen Fitness | I68: Not Available | J68: Not Available | K68: https://www.instagram.com/regenfitness21/ | L68: https://www.facebook.com/regenfitness21/
A69: Ghansoli | B69: Shop No 1&2, NG Grand Plaza, Jijamata Nagar, Ghansoli, Navi Mumbai, Maharashtra 400701 | C69: =+91 79776 19543 -> #ERROR! | D69: https://www.google.com/maps/place/?q=place_id:ChIJ3YoCpFzH5zsRFllyDZb30BI | E69: 4.5 | F69: 95 | G69: 68 | H69: Kaivon Fitness Ghansoli | I69: Not Available | J69: Not Available | K69: Not Available | L69: Not Available
A70: Ghansoli | B70: Shop-106, Plot 10, Sector 3, Ghansoli, Navi Mumbai, Maharashtra 400701 | C70: =+91 99205 99440 -> #ERROR! | D70: https://www.google.com/maps/place/?q=place_id:ChIJibV45MXA5zsRmV6IpFkesWM | E70: 4.7 | F70: 111 | G70: 69 | H70: One Life Fitness Hub | I70: onelifefitnesshub@gmail.com | J70: http://onelifefitnesshub.com | K70: Not Available | L70: https://www.facebook.com/onelifefitnesshub
A71: Ghansoli | B71: above Jagdamb Hotel, Talvali, Sector 25, Ghansoli, Navi Mumbai, Maharashtra 400701 | C71: Not publicly listed | D71: https://www.google.com/maps/place/?q=place_id:ChIJzytmFQDB5zsRT65E9N6D52U | E71: 5 | F71: 25 | G71: 70 | H71: Unicorn Fitness - Unisex Gym | I71: Not Available | J71: Not Available | K71: Not Available | L71: Not Available
A72: Ghansoli | B72: Shop No 25-29, Patel Heights CHS, Sector 7, Ghansoli, Navi Mumbai, Maharashtra 400701 | C72: =+91 85911 19656 -> #ERROR! | D72: https://www.google.com/maps/place/?q=place_id:ChIJG0x9Ff_B5zsRqjrUGSQhyQc | E72: 4.2 | F72: 157 | G72: 71 | H72: D2 Fitnesss | I72: Not Available | J72: Not Available | K72: Not Available | L72: Not Available
A73: Ghansoli | B73: 1st floor, Plot no. 14, Sector 8, Ghansoli, Navi Mumbai, Maharashtra 400701 | C73: =+91 79773 94068 -> #ERROR! | D73: https://www.google.com/maps/place/?q=place_id:ChIJISHA4R3B5zsRGFhKfyr3Fi8 | E73: 4.8 | F73: 36 | G73: 72 | H73: 4 Fitness Gym | I73: Not Available | J73: Not Available | K73: Not Available | L73: Not Available
A74: Ghansoli | B74: Shop no.19, Satyam Imperial Heights, Sec-11, Ghansoli, Navi Mumbai, Maharashtra 400701 | C74: =+91 72081 69894 -> #ERROR! | D74: https://www.google.com/maps/place/?q=place_id:ChIJzTd_1CTH5zsRbDgVaDS17bQ | E74: 4.8 | F74: 11 | G74: 73 | H74: FLOW FIT | I74: Not Available | J74: Not Available | K74: Not Available | L74: Not Available
A75: Ghansoli | B75: 1st Floor, Shreya Apartment, Sector 9, Ghansoli, Navi Mumbai, Maharashtra 400701 | C75: =+91 93594 27060 -> #ERROR! | D75: https://www.google.com/maps/place/?q=place_id:ChIJ0U9ovqTB5zsR0cSyOZjdQ3I | E75: 5 | F75: 59 | G75: 74 | H75: Maruti Fitness Gym | I75: Not Available | J75: Not Available | K75: Not Available | L75: Not Available
A76: Turbhe | B76: A1/69, Shop no-3, 1st Floor, Vashi-Turbhe Rd, Sector 21, Turbhe, Navi Mumbai, Maharashtra 400703 | C76: Not publicly listed | D76: https://www.google.com/maps/place/?q=place_id:ChIJUeUCOWfB5zsRnLsJhjdz7_Y | E76: 4.7 | F76: 67 | G76: 75 | H76: Third Space Gym | I76: Not Available | J76: Not Available | K76: Not Available | L76: Not Available
A77: Turbhe | B77: Hanuman Nagar, Pfizer Rd, MIDC Industrial Area, Turbhe, Navi Mumbai, Maharashtra 400703 | C77: =+91 99672 92961 -> #ERROR! | D77: https://www.google.com/maps/place/?q=place_id:ChIJJZk1RTnB5zsRvAb8wUAnu78 | E77: 5 | F77: 29 | G77: 76 | H77: IRON LIFTERS GYM | I77: Not Available | J77: Not Available | K77: Not Available | L77: Not Available
A78: Turbhe | B78: Hanuman Mandir Gali, Turbhe Village, Sector 22, Turbhe, Navi Mumbai, Maharashtra 400703 | C78: =+91 90828 20128 -> #ERROR! | D78: https://www.google.com/maps/place/?q=place_id:ChIJc2rKzUbB5zsRMnlwWOXt3YE | E78: 4.6 | F78: 145 | G78: 77 | H78: MP's Fitness World (Turbhe) | I78: Not Available | J78: Not Available | K78: https://www.instagram.com/mps_fitness_world/ | L78: https://www.facebook.com/mpsfitnessworld
A79: Turbhe | B79: Caravan House, Bank Of India Rd, Sector 24, Turbhe, Navi Mumbai, Maharashtra 400703 | C79: Not publicly listed | D79: https://www.google.com/maps/place/?q=place_id:ChIJBwipBYrB5zsRADysj6g9HeU | E79: 4.3 | F79: 25 | G79: 78 | H79: Power House Gym | I79: Not Available | J79: Not Available | K79: Not Available | L79: Not Available
A80: Sanpada | B80: 55, Ashok Shantaram Thakur Marg, Sector 6, Sanpada, Navi Mumbai, Maharashtra 400705 | C80: =+91 88881 18865 -> #ERROR! | D80: https://www.google.com/maps/place/?q=place_id:ChIJe48gzBfB5zsRIJk1vqmtTYI | E80: 4.9 | F80: 363 | G80: 79 | H80: Result Fitness | I80: Not Available | J80: Not Available | K80: Not Available | L80: Not Available
A81: Sanpada | B81: Shop No 7-9, Akhurath Bldg, Palm Beach Rd, Sector 14, Sanpada, Navi Mumbai, Maharashtra 400705 | C81: Not publicly listed | D81: https://www.google.com/maps/place/?q=place_id:ChIJ7V2FMVDB5zsRIIRADCv5QC0 | E81: 4.8 | F81: 925 | G81: 80 | H81: TOUGHTRIBE FITNESS | I81: Not Available | J81: Not Available | K81: Not Available | L81: Not Available
A82: Sanpada | B82: B/4, 1st Floor, Moraj Palm Paradise, Plot No 8, Sector 17, Sanpada, Navi Mumbai, Maharashtra 400705 | C82: =+91 91372 88105 -> #ERROR! | D82: https://www.google.com/maps/place/?q=place_id:ChIJVVXl2lDB5zsRDb7h_UmidUI | E82: 4.7 | F82: 412 | G82: 81 | H82: Samara Gym | I82: info@samaragym.com | J82: https://www.samaragym.com | K82: https://www.instagram.com/samaragymofficial/ | L82: https://www.facebook.com/SamaraGym/
A83: Sanpada | B83: Shop no. S7, S8 & S19, 2nd Floor, The Affaires, Palm Beach Rd, Sector 17, Sanpada, Navi Mumbai, Maharashtra 400705 | C83: =+91 79770 77905 -> #ERROR! | D83: https://www.google.com/maps/place/?q=place_id:ChIJicHk_fHB5zsRFyxZsdzcrhY | E83: 4.8 | F83: 303 | G83: 82 | H83: TUNGSTEN FITNESS CLUB - SANPADA | I83: tungstenfitnessclub@gmail.com | J83: https://tungstenfitness.in | K83: https://www.instagram.com/tungstenfitnessclub/ | L83: https://www.facebook.com/tungstenfitnessclub/
A84: Sanpada | B84: Kshitij Towers, Palm Beach Service Road, Sector 19, Sanpada, Navi Mumbai, Maharashtra 400705 | C84: =+91 95209 82437 -> #ERROR! | D84: https://www.google.com/maps/place/?q=place_id:ChIJsbhJum7B5zsRhG-i4VpZU2g | E84: 4.8 | F84: 66 | G84: 83 | H84: Anytime Fitness (Sanpada) | I84: Not Available | J84: https://www.anytimefitness.co.in | K84: https://www.instagram.com/anytimefitnessindia/ | L84: https://www.facebook.com/AnytimeFitnessIndia/
A85: Sanpada | B85: 1st Floor, Balaji Heights, Plot No 4, Sector 11, Sanpada, Navi Mumbai, Maharashtra 400705 | C85: =+91 97690 17199 -> #ERROR! | D85: https://www.google.com/maps/place/?q=place_id:ChIJCwOl9wjB5zsRTavGVG0Fsxc | E85: 4.9 | F85: 19 | G85: 84 | H85: Metabolic Fitness Sanpada | I85: Not Available | J85: Not Available | K85: https://www.instagram.com/metabolicfitness_sanpada/ | L85: Not Available
A86: Sanpada | B86: Showroom No. 1, Goodwill Unity CHSL, Plot No. 12, Sector 8, Sanpada, Navi Mumbai, Maharashtra 400703 | C86: =+91 98925 52114 -> #ERROR! | D86: https://www.google.com/maps/place/?q=place_id:ChIJjYPsS7_B5zsRVtWebebFobA | E86: 4.8 | F86: 240 | G86: 85 | H86: Mustangs Fitness Centre | Sanpada | I86: sales@mustangs.in | J86: https://www.mustangsfitness.com | K86: https://www.instagram.com/mustangsfitnesscentre/ | L86: https://www.facebook.com/mustangsfitnesscentre/
A87: Sanpada | B87: 04, Sector 11, Sanpada, Navi Mumbai, Maharashtra 400705 | C87: =+91 97684 18989 -> #ERROR! | D87: https://www.google.com/maps/place/?q=place_id:ChIJJ_ooW17B5zsRvU4HdVz74No | E87: 4.8 | F87: 220 | G87: 86 | H87: PRO ADDICTS FITNESS AND GYM (UNISEX) | I87: Not Available | J87: Not Available | K87: https://www.instagram.com/proaddictsfitness/ | L87: https://www.facebook.com/proaddictsfitness/
A88: Sanpada | B88: Shop No 7, Parth Magnus, Plot No. 22, Sector 4, Sanpada, Navi Mumbai, Maharashtra 400705 | C88: =+91 83697 40525 -> #ERROR! | D88: https://www.google.com/maps/place/?q=place_id:ChIJA2o3f3jB5zsRofdLLlfpAMo | E88: 4.9 | F88: 33 | G88: 87 | H88: Image Fitness | I88: Not Available | J88: Not Available | K88: Not Available | L88: Not Available
A89: Sanpada | B89: E-003, ground floor, Sanpada Station Rd, Sector 3, Sanpada, Navi Mumbai, Maharashtra 400705 | C89: =+91 82861 33957 -> #ERROR! | D89: https://www.google.com/maps/place/?q=place_id:ChIJrdwa-kTB5zsRAb4pH8ufArw | E89: 4.8 | F89: 316 | G89: 88 | H89: Prayas Fitness Club | I89: Not Available | J89: Not Available | K89: https://www.instagram.com/prayasfitnessclub/ | L89: https://www.facebook.com/prayasfitnessclub/
A90: Seawoods | B90: 1st Floor, Tanushree Heights CHS Ltd, Plot No. 34, Seawoods West, Sector 42A, Seawoods, Navi Mumbai, Maharashtra 400706 | C90: =+91 73044 43599 -> #ERROR! | D90: https://www.google.com/maps/place/?q=place_id:ChIJTQc93t3D5zsRojOon9K_PA4 | E90: 5 | F90: 211 | G90: 89 | H90: Plus Fitness 24/7 Seawoods | I90: seawoods@plusfitness.co.in | J90: https://www.plusfitness.co.in/gyms/seawoods | K90: https://www.instagram.com/plusfitnessindia/ | L90: https://www.facebook.com/PlusFitnessIndia/
A91: Seawoods | B91: 1st floor, 51, near Grand Central Mall, Seawoods West, Sector 40, Seawoods, Navi Mumbai, Maharashtra 400706 | C91: =+91 83699 44765 -> #ERROR! | D91: https://www.google.com/maps/place/?q=place_id:ChIJARs5CADD5zsRLVh14JCR3j4 | E91: 4.9 | F91: 188 | G91: 90 | H91: REVIVE FITNESS | I91: Not Available | J91: Not Available | K91: https://www.instagram.com/revivefitness_seawoods/ | L91: https://www.facebook.com/revivefitnessseawoods/
A92: Seawoods | B92: Shop No: 20-23, New Horizon CHS, Sector 46, Seawoods, Navi Mumbai, Maharashtra 400706 | C92: =+91 81048 82203 -> #ERROR! | D92: https://www.google.com/maps/place/?q=place_id:ChIJG2x5l4PD5zsRF9xz2k0ELac | E92: 4.8 | F92: 227 | G92: 91 | H92: The Fitness Empire | I92: Not Available | J92: Not Available | K92: https://www.instagram.com/thefitnessempire_ | L92: https://www.facebook.com/thefitnessempireseawoods/
A93: Seawoods | B93: 1st Floor, Merchant Classic Building, Plot No.3, Sector 48-A, Seawoods, Navi Mumbai, Maharashtra 400706 | C93: =+91 98193 61809 -> #ERROR! | D93: https://www.google.com/maps/place/?q=place_id:ChIJ45PSdpjD5zsRckUCDXaJthY | E93: 4.8 | F93: 596 | G93: 92 | H93: CLUB 90 | I93: Not Available | J93: Not Available | K93: https://www.instagram.com/club90gym/ | L93: https://www.facebook.com/club90gym/
A94: Seawoods | B94: 1st Floor, The Signature, Seawoods West, Sector 44A, Seawoods, Navi Mumbai, Maharashtra 400706 | C94: Not publicly listed | D94: https://www.google.com/maps/place/?q=place_id:ChIJFX1FZPvD5zsRj0hPl6lzbwU | E94: 4.7 | F94: 89 | G94: 93 | H94: Taiso Fitness Seawoods | I94: Not Available | J94: https://taisofitness.com | K94: https://www.instagram.com/taisofitness/ | L94: https://www.facebook.com/taisofitness/
A95: Seawoods/Nerul | B95: Shop no.8A, Shanti Vaibhav CHS, Seawoods West, Sector 42A, Nerul, Navi Mumbai, Maharashtra 400706 | C95: =+91 79776 54950 -> #ERROR! | D95: https://www.google.com/maps/place/?q=place_id:ChIJRwLGbsXD5zsRL-_Qc87tBqo | E95: 4.7 | F95: 104 | G95: 94 | H95: Powerplex Fitness | I95: Not Available | J95: Not Available | K95: https://www.instagram.com/powerplexfitness/ | L95: https://www.facebook.com/powerplexfitness/
A96: Seawoods/Nerul | B96: Shreeji Darshan Society, Sec 40, Seawoods West, Sector 40, Nerul, Navi Mumbai, Maharashtra 400706 | C96: =+91 88284 33493 -> #ERROR! | D96: https://www.google.com/maps/place/?q=place_id:ChIJlaneXwjD5zsRCObvb4AWU14 | E96: 4.6 | F96: 95 | G96: 95 | H96: Verve Gymnasium | I96: Not Available | J96: Not Available | K96: https://www.instagram.com/vervegymnasium/ | L96: https://www.facebook.com/vervegymnasium/
A97: Panvel | B97: 4th Floor, Karnala Sports Academy, Sector 16, Old Panvel, Panvel, Maharashtra 410206 | C97: =+91 84248 32233 -> #ERROR! | D97: https://www.google.com/maps/place/?q=place_id:ChIJoQuppYDp5zsROQZb5kN-pMY | E97: 4.8 | F97: 298 | G97: 96 | H97: OutRaw Gym | I97: Not Available | J97: https://outrawgym.com | K97: https://www.instagram.com/outrawgym/ | L97: https://www.facebook.com/outrawgym/
A98: Panvel | B98: Madhumalti building, Sector-8, Khanda Colony, Panvel, Navi Mumbai, Maharashtra 410206 | C98: =+91 92230 23928 -> #ERROR! | D98: https://www.google.com/maps/place/?q=place_id:ChIJX-EYPADp5zsRtFDGWuLvOT8 | E98: 4.9 | F98: 69 | G98: 97 | H98: The Warrior Fitness (Formerly Shree Gym) | I98: Not Available | J98: Not Available | K98: https://www.instagram.com/thewarriorfitness_/ | L98: https://www.facebook.com/thewarriorfitnessgym/
A99: Panvel | B99: Plot no 148, 3rd floor, Old Panvel, Panvel, Maharashtra 410206 | C99: =+91 95943 95577 -> #ERROR! | D99: https://www.google.com/maps/place/?q=place_id:ChIJn6BOf5vp5zsRav2b2GbgHJs | E99: 4.6 | F99: 167 | G99: 98 | H99: Hi Fitness Studio | I99: Not Available | J99: Not Available | K99: https://www.instagram.com/hifitnessstudio/ | L99: https://www.facebook.com/hifitnessstudio/
A100: New Panvel | B100: Shop no.119, 1st floor, Shiva Complex, Sector 19, New Panvel East, Panvel, Maharashtra 410206 | C100: =+91 98339 11101 -> #ERROR! | D100: https://www.google.com/maps/place/?q=place_id:ChIJwfEFzVzo5zsR9OoQciA9ws0 | E100: 4.8 | F100: 945 | G100: 99 | H100: MY GYM | I100: Not Available | J100: Not Available | K100: https://www.instagram.com/mygympanvel/ | L100: https://www.facebook.com/mygympanvel/
...

Sheet Navi Gym Lead
A1: S.No | B1: Gym Name | C1: Area/Location | D1: Full Address | E1: Google Map | F1: Contact Number | G1: Email Address | H1: Website | I1: Instagram | J1: Facebook | K1: Google Rating | L1: Number of Reviews
A2: 1 | B2: 2 More Fitness Gym | C2: Rabale | D2: Trimbakeshwar Apt, Sector 30D, near Balaji Park, Sector 30, Rabale, Navi Mumbai, Maharashtra 400701 | E2: =IF(OR(Raw!D152="",LOWER(Raw!D152)="not available"),"Not Available",HYPERLINK(Raw!D152,"Maps")) -> Maps | F2: 96193 97773 | G2: Not Available | H2: Not Available | I2: Not Available | J2: Not Available | K2: 4.8 | L2: 157
A3: 2 | B3: 4 Fitness gym | C3: Ghansoli | D3: 1st floor, Plot no. 14, Sector 8, Ghansoli, Navi Mumbai, Maharashtra 400701 | E3: =IF(OR(Raw!D73="",LOWER(Raw!D73)="not available"),"Not Available",HYPERLINK(Raw!D73,"Maps")) -> Maps | F3: 79773 94068 | G3: Not Available | H3: Not Available | I3: =IF(OR(Raw!K73="",LOWER(Raw!K73)="not available"),"Not Available",HYPERLINK(Raw!K73,"Instagram")) -> Not Available | J3: =IF(OR(Raw!L73="",LOWER(Raw!L73)="not available"),"Not Available",HYPERLINK(Raw!L73,"Facebook")) -> Not Available | K3: 4.8 | L3: 36
A4: 3 | B4: 4FIT GYM - EMPOWERING BODIES | C4: Kopar Khairane | D4: 1st floor, Balaji Exotica, Plot no. 31, Sector 9, Kopar Khairane, Navi Mumbai, Maharashtra 400709 | E4: =IF(OR(Raw!D57="",LOWER(Raw!D57)="not available"),"Not Available",HYPERLINK(Raw!D57,"Maps")) -> Maps | F4: 95944 14178 | G4: Not Available | H4: Not Available | I4: =IF(OR(Raw!K57="",LOWER(Raw!K57)="not available"),"Not Available",HYPERLINK(Raw!K57,"Instagram")) -> Not Available | J4: =IF(OR(Raw!L57="",LOWER(Raw!L57)="not available"),"Not Available",HYPERLINK(Raw!L57,"Facebook")) -> Not Available | K4: 4.7 | L4: 136
A5: 4 | B5: AEI Fitness | C5: Ulwe | D5: 8th Floor, NMS Icon, Plot No 194, Sector 19, Ulwe, Navi Mumbai, Maharashtra 410206 | E5: =IF(OR(Raw!D135="",LOWER(Raw!D135)="not available"),"Not Available",HYPERLINK(Raw!D135,"Maps")) -> Maps | F5: 77158 03788 | G5: Not Available | H5: Not Available | I5: =IF(OR(Raw!K135="",LOWER(Raw!K135)="not available"),"Not Available",HYPERLINK(Raw!K135,"Instagram")) -> Instagram | J5: =IF(OR(Raw!L135="",LOWER(Raw!L135)="not available"),"Not Available",HYPERLINK(Raw!L135,"Facebook")) -> Facebook | K5: 4.8 | L5: 265
A6: 5 | B6: Aesthetic Arena Fitness Center | C6: Panvel | D6: Shop No 06, Aditya Vihar CHS, Mahatma Phule Rd, Old Panvel, Panvel, Maharashtra 410206 | E6: =IF(OR(Raw!D101="",LOWER(Raw!D101)="not available"),"Not Available",HYPERLINK(Raw!D101,"Maps")) -> Maps | F6: 85912 22344 | G6: Not Available | H6: Not Available | I6: =IF(OR(Raw!K101="",LOWER(Raw!K101)="not available"),"Not Available",HYPERLINK(Raw!K101,"Instagram")) -> Instagram | J6: =IF(OR(Raw!L101="",LOWER(Raw!L101)="not available"),"Not Available",HYPERLINK(Raw!L101,"Facebook")) -> Not Available | K6: 4.6 | L6: 136
A7: 6 | B7: Aesthetic Fitness | C7: Kharghar | D7: Shop 08/09, Sai Sakshaat society, Sector-06, Kharghar, Panvel, Maharashtra 410210 | E7: =IF(OR(Raw!D30="",LOWER(Raw!D30)="not available"),"Not Available",HYPERLINK(Raw!D30,"Maps")) -> Maps | F7: 89286 03693 | G7: Not Available | H7: Not Available | I7: =IF(OR(Raw!K30="",LOWER(Raw!K30)="not available"),"Not Available",HYPERLINK(Raw!K30,"Instagram")) -> Instagram | J7: =IF(OR(Raw!L30="",LOWER(Raw!L30)="not available"),"Not Available",HYPERLINK(Raw!L30,"Facebook")) -> Not Available | K7: 4.8 | L7: 136
A8: 7 | B8: Akhada Unisex Fitness Zone | C8: Nerul | D8: Sukhshanti Society, Plot no A-7, Nerul East, Sector 20, Nerul, Navi Mumbai, Maharashtra 400706 | E8: =IF(OR(Raw!D18="",LOWER(Raw!D18)="not available"),"Not Available",HYPERLINK(Raw!D18,"Maps")) -> Maps | F8: 95945 75707 | G8: Not Available | H8: Not Available | I8: =IF(OR(Raw!K18="",LOWER(Raw!K18)="not available"),"Not Available",HYPERLINK(Raw!K18,"Instagram")) -> Instagram | J8: =IF(OR(Raw!L18="",LOWER(Raw!L18)="not available"),"Not Available",HYPERLINK(Raw!L18,"Facebook")) -> Facebook | K8: 4.9 | L8: 633
A9: 8 | B9: Anytime Fitness | C9: Sanpada | D9: Kshitij Towers, Palm Beach Service Road, Sector 19, Sanpada, Navi Mumbai, Maharashtra 400705 | E9: =IF(OR(Raw!D84="",LOWER(Raw!D84)="not available"),"Not Available",HYPERLINK(Raw!D84,"Maps")) -> Maps | F9: 95209 82437 | G9: Not Available | H9: Anytime Fitness | I9: =IF(OR(Raw!K84="",LOWER(Raw!K84)="not available"),"Not Available",HYPERLINK(Raw!K84,"Instagram")) -> Instagram | J9: =IF(OR(Raw!L84="",LOWER(Raw!L84)="not available"),"Not Available",HYPERLINK(Raw!L84,"Facebook")) -> Facebook | K9: 4.8 | L9: 66
A10: 9 | B10: Aqua Fitness Club | C10: Vashi | D10: 1st Floor, Marine Street, Juhu Nagar Rd, Sector 11, Vashi, Navi Mumbai, Maharashtra 400703 | E10: =IF(OR(Raw!D6="",LOWER(Raw!D6)="not available"),"Not Available",HYPERLINK(Raw!D6,"Maps")) -> Maps | F10: 85915 03535 | G10: Not Available | H10: Not Available | I10: =IF(OR(Raw!K6="",LOWER(Raw!K6)="not available"),"Not Available",HYPERLINK(Raw!K6,"Instagram")) -> Not Available | J10: =IF(OR(Raw!L6="",LOWER(Raw!L6)="not available"),"Not Available",HYPERLINK(Raw!L6,"Facebook")) -> Not Available | K10: 4.6 | L10: 159
A11: 10 | B11: Arise Fitness Kharghar | C11: Kharghar | D11: 3rd Floor, Prime Mall Ln, Sector 12, Kharghar, Panvel, Maharashtra 410210 | E11: =IF(OR(Raw!D31="",LOWER(Raw!D31)="not available"),"Not Available",HYPERLINK(Raw!D31,"Maps")) -> Maps | F11: 99676 41791 | G11: Not Available | H11: Not Available | I11: =IF(OR(Raw!K31="",LOWER(Raw!K31)="not available"),"Not Available",HYPERLINK(Raw!K31,"Instagram")) -> Instagram | J11: =IF(OR(Raw!L31="",LOWER(Raw!L31)="not available"),"Not Available",HYPERLINK(Raw!L31,"Facebook")) -> Facebook | K11: 4.7 | L11: 407
A12: 11 | B12: Be More Fit Gym | C12: Nerul | D12: Plot P11, Sector 14 Nerul Rd, Sector 14, Nerul, Navi Mumbai, Maharashtra 400706 | E12: =IF(OR(Raw!D16="",LOWER(Raw!D16)="not available"),"Not Available",HYPERLINK(Raw!D16,"Maps")) -> Maps | F12: 95949 18007 | G12: Not Available | H12: Not Available | I12: =IF(OR(Raw!K16="",LOWER(Raw!K16)="not available"),"Not Available",HYPERLINK(Raw!K16,"Instagram")) -> Instagram | J12: =IF(OR(Raw!L16="",LOWER(Raw!L16)="not available"),"Not Available",HYPERLINK(Raw!L16,"Facebook")) -> Facebook | K12: 4.8 | L12: 2589
A13: 12 | B13: BEAST FITNESS | C13: Kalamboli | D13: Shop 02, 1st Floor, Anchit Towers, Roadpali, Kalamboli, Panvel, Maharashtra 410218 | E13: =IF(OR(Raw!D122="",LOWER(Raw!D122)="not available"),"Not Available",HYPERLINK(Raw!D122,"Maps")) -> Maps | F13: 81044 84873 | G13: Not Available | H13: Not Available | I13: =IF(OR(Raw!K122="",LOWER(Raw!K122)="not available"),"Not Available",HYPERLINK(Raw!K122,"Instagram")) -> Not Available | J13: =IF(OR(Raw!L122="",LOWER(Raw!L122)="not available"),"Not Available",HYPERLINK(Raw!L122,"Facebook")) -> Not Available | K13: 4.6 | L13: 136
A14: 13 | B14: BHAGAT FITNESS GYM | C14: Panvel | D14: Takka Village, near Sai Baba Mandir, Old Panvel, Takka Colony, Panvel, Maharashtra 410206 | E14: =IF(OR(Raw!D102="",LOWER(Raw!D102)="not available"),"Not Available",HYPERLINK(Raw!D102,"Maps")) -> Maps | F14: 98206 57515 | G14: Not Available | H14: Not Available | I14: =IF(OR(Raw!K102="",LOWER(Raw!K102)="not available"),"Not Available",HYPERLINK(Raw!K102,"Instagram")) -> Not Available | J14: =IF(OR(Raw!L102="",LOWER(Raw!L102)="not available"),"Not Available",HYPERLINK(Raw!L102,"Facebook")) -> Not Available | K14: 4.9 | L14: 485
A15: 14 | B15: Bhagwat Gym | C15: New Panvel | D15: Plot no.- A, 33, Sector 6, New Panvel East, Panvel, Maharashtra 410206 | E15: =IF(OR(Raw!D110="",LOWER(Raw!D110)="not available"),"Not Available",HYPERLINK(Raw!D110,"Maps")) -> Maps | F15: Not publicly listed | G15: Not Available | H15: Not Available | I15: =IF(OR(Raw!K110="",LOWER(Raw!K110)="not available"),"Not Available",HYPERLINK(Raw!K110,"Instagram")) -> Not Available | J15: =IF(OR(Raw!L110="",LOWER(Raw!L110)="not available"),"Not Available",HYPERLINK(Raw!L110,"Facebook")) -> Not Available | K15: 5 | L15: 25
A16: 15 | B16: Body Power (cult.fit) - Kharghar | C16: Kharghar | D16: Ashirwad Heights, Plot No. 7, Sector 18 Rd, Sector 18, Kharghar, Mumbai, Panvel, Maharashtra 410210 | E16: =IF(OR(Raw!D24="",LOWER(Raw!D24)="not available"),"Not Available",HYPERLINK(Raw!D24,"Maps")) -> Maps | F16: 88792 39044 | G16: Not Available | H16: https://www.cult.fit/fitness/centers/body-power-kharghar | I16: =IF(OR(Raw!K24="",LOWER(Raw!K24)="not available"),"Not Available",HYPERLINK(Raw!K24,"Instagram")) -> Instagram | J16: =IF(OR(Raw!L24="",LOWER(Raw!L24)="not available"),"Not Available",HYPERLINK(Raw!L24,"Facebook")) -> Facebook | K16: 4.7 | L16: 342
A17: 16 | B17: Body Power Gym (Kamothe Sector 36) | C17: Kamothe | D17: 1st Floor, Ambe Shraddha Building, Plot No 4, Sector 36, Kamothe, Panvel, Maharashtra 410209 | E17: =IF(OR(Raw!D117="",LOWER(Raw!D117)="not available"),"Not Available",HYPERLINK(Raw!D117,"Maps")) -> Maps | F17: 90829 78262 | G17: Not Available | H17: Not Available | I17: =IF(OR(Raw!K117="",LOWER(Raw!K117)="not available"),"Not Available",HYPERLINK(Raw!K117,"Instagram")) -> Not Available | J17: =IF(OR(Raw!L117="",LOWER(Raw!L117)="not available"),"Not Available",HYPERLINK(Raw!L117,"Facebook")) -> Not Available | K17: 4.3 | L17: 167
A18: 17 | B18: Body Power Gym (Sector 9 Kamothe) | C18: Kamothe | D18: 1st Floor, Trimurti Enclave, Plot No. 6, Sector 9, Kamothe, Panvel, Maharashtra 410209 | E18: =IF(OR(Raw!D119="",LOWER(Raw!D119)="not available"),"Not Available",HYPERLINK(Raw!D119,"Maps")) -> Maps | F18: 70458 13690 | G18: Not Available | H18: Not Available | I18: =IF(OR(Raw!K119="",LOWER(Raw!K119)="not available"),"Not Available",HYPERLINK(Raw!K119,"Instagram")) -> Not Available | J18: =IF(OR(Raw!L119="",LOWER(Raw!L119)="not available"),"Not Available",HYPERLINK(Raw!L119,"Facebook")) -> Not Available | K18: 4.4 | L18: 391
A19: 18 | B19: BODY VISION FITNESS | C19: Airoli | D19: Shop no. 1, Radha Krishna Apartment, Sector 9, Airoli, Navi Mumbai, Maharashtra 400708 | E19: =IF(OR(Raw!D50="",LOWER(Raw!D50)="not available"),"Not Available",HYPERLINK(Raw!D50,"Maps")) -> Maps | F19: 73403 04141 | G19: Not Available | H19: Not Available | I19: =IF(OR(Raw!K50="",LOWER(Raw!K50)="not available"),"Not Available",HYPERLINK(Raw!K50,"Instagram")) -> Instagram | J19: =IF(OR(Raw!L50="",LOWER(Raw!L50)="not available"),"Not Available",HYPERLINK(Raw!L50,"Facebook")) -> Facebook | K19: 4.8 | L19: 140
A20: 19 | B20: CLUB 90 | C20: Seawoods | D20: 1st Floor, Merchant Classic Building, Plot No.3, Sector 48-A, Seawoods, Navi Mumbai, Maharashtra 400706 | E20: =IF(OR(Raw!D93="",LOWER(Raw!D93)="not available"),"Not Available",HYPERLINK(Raw!D93,"Maps")) -> Maps | F20: 98193 61809 | G20: Not Available | H20: Not Available | I20: =IF(OR(Raw!K93="",LOWER(Raw!K93)="not available"),"Not Available",HYPERLINK(Raw!K93,"Instagram")) -> Instagram | J20: =IF(OR(Raw!L93="",LOWER(Raw!L93)="not available"),"Not Available",HYPERLINK(Raw!L93,"Facebook")) -> Facebook | K20: 4.8 | L20: 596
A21: 20 | B21: Core fitness | C21: Kopar Khairane | D21: 56, Gyan Vikas Road, Sector 17, Kopar Khairane, Navi Mumbai, Maharashtra 400709 | E21: =IF(OR(Raw!D62="",LOWER(Raw!D62)="not available"),"Not Available",HYPERLINK(Raw!D62,"Maps")) -> Maps | F21: Not publicly listed | G21: Not Available | H21: Not Available | I21: =IF(OR(Raw!K62="",LOWER(Raw!K62)="not available"),"Not Available",HYPERLINK(Raw!K62,"Instagram")) -> Not Available | J21: =IF(OR(Raw!L62="",LOWER(Raw!L62)="not available"),"Not Available",HYPERLINK(Raw!L62,"Facebook")) -> Not Available | K21: 4.3 | L21: 35
A22: 21 | B22: COREGYM | C22: Kharghar | D22: 1st Floor, Ravechi Heights, Sector 7, Plot 25, Kharghar, Panvel, Maharashtra 410210 | E22: =IF(OR(Raw!D22="",LOWER(Raw!D22)="not available"),"Not Available",HYPERLINK(Raw!D22,"Maps")) -> Maps | F22: 84335 89999 | G22: info@coregym.co.in | H22: Core Gym | I22: =IF(OR(Raw!K22="",LOWER(Raw!K22)="not available"),"Not Available",HYPERLINK(Raw!K22,"Instagram")) -> Instagram | J22: =IF(OR(Raw!L22="",LOWER(Raw!L22)="not available"),"Not Available",HYPERLINK(Raw!L22,"Facebook")) -> Facebook | K22: 4.7 | L22: 1340
A23: 22 | B23: CrossBox Fitness | C23: Vashi | D23: Plot No 3, near Palm Beach Galleria Mall, Phase 2, Sector 19D, Vashi, Navi Mumbai, Maharashtra 400703 | E23: =IF(OR(Raw!D7="",LOWER(Raw!D7)="not available"),"Not Available",HYPERLINK(Raw!D7,"Maps")) -> Maps | F23: 89281 15003 | G23: Not Available | H23: Not Available | I23: =IF(OR(Raw!K7="",LOWER(Raw!K7)="not available"),"Not Available",HYPERLINK(Raw!K7,"Instagram")) -> Instagram | J23: =IF(OR(Raw!L7="",LOWER(Raw!L7)="not available"),"Not Available",HYPERLINK(Raw!L7,"Facebook")) -> Facebook | K23: 4.8 | L23: 319
A24: 23 | B24: Cut And Curve Fitness Club | C24: Ulwe | D24: 1st floor, Sai Ashish Residency, Sector 18, Ulwe, Navi Mumbai, Maharashtra 410206 | E24: =IF(OR(Raw!D136="",LOWER(Raw!D136)="not available"),"Not Available",HYPERLINK(Raw!D136,"Maps")) -> Maps | F24: 75063 10493 | G24: Not Available | H24: Not Available | I24: =IF(OR(Raw!K136="",LOWER(Raw!K136)="not available"),"Not Available",HYPERLINK(Raw!K136,"Instagram")) -> Instagram | J24: =IF(OR(Raw!L136="",LOWER(Raw!L136)="not available"),"Not Available",HYPERLINK(Raw!L136,"Facebook")) -> Facebook | K24: 5 | L24: 50
A25: 24 | B25: D2 Fitnesss | C25: Ghansoli | D25: Shop No 25-29, Patel Heights CHS, Sector 7, Ghansoli, Navi Mumbai, Maharashtra 400701 | E25: =IF(OR(Raw!D72="",LOWER(Raw!D72)="not available"),"Not Available",HYPERLINK(Raw!D72,"Maps")) -> Maps | F25: 85911 19656 | G25: Not Available | H25: Not Available | I25: =IF(OR(Raw!K72="",LOWER(Raw!K72)="not available"),"Not Available",HYPERLINK(Raw!K72,"Instagram")) -> Not Available | J25: =IF(OR(Raw!L72="",LOWER(Raw!L72)="not available"),"Not Available",HYPERLINK(Raw!L72,"Facebook")) -> Not Available | K25: 4.2 | L25: 157
A26: 25 | B26: DK Fitness (Digha) | C26: Digha | D26: Digha Naka, Dighe, Navi Mumbai, Maharashtra 400708 | E26: =IF(OR(Raw!D154="",LOWER(Raw!D154)="not available"),"Not Available",HYPERLINK(Raw!D154,"Maps")) -> Maps | F26: 86527 06211 | G26: Not Available | H26: Not Available | I26: =IF(OR(Raw!K154="",LOWER(Raw!K154)="not available"),"Not Available",HYPERLINK(Raw!K154,"Instagram")) -> Instagram | J26: =IF(OR(Raw!L154="",LOWER(Raw!L154)="not available"),"Not Available",HYPERLINK(Raw!L154,"Facebook")) -> Not Available | K26: 4.9 | L26: 377
A27: 26 | B27: Evolve Fitness | C27: Airoli | D27: Shop no 9-11, Narmada Co-op Chs, Plot No. 36, Sector-19, Airoli, Navi Mumbai, Maharashtra 400708 | E27: =IF(OR(Raw!D42="",LOWER(Raw!D42)="not available"),"Not Available",HYPERLINK(Raw!D42,"Maps")) -> Maps | F27: 80835 35352 | G27: Not Available | H27: Not Available | I27: =IF(OR(Raw!K42="",LOWER(Raw!K42)="not available"),"Not Available",HYPERLINK(Raw!K42,"Instagram")) -> Not Available | J27: =IF(OR(Raw!L42="",LOWER(Raw!L42)="not available"),"Not Available",HYPERLINK(Raw!L42,"Facebook")) -> Not Available | K27: 4.7 | L27: 470
A28: 27 | B28: Falcon Fitness Arena | C28: Airoli | D28: Basement Shankar Sheela Apartment, Sector 9, Airoli, Navi Mumbai, Maharashtra 400708 | E28: =IF(OR(Raw!D46="",LOWER(Raw!D46)="not available"),"Not Available",HYPERLINK(Raw!D46,"Maps")) -> Maps | F28: 98924 85426 | G28: Not Available | H28: Not Available | I28: =IF(OR(Raw!K46="",LOWER(Raw!K46)="not available"),"Not Available",HYPERLINK(Raw!K46,"Instagram")) -> Instagram | J28: =IF(OR(Raw!L46="",LOWER(Raw!L46)="not available"),"Not Available",HYPERLINK(Raw!L46,"Facebook")) -> Facebook | K28: 4.9 | L28: 176
A29: 28 | B29: Fit2Fit health fitness club | C29: Kalamboli | D29: 1st floor, Vaishnavi Heights, Roadpali Rd, Sector 20, Kalamboli, Panvel, Maharashtra 410218 | E29: =IF(OR(Raw!D130="",LOWER(Raw!D130)="not available"),"Not Available",HYPERLINK(Raw!D130,"Maps")) -> Maps | F29: 90041 96965 | G29: Not Available | H29: Not Available | I29: =IF(OR(Raw!K130="",LOWER(Raw!K130)="not available"),"Not Available",HYPERLINK(Raw!K130,"Instagram")) -> Instagram | J29: =IF(OR(Raw!L130="",LOWER(Raw!L130)="not available"),"Not Available",HYPERLINK(Raw!L130,"Facebook")) -> Not Available | K29: 4.1 | L29: 141
A30: 29 | B30: FitBeat Studio | C30: Rabale | D30: Shop-9,10, Swami krupa Apartment, Sector 30, Rabale, Navi Mumbai, Maharashtra 400701 | E30: =IF(OR(Raw!D153="",LOWER(Raw!D153)="not available"),"Not Available",HYPERLINK(Raw!D153,"Maps")) -> Maps | F30: 77180 01722 | G30: Not Available | H30: Not Available | I30: =IF(OR(Raw!K153="",LOWER(Raw!K153)="not available"),"Not Available",HYPERLINK(Raw!K153,"Instagram")) -> Instagram | J30: =IF(OR(Raw!L153="",LOWER(Raw!L153)="not available"),"Not Available",HYPERLINK(Raw!L153,"Facebook")) -> Facebook | K30: 5 | L30: 4
A31: 30 | B31: FITnation Arena Gym Kamothe | C31: Kamothe | D31: Office No. 1, Shubh Nil Sivam HSG Soc, Plot No. 40, Sector 11, Kamothe, Panvel, Maharashtra 410209 | E31: =IF(OR(Raw!D121="",LOWER(Raw!D121)="not available"),"Not Available",HYPERLINK(Raw!D121,"Maps")) -> Maps | F31: Not publicly listed | G31: Not Available | H31: Not Available | I31: =IF(OR(Raw!K121="",LOWER(Raw!K121)="not available"),"Not Available",HYPERLINK(Raw!K121,"Instagram")) -> Not Available | J31: =IF(OR(Raw!L121="",LOWER(Raw!L121)="not available"),"Not Available",HYPERLINK(Raw!L121,"Facebook")) -> Not Available | K31: 5 | L31: 19
A32: 31 | B32: FITNESS CLUB STUDIO KAMOTHE | C32: Kamothe | D32: Sector 15, Kamothe, Panvel, Maharashtra 410209 | E32: =IF(OR(Raw!D113="",LOWER(Raw!D113)="not available"),"Not Available",HYPERLINK(Raw!D113,"Maps")) -> Maps | F32: 73048 65699 | G32: fitnessclubstudio15@gmail.com | H32: Gym Services | Weight Loss, Body Transformation | I32: =IF(OR(Raw!K113="",LOWER(Raw!K113)="not available"),"Not Available",HYPERLINK(Raw!K113,"Instagram")) -> Instagram | J32: =IF(OR(Raw!L113="",LOWER(Raw!L113)="not available"),"Not Available",HYPERLINK(Raw!L113,"Facebook")) -> Facebook | K32: 5 | L32: 361
A33: 32 | B33: Fitness Club Studio, Kopar Khairne | C33: Kopar Khairane | D33: 1st Floor, Bonkode Village Marg, Sector 11, Kopar Khairane, Navi Mumbai, Maharashtra 400709 | E33: =IF(OR(Raw!D56="",LOWER(Raw!D56)="not available"),"Not Available",HYPERLINK(Raw!D56,"Maps")) -> Maps | F33: 73043 99220 | G33: Not Available | H33: Not Available | I33: =IF(OR(Raw!K56="",LOWER(Raw!K56)="not available"),"Not Available",HYPERLINK(Raw!K56,"Instagram")) -> Not Available | J33: =IF(OR(Raw!L56="",LOWER(Raw!L56)="not available"),"Not Available",HYPERLINK(Raw!L56,"Facebook")) -> Not Available | K33: 4.8 | L33: 38
A34: 33 | B34: Fitness Empire Unisex Gym | C34: New Panvel | D34: 1st Floor, Shop no 110, Shubham Complex, Sector 11, New Panvel East, Panvel, Maharashtra 410206 | E34: =IF(OR(Raw!D103="",LOWER(Raw!D103)="not available"),"Not Available",HYPERLINK(Raw!D103,"Maps")) -> Maps | F34: 89281 21483 | G34: Not Available | H34: Not Available | I34: =IF(OR(Raw!K103="",LOWER(Raw!K103)="not available"),"Not Available",HYPERLINK(Raw!K103,"Instagram")) -> Not Available | J34: =IF(OR(Raw!L103="",LOWER(Raw!L103)="not available"),"Not Available",HYPERLINK(Raw!L103,"Facebook")) -> Not Available | K34: 5 | L34: 175
A35: 34 | B35: FITNESS FIRST GYM | C35: Airoli | D35: Shiv Shankar plaza, Sector 7, Airoli, Thane, Navi Mumbai, Maharashtra 400708 | E35: =IF(OR(Raw!D54="",LOWER(Raw!D54)="not available"),"Not Available",HYPERLINK(Raw!D54,"Maps")) -> Maps | F35: 89761 04020 | G35: Not Available | H35: Not Available | I35: =IF(OR(Raw!K54="",LOWER(Raw!K54)="not available"),"Not Available",HYPERLINK(Raw!K54,"Instagram")) -> Not Available | J35: =IF(OR(Raw!L54="",LOWER(Raw!L54)="not available"),"Not Available",HYPERLINK(Raw!L54,"Facebook")) -> Not Available | K35: 5 | L35: 29
A36: 35 | B36: Fitness Freak | C36: CBD Belapur | D36: Shop No: 6, Rajkamal Bayside, Plot No: 28, Sector 15, CBD Belapur, Navi Mumbai, Maharashtra 400614 | E36: =IF(OR(Raw!D37="",LOWER(Raw!D37)="not available"),"Not Available",HYPERLINK(Raw!D37,"Maps")) -> Maps | F36: 80977 34167 | G36: Not Available | H36: Not Available | I36: =IF(OR(Raw!K37="",LOWER(Raw!K37)="not available"),"Not Available",HYPERLINK(Raw!K37,"Instagram")) -> Not Available | J36: =IF(OR(Raw!L37="",LOWER(Raw!L37)="not available"),"Not Available",HYPERLINK(Raw!L37,"Facebook")) -> Not Available | K36: 4.7 | L36: 260
A37: 36 | B37: Fitness Kingdom Golds | C37: Kopar Khairane | D37: Jigna arcade, near Bonkode Road, Sector 13, Kopar Khairane, Navi Mumbai, Maharashtra 400709 | E37: =IF(OR(Raw!D60="",LOWER(Raw!D60)="not available"),"Not Available",HYPERLINK(Raw!D60,"Maps")) -> Maps | F37: 91367 86296 | G37: Not Available | H37: Not Available | I37: =IF(OR(Raw!K60="",LOWER(Raw!K60)="not available"),"Not Available",HYPERLINK(Raw!K60,"Instagram")) -> Not Available | J37: =IF(OR(Raw!L60="",LOWER(Raw!L60)="not available"),"Not Available",HYPERLINK(Raw!L60,"Facebook")) -> Not Available | K37: 4.1 | L37: 74
A38: 37 | B38: Fitness Square | C38: Kopar Khairane | D38: Shop no 67, Ganesh Bhavana, Sector 4A, Kopar Khairane, Navi Mumbai, Maharashtra 400709 | E38: =IF(OR(Raw!D59="",LOWER(Raw!D59)="not available"),"Not Available",HYPERLINK(Raw!D59,"Maps")) -> Maps | F38: 86683 80880 | G38: Not Available | H38: Not Available | I38: =IF(OR(Raw!K59="",LOWER(Raw!K59)="not available"),"Not Available",HYPERLINK(Raw!K59,"Instagram")) -> Not Available | J38: =IF(OR(Raw!L59="",LOWER(Raw!L59)="not available"),"Not Available",HYPERLINK(Raw!L59,"Facebook")) -> Not Available | K38: 4.7 | L38: 123
A39: 38 | B39: FITNESS WORLD GYM | C39: Taloja | D39: Midland enclave, Plot no 136/137, Taloja Phase 1, Taloja Panchanand, Taloja, Panvel, Maharashtra 410208 | E39: =IF(OR(Raw!D148="",LOWER(Raw!D148)="not available"),"Not Available",HYPERLINK(Raw!D148,"Maps")) -> Maps | F39: 79726 27087 | G39: Not Available | H39: Not Available | I39: =IF(OR(Raw!K148="",LOWER(Raw!K148)="not available"),"Not Available",HYPERLINK(Raw!K148,"Instagram")) -> Not Available | J39: =IF(OR(Raw!L148="",LOWER(Raw!L148)="not available"),"Not Available",HYPERLINK(Raw!L148,"Facebook")) -> Not Available | K39: 4.3 | L39: 29
A40: 39 | B40: FITNESSIUM | C40: Kalamboli | D40: Shop 1-6, Henita Arcade, Plot No 16, Sector 8E, Roadpali, Kalamboli, Panvel, Maharashtra 410218 | E40: =IF(OR(Raw!D124="",LOWER(Raw!D124)="not available"),"Not Available",HYPERLINK(Raw!D124,"Maps")) -> Maps | F40: 72089 95744 | G40: Not Available | H40: Not Available | I40: =IF(OR(Raw!K124="",LOWER(Raw!K124)="not available"),"Not Available",HYPERLINK(Raw!K124,"Instagram")) -> Instagram | J40: =IF(OR(Raw!L124="",LOWER(Raw!L124)="not available"),"Not Available",HYPERLINK(Raw!L124,"Facebook")) -> Facebook | K40: 4.8 | L40: 340
A41: 40 | B41: FlexFire Premium Gym | C41: Ghansoli | D41: Shop No.1,2&4, Sonai Skyline, Plot No.11, Sector 15, Ghansoli, Navi Mumbai, Maharashtra 400701 | E41: =IF(OR(Raw!D66="",LOWER(Raw!D66)="not available"),"Not Available",HYPERLINK(Raw!D66,"Maps")) -> Maps | F41: 96199 95922 | G41: flexfireghansoli@gmail.com | H41: Flexfire Ghansoli | I41: =IF(OR(Raw!K66="",LOWER(Raw!K66)="not available"),"Not Available",HYPERLINK(Raw!K66,"Instagram")) -> Instagram | J41: =IF(OR(Raw!L66="",LOWER(Raw!L66)="not available"),"Not Available",HYPERLINK(Raw!L66,"Facebook")) -> Facebook | K41: 4.9 | L41: 209
A42: 41 | B42: FLOW FIT | C42: Ghansoli | D42: Shop no.19, Satyam Imperial Heights, Sec-11, Ghansoli, Navi Mumbai, Maharashtra 400701 | E42: =IF(OR(Raw!D74="",LOWER(Raw!D74)="not available"),"Not Available",HYPERLINK(Raw!D74,"Maps")) -> Maps | F42: 72081 69894 | G42: Not Available | H42: Not Available | I42: =IF(OR(Raw!K74="",LOWER(Raw!K74)="not available"),"Not Available",HYPERLINK(Raw!K74,"Instagram")) -> Not Available | J42: =IF(OR(Raw!L74="",LOWER(Raw!L74)="not available"),"Not Available",HYPERLINK(Raw!L74,"Facebook")) -> Not Available | K42: 4.8 | L42: 11
A43: 42 | B43: FOCUS THE FITNESS | C43: CBD Belapur | D43: Plot no-92, Sector 8A, CBD Belapur, Navi Mumbai, Maharashtra 400614 | E43: =IF(OR(Raw!D39="",LOWER(Raw!D39)="not available"),"Not Available",HYPERLINK(Raw!D39,"Maps")) -> Maps | F43: 93723 00166 | G43: Not Available | H43: Not Available | I43: =IF(OR(Raw!K39="",LOWER(Raw!K39)="not available"),"Not Available",HYPERLINK(Raw!K39,"Instagram")) -> Not Available | J43: =IF(OR(Raw!L39="",LOWER(Raw!L39)="not available"),"Not Available",HYPERLINK(Raw!L39,"Facebook")) -> Not Available | K43: 4.6 | L43: 134
A44: 43 | B44: FOR LIFE FITNESS | C44: Kharghar | D44: 1st Floor, Garden Court, Sector 35E, Kharghar, Panvel, Maharashtra 410210 | E44: =IF(OR(Raw!D26="",LOWER(Raw!D26)="not available"),"Not Available",HYPERLINK(Raw!D26,"Maps")) -> Maps | F44: 86938 39862 | G44: Not Available | H44: Not Available | I44: =IF(OR(Raw!K26="",LOWER(Raw!K26)="not available"),"Not Available",HYPERLINK(Raw!K26,"Instagram")) -> Instagram | J44: =IF(OR(Raw!L26="",LOWER(Raw!L26)="not available"),"Not Available",HYPERLINK(Raw!L26,"Facebook")) -> Facebook | K44: 4.7 | L44: 435
A45: 44 | B45: FOR LIFE FITNESS KALAMBOLI | C45: Kalamboli | D45: Manisha Paradise, Sector 17, Roadpali, Kalamboli, Panvel, Maharashtra 410218 | E45: =IF(OR(Raw!D123="",LOWER(Raw!D123)="not available"),"Not Available",HYPERLINK(Raw!D123,"Maps")) -> Maps | F45: 93726 90958 | G45: Not Available | H45: Not Available | I45: =IF(OR(Raw!K123="",LOWER(Raw!K123)="not available"),"Not Available",HYPERLINK(Raw!K123,"Instagram")) -> Instagram | J45: =IF(OR(Raw!L123="",LOWER(Raw!L123)="not available"),"Not Available",HYPERLINK(Raw!L123,"Facebook")) -> Facebook | K45: 4.3 | L45: 122
A46: 45 | B46: Force fitness Gym | C46: Kalamboli | D46: D G Tatkare Jr College, Sector 5E, Kalamboli, Panvel, Maharashtra 410218 | E46: =IF(OR(Raw!D127="",LOWER(Raw!D127)="not available"),"Not Available",HYPERLINK(Raw!D127,"Maps")) -> Maps | F46: Not publicly listed | G46: Not Available | H46: Not Available | I46: =IF(OR(Raw!K127="",LOWER(Raw!K127)="not available"),"Not Available",HYPERLINK(Raw!K127,"Instagram")) -> Instagram | J46: =IF(OR(Raw!L127="",LOWER(Raw!L127)="not available"),"Not Available",HYPERLINK(Raw!L127,"Facebook")) -> Not Available | K46: 4.4 | L46: 65
A47: 46 | B47: G GYM | C47: Taloja | D47: 1st floor, Madhuraj Bhimashankar building, Taloja Phase 1, sector 9, Taloja, Panvel, Maharashtra 410208 | E47: =IF(OR(Raw!D144="",LOWER(Raw!D144)="not available"),"Not Available",HYPERLINK(Raw!D144,"Maps")) -> Maps | F47: Not publicly listed | G47: Not Available | H47: Not Available | I47: =IF(OR(Raw!K144="",LOWER(Raw!K144)="not available"),"Not Available",HYPERLINK(Raw!K144,"Instagram")) -> Not Available | J47: =IF(OR(Raw!L144="",LOWER(Raw!L144)="not available"),"Not Available",HYPERLINK(Raw!L144,"Facebook")) -> Not Available | K47: 5 | L47: 53
A48: 47 | B48: GPF - Go Pro Fitness (Sector 17) | C48: Ulwe | D48: 1st floor, Majestic Icon, Plot no-26, Sector 17, Ulwe, Navi Mumbai, Maharashtra 410206 | E48: =IF(OR(Raw!D137="",LOWER(Raw!D137)="not available"),"Not Available",HYPERLINK(Raw!D137,"Maps")) -> Maps | F48: 98195 04747 | G48: Not Available | H48: Not Available | I48: =IF(OR(Raw!K137="",LOWER(Raw!K137)="not available"),"Not Available",HYPERLINK(Raw!K137,"Instagram")) -> Instagram | J48: =IF(OR(Raw!L137="",LOWER(Raw!L137)="not available"),"Not Available",HYPERLINK(Raw!L137,"Facebook")) -> Facebook | K48: 4.9 | L48: 55
A49: 48 | B49: GPF - Go Pro Fitness Gym (Sector 3) | C49: Ulwe | D49: Shop No.1, Plot No.82, Morave Gaothan, Sector 3, Ulwe, Navi Mumbai, Maharashtra 410206 | E49: =IF(OR(Raw!D140="",LOWER(Raw!D140)="not available"),"Not Available",HYPERLINK(Raw!D140,"Maps")) -> Maps | F49: 86930 02525 | G49: Not Available | H49: Not Available | I49: =IF(OR(Raw!K140="",LOWER(Raw!K140)="not available"),"Not Available",HYPERLINK(Raw!K140,"Instagram")) -> Instagram | J49: =IF(OR(Raw!L140="",LOWER(Raw!L140)="not available"),"Not Available",HYPERLINK(Raw!L140,"Facebook")) -> Facebook | K49: 5 | L49: 15
A50: 49 | B50: Gupta Body Fitness Academy | C50: Digha | D50: Digha Gaon, Dighe, Navi Mumbai, Maharashtra 400708 | E50: =IF(OR(Raw!D156="",LOWER(Raw!D156)="not available"),"Not Available",HYPERLINK(Raw!D156,"Maps")) -> Maps | F50: 98207 67403 | G50: Not Available | H50: Not Available | I50: =IF(OR(Raw!K156="",LOWER(Raw!K156)="not available"),"Not Available",HYPERLINK(Raw!K156,"Instagram")) -> Not Available | J50: =IF(OR(Raw!L156="",LOWER(Raw!L156)="not available"),"Not Available",HYPERLINK(Raw!L156,"Facebook")) -> Not Available | K50: 4.9 | L50: 28
A51: 50 | B51: Gym Arenaa Fitness And Wellness Club | C51: CBD Belapur | D51: 2nd Floor, NMS Titanium, Sector 15, CBD Belapur, Navi Mumbai, Maharashtra 400614 | E51: =IF(OR(Raw!D33="",LOWER(Raw!D33)="not available"),"Not Available",HYPERLINK(Raw!D33,"Maps")) -> Maps | F51: 90225 54999 | G51: gymarenaa163@gmail.com | H51: Gym Arena | I51: =IF(OR(Raw!K33="",LOWER(Raw!K33)="not available"),"Not Available",HYPERLINK(Raw!K33,"Instagram")) -> Not Available | J51: =IF(OR(Raw!L33="",LOWER(Raw!L33)="not available"),"Not Available",HYPERLINK(Raw!L33,"Facebook")) -> Not Available | K51: 4.7 | L51: 392
A52: 51 | B52: HARDCORE GYM | C52: Airoli/Rabale | D52: Gautam Nagar, MIDC Industrial Area, Rabale, Navi Mumbai, Maharashtra 400708 | E52: =IF(OR(Raw!D52="",LOWER(Raw!D52)="not available"),"Not Available",HYPERLINK(Raw!D52,"Maps")) -> Maps | F52: 76665 17777 | G52: ramdalwai7@gmail.com | H52: hardcore | I52: =IF(OR(Raw!K52="",LOWER(Raw!K52)="not available"),"Not Available",HYPERLINK(Raw!K52,"Instagram")) -> Instagram | J52: =IF(OR(Raw!L52="",LOWER(Raw!L52)="not available"),"Not Available",HYPERLINK(Raw!L52,"Facebook")) -> Facebook | K52: 5 | L52: 1248
A53: 52 | B53: Hi Fitness Studio | C53: Panvel | D53: Plot no 148, 3rd floor, Old Panvel, Panvel, Maharashtra 410206 | E53: =IF(OR(Raw!D99="",LOWER(Raw!D99)="not available"),"Not Available",HYPERLINK(Raw!D99,"Maps")) -> Maps | F53: 95943 95577 | G53: Not Available | H53: Not Available | I53: =IF(OR(Raw!K99="",LOWER(Raw!K99)="not available"),"Not Available",HYPERLINK(Raw!K99,"Instagram")) -> Instagram | J53: =IF(OR(Raw!L99="",LOWER(Raw!L99)="not available"),"Not Available",HYPERLINK(Raw!L99,"Facebook")) -> Facebook | K53: 4.6 | L53: 167
A54: 53 | B54: IB GYM FITNESS | C54: Kopar Khairane | D54: Orchid building, Plot no 56, Sector 15, Kopar Khairane, Navi Mumbai, Maharashtra 400709 | E54: =IF(OR(Raw!D58="",LOWER(Raw!D58)="not available"),"Not Available",HYPERLINK(Raw!D58,"Maps")) -> Maps | F54: Not publicly listed | G54: Not Available | H54: Not Available | I54: =IF(OR(Raw!K58="",LOWER(Raw!K58)="not available"),"Not Available",HYPERLINK(Raw!K58,"Instagram")) -> Not Available | J54: =IF(OR(Raw!L58="",LOWER(Raw!L58)="not available"),"Not Available",HYPERLINK(Raw!L58,"Facebook")) -> Not Available | K54: 4.9 | L54: 742
A55: 54 | B55: Ikon Fitness | C55: Airoli | D55: 2nd & 3rd Floor, Ruby Commercial Complex, Sector 4, Airoli, Navi Mumbai, Maharashtra 400708 | E55: =IF(OR(Raw!D43="",LOWER(Raw!D43)="not available"),"Not Available",HYPERLINK(Raw!D43,"Maps")) -> Maps | F55: 93217 50750 | G55: Not Available | H55: Not Available | I55: =IF(OR(Raw!K43="",LOWER(Raw!K43)="not available"),"Not Available",HYPERLINK(Raw!K43,"Instagram")) -> Not Available | J55: =IF(OR(Raw!L43="",LOWER(Raw!L43)="not available"),"Not Available",HYPERLINK(Raw!L43,"Facebook")) -> Not Available | K55: 4.6 | L55: 610
A56: 55 | B56: Image Fitness | C56: Sanpada | D56: Shop No 7, Parth Magnus, Plot No. 22, Sector 4, Sanpada, Navi Mumbai, Maharashtra 400705 | E56: =IF(OR(Raw!D88="",LOWER(Raw!D88)="not available"),"Not Available",HYPERLINK(Raw!D88,"Maps")) -> Maps | F56: 83697 40525 | G56: Not Available | H56: Not Available | I56: =IF(OR(Raw!K88="",LOWER(Raw!K88)="not available"),"Not Available",HYPERLINK(Raw!K88,"Instagram")) -> Not Available | J56: =IF(OR(Raw!L88="",LOWER(Raw!L88)="not available"),"Not Available",HYPERLINK(Raw!L88,"Facebook")) -> Not Available | K56: 4.9 | L56: 33
A57: 56 | B57: Image Fitness Club | C57: CBD Belapur | D57: Shop-1/2, Arenja Towers, Sector 11, CBD Belapur, Navi Mumbai, Maharashtra 400614 | E57: =IF(OR(Raw!D35="",LOWER(Raw!D35)="not available"),"Not Available",HYPERLINK(Raw!D35,"Maps")) -> Maps | F57: 98214 49296 | G57: Not Available | H57: Not Available | I57: =IF(OR(Raw!K35="",LOWER(Raw!K35)="not available"),"Not Available",HYPERLINK(Raw!K35,"Instagram")) -> Not Available | J57: =IF(OR(Raw!L35="",LOWER(Raw!L35)="not available"),"Not Available",HYPERLINK(Raw!L35,"Facebook")) -> Not Available | K57: 4.8 | L57: 118
A58: 57 | B58: Infinity fitness kamothe | C58: Kamothe | D58: Silver star building, near Gokul dairy, Sector 18, Kamothe, Panvel, Maharashtra 410209 | E58: =IF(OR(Raw!D116="",LOWER(Raw!D116)="not available"),"Not Available",HYPERLINK(Raw!D116,"Maps")) -> Maps | F58: 77000 07862 | G58: Not Available | H58: Not Available | I58: =IF(OR(Raw!K116="",LOWER(Raw!K116)="not available"),"Not Available",HYPERLINK(Raw!K116,"Instagram")) -> Not Available | J58: =IF(OR(Raw!L116="",LOWER(Raw!L116)="not available"),"Not Available",HYPERLINK(Raw!L116,"Facebook")) -> Not Available | K58: 4.3 | L58: 226
A59: 58 | B59: Intense Fitness Club (IFC Gym) | C59: Vashi | D59: Plot 75, Vardhaman Market, 1st Floor, Sector 17, Vashi, Navi Mumbai, Maharashtra 400703 | E59: =IF(OR(Raw!D8="",LOWER(Raw!D8)="not available"),"Not Available",HYPERLINK(Raw!D8,"Maps")) -> Maps | F59: 98336 66622 | G59: Not Available | H59: Not Available | I59: =IF(OR(Raw!K8="",LOWER(Raw!K8)="not available"),"Not Available",HYPERLINK(Raw!K8,"Instagram")) -> Instagram | J59: =IF(OR(Raw!L8="",LOWER(Raw!L8)="not available"),"Not Available",HYPERLINK(Raw!L8,"Facebook")) -> Facebook | K59: 4.6 | L59: 524
A60: 59 | B60: Iron Fitness Unisex A/C Gym | C60: Kopar Khairane | D60: Room 272-274, Sector 1, Kopar Khairane, Navi Mumbai, Maharashtra 400709 | E60: =IF(OR(Raw!D64="",LOWER(Raw!D64)="not available"),"Not Available",HYPERLINK(Raw!D64,"Maps")) -> Maps | F60: 88884 03579 | G60: Not Available | H60: Not Available | I60: =IF(OR(Raw!K64="",LOWER(Raw!K64)="not available"),"Not Available",HYPERLINK(Raw!K64,"Instagram")) -> Not Available | J60: =IF(OR(Raw!L64="",LOWER(Raw!L64)="not available"),"Not Available",HYPERLINK(Raw!L64,"Facebook")) -> Not Available | K60: 4.9 | L60: 43
A61: 60 | B61: IRON LIFTERS GYM | C61: Turbhe | D61: Hanuman Nagar, Pfizer Rd, MIDC Industrial Area, Turbhe, Navi Mumbai, Maharashtra 400703 | E61: =IF(OR(Raw!D77="",LOWER(Raw!D77)="not available"),"Not Available",HYPERLINK(Raw!D77,"Maps")) -> Maps | F61: 99672 92961 | G61: Not Available | H61: Not Available | I61: =IF(OR(Raw!K77="",LOWER(Raw!K77)="not available"),"Not Available",HYPERLINK(Raw!K77,"Instagram")) -> Not Available | J61: =IF(OR(Raw!L77="",LOWER(Raw!L77)="not available"),"Not Available",HYPERLINK(Raw!L77,"Facebook")) -> Not Available | K61: 5 | L61: 29
A62: 61 | B62: Ironclad Fitness | C62: Seawoods/Nerul | D62: 19 East, Shop 54-56, Nerul East, Sector 19, Seawoods, Navi Mumbai, Maharashtra 400706 | E62: =IF(OR(Raw!D41="",LOWER(Raw!D41)="not available"),"Not Available",HYPERLINK(Raw!D41,"Maps")) -> Maps | F62: 97692 10962 | G62: Not Available | H62: Not Available | I62: =IF(OR(Raw!K41="",LOWER(Raw!K41)="not available"),"Not Available",HYPERLINK(Raw!K41,"Instagram")) -> Not Available | J62: =IF(OR(Raw!L41="",LOWER(Raw!L41)="not available"),"Not Available",HYPERLINK(Raw!L41,"Facebook")) -> Not Available | K62: 5 | L62: 85
A63: 62 | B63: IROXX GYM (Kamothe) | C63: Kamothe | D63: 1st floor, Landmark building, Sector 12, Kamothe, Panvel, Maharashtra 410209 | E63: =IF(OR(Raw!D118="",LOWER(Raw!D118)="not available"),"Not Available",HYPERLINK(Raw!D118,"Maps")) -> Maps | F63: 72089 56510 | G63: Not Available | H63: Not Available | I63: =IF(OR(Raw!K118="",LOWER(Raw!K118)="not available"),"Not Available",HYPERLINK(Raw!K118,"Instagram")) -> Not Available | J63: =IF(OR(Raw!L118="",LOWER(Raw!L118)="not available"),"Not Available",HYPERLINK(Raw!L118,"Facebook")) -> Not Available | K63: 4.8 | L63: 66
A64: 63 | B64: IROXX GYM (Taloja) | C64: Taloja | D64: Sector 24, Mangala residency, Taloja Phase 2, Taloja, Panvel, Maharashtra 410208 | E64: =IF(OR(Raw!D145="",LOWER(Raw!D145)="not available"),"Not Available",HYPERLINK(Raw!D145,"Maps")) -> Maps | F64: Not publicly listed | G64: Not Available | H64: Not Available | I64: =IF(OR(Raw!K145="",LOWER(Raw!K145)="not available"),"Not Available",HYPERLINK(Raw!K145,"Instagram")) -> Instagram | J64: =IF(OR(Raw!L145="",LOWER(Raw!L145)="not available"),"Not Available",HYPERLINK(Raw!L145,"Facebook")) -> Facebook | K64: 4.7 | L64: 75
A65: 64 | B65: J&K Fitness Unisex Gym, Airoli | C65: Airoli | D65: Swaraj Daffodils, Sector 8A, Airoli, Navi Mumbai, Maharashtra 400708 | E65: =IF(OR(Raw!D48="",LOWER(Raw!D48)="not available"),"Not Available",HYPERLINK(Raw!D48,"Maps")) -> Maps | F65: 90047 46939 | G65: Not Available | H65: Not Available | I65: =IF(OR(Raw!K48="",LOWER(Raw!K48)="not available"),"Not Available",HYPERLINK(Raw!K48,"Instagram")) -> Instagram | J65: =IF(OR(Raw!L48="",LOWER(Raw!L48)="not available"),"Not Available",HYPERLINK(Raw!L48,"Facebook")) -> Not Available | K65: 4.8 | L65: 95
A66: 65 | B66: Kaivon Fitness Ghansoli | C66: Ghansoli | D66: Shop No 1&2, NG Grand Plaza, Jijamata Nagar, Ghansoli, Navi Mumbai, Maharashtra 400701 | E66: =IF(OR(Raw!D69="",LOWER(Raw!D69)="not available"),"Not Available",HYPERLINK(Raw!D69,"Maps")) -> Maps | F66: 79776 19543 | G66: Not Available | H66: Not Available | I66: =IF(OR(Raw!K69="",LOWER(Raw!K69)="not available"),"Not Available",HYPERLINK(Raw!K69,"Instagram")) -> Not Available | J66: =IF(OR(Raw!L69="",LOWER(Raw!L69)="not available"),"Not Available",HYPERLINK(Raw!L69,"Facebook")) -> Not Available | K66: 4.5 | L66: 95
A67: 66 | B67: Kenzo Fitness Ghansoli | C67: Ghansoli | D67: Pratik Heights, Plot no. 16, Sector 15, Ghansoli, Navi Mumbai, Maharashtra 400701 | E67: =IF(OR(Raw!D67="",LOWER(Raw!D67)="not available"),"Not Available",HYPERLINK(Raw!D67,"Maps")) -> Maps | F67: 86554 18911 | G67: Not Available | H67: Kenzo Fitness | I67: =IF(OR(Raw!K67="",LOWER(Raw!K67)="not available"),"Not Available",HYPERLINK(Raw!K67,"Instagram")) -> Instagram | J67: =IF(OR(Raw!L67="",LOWER(Raw!L67)="not available"),"Not Available",HYPERLINK(Raw!L67,"Facebook")) -> Facebook | K67: 4.8 | L67: 357
A68: 67 | B68: Kenzo Fitness Ulwe | C68: Ulwe | D68: Shop no-10, Sunny Orchid Bliss, Sector 5, Ulwe, Navi Mumbai, Maharashtra 410206 | E68: =IF(OR(Raw!D132="",LOWER(Raw!D132)="not available"),"Not Available",HYPERLINK(Raw!D132,"Maps")) -> Maps | F68: 91377 91011 | G68: Not Available | H68: Kenzo Fitness | I68: =IF(OR(Raw!K132="",LOWER(Raw!K132)="not available"),"Not Available",HYPERLINK(Raw!K132,"Instagram")) -> Instagram | J68: =IF(OR(Raw!L132="",LOWER(Raw!L132)="not available"),"Not Available",HYPERLINK(Raw!L132,"Facebook")) -> Facebook | K68: 4.5 | L68: 527
A69: 68 | B69: Kenzo Fitness Vashi | Kenzo pilates | C69: Vashi | D69: Shop no 16, Ground Floor, Satra Plaza, Palm Beach Rd, Phase 2, Sector 19D, Vashi, Navi Mumbai, Maharashtra 400703 | E69: =IF(OR(Raw!D2="",LOWER(Raw!D2)="not available"),"Not Available",HYPERLINK(Raw!D2,"Maps")) -> Maps | F69: 89767 22977 | G69: Not Available | H69: Kenzo Fitness | I69: =IF(OR(Raw!K2="",LOWER(Raw!K2)="not available"),"Not Available",HYPERLINK(Raw!K2,"Instagram")) -> Instagram | J69: =IF(OR(Raw!L2="",LOWER(Raw!L2)="not available"),"Not Available",HYPERLINK(Raw!L2,"Facebook")) -> Facebook | K69: 4.8 | L69: 324
A70: 69 | B70: Krushnai Fitness Club | C70: Mahape | D70: MIDC Industrial Area, Sector 1, Mahape, Navi Mumbai, Maharashtra 400710 | E70: =IF(OR(Raw!D149="",LOWER(Raw!D149)="not available"),"Not Available",HYPERLINK(Raw!D149,"Maps")) -> Maps | F70: 93214 28422 | G70: Not Available | H70: Not Available | I70: =IF(OR(Raw!K149="",LOWER(Raw!K149)="not available"),"Not Available",HYPERLINK(Raw!K149,"Instagram")) -> Not Available | J70: =IF(OR(Raw!L149="",LOWER(Raw!L149)="not available"),"Not Available",HYPERLINK(Raw!L149,"Facebook")) -> Not Available | K70: 4.8 | L70: 24
A71: 70 | B71: Leo Fitness Ulwe | C71: Ulwe | D71: Shop No 1-3, Neelkanth Residency, Plot no 109, Sector 18, Ulwe, Navi Mumbai, Maharashtra 410206 | E71: =IF(OR(Raw!D139="",LOWER(Raw!D139)="not available"),"Not Available",HYPERLINK(Raw!D139,"Maps")) -> Maps | F71: 98927 48576 | G71: Not Available | H71: Not Available | I71: =IF(OR(Raw!K139="",LOWER(Raw!K139)="not available"),"Not Available",HYPERLINK(Raw!K139,"Instagram")) -> Instagram | J71: =IF(OR(Raw!L139="",LOWER(Raw!L139)="not available"),"Not Available",HYPERLINK(Raw!L139,"Facebook")) -> Not Available | K71: 4.2 | L71: 59
A72: 71 | B72: LIGHTHOUSE FITNESS | C72: Panvel | D72: Plot no.- 88, 797/1, Sai Nagar Rd, Old Panvel, Panvel, Maharashtra 410206 | E72: =IF(OR(Raw!D104="",LOWER(Raw!D104)="not available"),"Not Available",HYPERLINK(Raw!D104,"Maps")) -> Maps | F72: 84240 09988 | G72: Not Available | H72: Not Available | I72: =IF(OR(Raw!K104="",LOWER(Raw!K104)="not available"),"Not Available",HYPERLINK(Raw!K104,"Instagram")) -> Not Available | J72: =IF(OR(Raw!L104="",LOWER(Raw!L104)="not available"),"Not Available",HYPERLINK(Raw!L104,"Facebook")) -> Not Available | K72: 5 | L72: 128
A73: 72 | B73: M90 Fitness House | C73: Taloja | D73: Koyana Velhe, Ghotkamp Koyana Vele, Taloja, Panvel, Maharashtra 410208 | E73: =IF(OR(Raw!D147="",LOWER(Raw!D147)="not available"),"Not Available",HYPERLINK(Raw!D147,"Maps")) -> Maps | F73: 90044 58552 | G73: Not Available | H73: Not Available | I73: =IF(OR(Raw!K147="",LOWER(Raw!K147)="not available"),"Not Available",HYPERLINK(Raw!K147,"Instagram")) -> Instagram | J73: =IF(OR(Raw!L147="",LOWER(Raw!L147)="not available"),"Not Available",HYPERLINK(Raw!L147,"Facebook")) -> Facebook | K73: 5 | L73: 53
A74: 73 | B74: Malhar Fitness Studio | C74: Kalamboli | D74: Shop no-9, 1st floor, near Avida Pallavi hotel, Sector 16E, Roadpali, Kalamboli, Panvel, Maharashtra 410218 | E74: =IF(OR(Raw!D128="",LOWER(Raw!D128)="not available"),"Not Available",HYPERLINK(Raw!D128,"Maps")) -> Maps | F74: 88792 07777 | G74: Not Available | H74: Not Available | I74: =IF(OR(Raw!K128="",LOWER(Raw!K128)="not available"),"Not Available",HYPERLINK(Raw!K128,"Instagram")) -> Instagram | J74: =IF(OR(Raw!L128="",LOWER(Raw!L128)="not available"),"Not Available",HYPERLINK(Raw!L128,"Facebook")) -> Facebook | K74: 4.8 | L74: 696
A75: 74 | B75: Maruti Fitness Gym | C75: Ghansoli | D75: 1st Floor, Shreya Apartment, Sector 9, Ghansoli, Navi Mumbai, Maharashtra 400701 | E75: =IF(OR(Raw!D75="",LOWER(Raw!D75)="not available"),"Not Available",HYPERLINK(Raw!D75,"Maps")) -> Maps | F75: 93594 27060 | G75: Not Available | H75: Not Available | I75: =IF(OR(Raw!K75="",LOWER(Raw!K75)="not available"),"Not Available",HYPERLINK(Raw!K75,"Instagram")) -> Not Available | J75: =IF(OR(Raw!L75="",LOWER(Raw!L75)="not available"),"Not Available",HYPERLINK(Raw!L75,"Facebook")) -> Not Available | K75: 5 | L75: 59
A76: 75 | B76: MASS Fitness | C76: New Panvel | D76: Plot No.22, Sector No.1, New Panvel East, Panvel, Maharashtra 410206 | E76: =IF(OR(Raw!D111="",LOWER(Raw!D111)="not available"),"Not Available",HYPERLINK(Raw!D111,"Maps")) -> Maps | F76: 97020 00458 | G76: Not Available | H76: Not Available | I76: =IF(OR(Raw!K111="",LOWER(Raw!K111)="not available"),"Not Available",HYPERLINK(Raw!K111,"Instagram")) -> Not Available | J76: =IF(OR(Raw!L111="",LOWER(Raw!L111)="not available"),"Not Available",HYPERLINK(Raw!L111,"Facebook")) -> Not Available | K76: 4.5 | L76: 101
A77: 76 | B77: Metabolic Fitness Sanpada | C77: Sanpada | D77: 1st Floor, Balaji Heights, Plot No 4, Sector 11, Sanpada, Navi Mumbai, Maharashtra 400705 | E77: =IF(OR(Raw!D85="",LOWER(Raw!D85)="not available"),"Not Available",HYPERLINK(Raw!D85,"Maps")) -> Maps | F77: 97690 17199 | G77: Not Available | H77: Not Available | I77: =IF(OR(Raw!K85="",LOWER(Raw!K85)="not available"),"Not Available",HYPERLINK(Raw!K85,"Instagram")) -> Instagram | J77: =IF(OR(Raw!L85="",LOWER(Raw!L85)="not available"),"Not Available",HYPERLINK(Raw!L85,"Facebook")) -> Not Available | K77: 4.9 | L77: 19
A78: 77 | B78: More's Muscle Factory | C78: Kopar Khairane | D78: Shop No. 01-03, Muktai CHS, Plot No.06A, Sector 06, Kopar Khairane, Navi Mumbai, Maharashtra 400709 | E78: =IF(OR(Raw!D61="",LOWER(Raw!D61)="not available"),"Not Available",HYPERLINK(Raw!D61,"Maps")) -> Maps | F78: 91676 68669 | G78: Not Available | H78: Not Available | I78: =IF(OR(Raw!K61="",LOWER(Raw!K61)="not available"),"Not Available",HYPERLINK(Raw!K61,"Instagram")) -> Not Available | J78: =IF(OR(Raw!L61="",LOWER(Raw!L61)="not available"),"Not Available",HYPERLINK(Raw!L61,"Facebook")) -> Not Available | K78: 4.7 | L78: 130
A79: 78 | B79: MP's Fitness World (Sector 3) | C79: CBD Belapur | D79: Shop no 28-31, F type, Sector - 03 Market, CBD Belapur, Navi Mumbai, Maharashtra 400614 | E79: =IF(OR(Raw!D34="",LOWER(Raw!D34)="not available"),"Not Available",HYPERLINK(Raw!D34,"Maps")) -> Maps | F79: Not publicly listed | G79: Not Available | H79: Not Available | I79: =IF(OR(Raw!K34="",LOWER(Raw!K34)="not available"),"Not Available",HYPERLINK(Raw!K34,"Instagram")) -> Instagram | J79: =IF(OR(Raw!L34="",LOWER(Raw!L34)="not available"),"Not Available",HYPERLINK(Raw!L34,"Facebook")) -> Facebook | K79: 4.8 | L79: 100
A80: 79 | B80: MP's FITNESS WORLD (Sector 8B) | C80: CBD Belapur | D80: C-4, Kali Mata Mandir Rd, Sector 8B, CBD Belapur, Navi Mumbai, Maharashtra 400614 | E80: =IF(OR(Raw!D38="",LOWER(Raw!D38)="not available"),"Not Available",HYPERLINK(Raw!D38,"Maps")) -> Maps | F80: 90828 20128 | G80: Not Available | H80: Not Available | I80: =IF(OR(Raw!K38="",LOWER(Raw!K38)="not available"),"Not Available",HYPERLINK(Raw!K38,"Instagram")) -> Instagram | J80: =IF(OR(Raw!L38="",LOWER(Raw!L38)="not available"),"Not Available",HYPERLINK(Raw!L38,"Facebook")) -> Facebook | K80: 4.3 | L80: 46
A81: 80 | B81: MP's Fitness World (Turbhe) | C81: Turbhe | D81: Hanuman Mandir Gali, Turbhe Village, Sector 22, Turbhe, Navi Mumbai, Maharashtra 400703 | E81: =IF(OR(Raw!D78="",LOWER(Raw!D78)="not available"),"Not Available",HYPERLINK(Raw!D78,"Maps")) -> Maps | F81: 90828 20128 | G81: Not Available | H81: Not Available | I81: =IF(OR(Raw!K78="",LOWER(Raw!K78)="not available"),"Not Available",HYPERLINK(Raw!K78,"Instagram")) -> Instagram | J81: =IF(OR(Raw!L78="",LOWER(Raw!L78)="not available"),"Not Available",HYPERLINK(Raw!L78,"Facebook")) -> Facebook | K81: 4.6 | L81: 145
A82: 81 | B82: Mustangs Fitness Centre | Sanpada | C82: Sanpada | D82: Showroom No. 1, Goodwill Unity CHSL, Plot No. 12, Sector 8, Sanpada, Navi Mumbai, Maharashtra 400703 | E82: =IF(OR(Raw!D86="",LOWER(Raw!D86)="not available"),"Not Available",HYPERLINK(Raw!D86,"Maps")) -> Maps | F82: 98925 52114 | G82: sales@mustangs.in | H82: MUSTANGS FITNESS CENTRE | I82: =IF(OR(Raw!K86="",LOWER(Raw!K86)="not available"),"Not Available",HYPERLINK(Raw!K86,"Instagram")) -> Instagram | J82: =IF(OR(Raw!L86="",LOWER(Raw!L86)="not available"),"Not Available",HYPERLINK(Raw!L86,"Facebook")) -> Facebook | K82: 4.8 | L82: 240
A83: 82 | B83: Mustangs Fitness Centre | Vashi | C83: Vashi | D83: 1st Floor, Mahavir Center, Plot no. 77, Sector 17, Vashi, Navi Mumbai, Maharashtra 400703 | E83: =IF(OR(Raw!D9="",LOWER(Raw!D9)="not available"),"Not Available",HYPERLINK(Raw!D9,"Maps")) -> Maps | F83: 87792 72114 | G83: sales@mustangs.in | H83: Not Available | I83: =IF(OR(Raw!K9="",LOWER(Raw!K9)="not available"),"Not Available",HYPERLINK(Raw!K9,"Instagram")) -> Instagram | J83: =IF(OR(Raw!L9="",LOWER(Raw!L9)="not available"),"Not Available",HYPERLINK(Raw!L9,"Facebook")) -> Facebook | K83: 4.8 | L83: 383
A84: 83 | B84: MY GYM | C84: New Panvel | D84: Shop no.119, 1st floor, Shiva Complex, Sector 19, New Panvel East, Panvel, Maharashtra 410206 | E84: =IF(OR(Raw!D100="",LOWER(Raw!D100)="not available"),"Not Available",HYPERLINK(Raw!D100,"Maps")) -> Maps | F84: 98339 11101 | G84: Not Available | H84: Not Available | I84: =IF(OR(Raw!K100="",LOWER(Raw!K100)="not available"),"Not Available",HYPERLINK(Raw!K100,"Instagram")) -> Instagram | J84: =IF(OR(Raw!L100="",LOWER(Raw!L100)="not available"),"Not Available",HYPERLINK(Raw!L100,"Facebook")) -> Facebook | K84: 4.8 | L84: 945
A85: 84 | B85: Nerul Gymkhana | C85: Nerul | D85: Plot No 5 & 5A, Sector No 28, Nerul, Navi Mumbai, Maharashtra 400706 | E85: =IF(OR(Raw!D15="",LOWER(Raw!D15)="not available"),"Not Available",HYPERLINK(Raw!D15,"Maps")) -> Maps | F85: 93727 70136 | G85: info@nerulgymkhana.com | H85: Nerul Gymkhana | I85: =IF(OR(Raw!K15="",LOWER(Raw!K15)="not available"),"Not Available",HYPERLINK(Raw!K15,"Instagram")) -> Not Available | J85: =IF(OR(Raw!L15="",LOWER(Raw!L15)="not available"),"Not Available",HYPERLINK(Raw!L15,"Facebook")) -> Facebook | K85: 4 | L85: 2839
A86: 85 | B86: New Life Fitness | C86: Kamothe | D86: 1-5, 1st floor, Plot number 4, Sector 24, Kamothe, Panvel, Maharashtra 410209 | E86: =IF(OR(Raw!D120="",LOWER(Raw!D120)="not available"),"Not Available",HYPERLINK(Raw!D120,"Maps")) -> Maps | F86: 81088 00629 | G86: Not Available | H86: Not Available | I86: =IF(OR(Raw!K120="",LOWER(Raw!K120)="not available"),"Not Available",HYPERLINK(Raw!K120,"Instagram")) -> Not Available | J86: =IF(OR(Raw!L120="",LOWER(Raw!L120)="not available"),"Not Available",HYPERLINK(Raw!L120,"Facebook")) -> Not Available | K86: 4.9 | L86: 108
A87: 86 | B87: One Life Fitness Hub | C87: Ghansoli | D87: Shop-106, Plot 10, Sector 3, Ghansoli, Navi Mumbai, Maharashtra 400701 | E87: =IF(OR(Raw!D70="",LOWER(Raw!D70)="not available"),"Not Available",HYPERLINK(Raw!D70,"Maps")) -> Maps | F87: 99205 99440 | G87: onelifefitnesshub@gmail.com | H87: Not Available | I87: =IF(OR(Raw!K70="",LOWER(Raw!K70)="not available"),"Not Available",HYPERLINK(Raw!K70,"Instagram")) -> Not Available | J87: =IF(OR(Raw!L70="",LOWER(Raw!L70)="not available"),"Not Available",HYPERLINK(Raw!L70,"Facebook")) -> Facebook | K87: 4.7 | L87: 111
A88: 87 | B88: Oneabove Fitness Nerul | C88: Nerul | D88: 1st Floor, Hawares Centurion Mall, Nerul East, Sector 19A, Nerul, Navi Mumbai, Maharashtra 400706 | E88: =IF(OR(Raw!D12="",LOWER(Raw!D12)="not available"),"Not Available",HYPERLINK(Raw!D12,"Maps")) -> Maps | F88: 91374 64261 | G88: ig@talwalkars.net | H88: Oneabove Fitness | I88: =IF(OR(Raw!K12="",LOWER(Raw!K12)="not available"),"Not Available",HYPERLINK(Raw!K12,"Instagram")) -> Instagram | J88: =IF(OR(Raw!L12="",LOWER(Raw!L12)="not available"),"Not Available",HYPERLINK(Raw!L12,"Facebook")) -> Facebook | K88: 4.7 | L88: 556
A89: 88 | B89: OutRaw Gym | C89: Panvel | D89: 4th Floor, Karnala Sports Academy, Sector 16, Old Panvel, Panvel, Maharashtra 410206 | E89: =IF(OR(Raw!D97="",LOWER(Raw!D97)="not available"),"Not Available",HYPERLINK(Raw!D97,"Maps")) -> Maps | F89: 84248 32233 | G89: Not Available | H89: Not Available | I89: =IF(OR(Raw!K97="",LOWER(Raw!K97)="not available"),"Not Available",HYPERLINK(Raw!K97,"Instagram")) -> Instagram | J89: =IF(OR(Raw!L97="",LOWER(Raw!L97)="not available"),"Not Available",HYPERLINK(Raw!L97,"Facebook")) -> Facebook | K89: 4.8 | L89: 298
A90: 89 | B90: Panada Fitness Centre | C90: CBD Belapur | D90: 44, Shop no.12, Progressive Sea Lounge, Sector 15, CBD Belapur, Navi Mumbai, Maharashtra 400614 | E90: =IF(OR(Raw!D40="",LOWER(Raw!D40)="not available"),"Not Available",HYPERLINK(Raw!D40,"Maps")) -> Maps | F90: 90829 55754 | G90: Not Available | H90: Not Available | I90: =IF(OR(Raw!K40="",LOWER(Raw!K40)="not available"),"Not Available",HYPERLINK(Raw!K40,"Instagram")) -> Not Available | J90: =IF(OR(Raw!L40="",LOWER(Raw!L40)="not available"),"Not Available",HYPERLINK(Raw!L40,"Facebook")) -> Not Available | K90: 5 | L90: 60
A91: 90 | B91: Paramount Physiqx | C91: New Panvel | D91: 4th floor, Ravriya City, Sector 18, New Panvel East, Panvel, Maharashtra 410206 | E91: =IF(OR(Raw!D106="",LOWER(Raw!D106)="not available"),"Not Available",HYPERLINK(Raw!D106,"Maps")) -> Maps | F91: Not publicly listed | G91: Not Available | H91: Not Available | I91: =IF(OR(Raw!K106="",LOWER(Raw!K106)="not available"),"Not Available",HYPERLINK(Raw!K106,"Instagram")) -> Not Available | J91: =IF(OR(Raw!L106="",LOWER(Raw!L106)="not available"),"Not Available",HYPERLINK(Raw!L106,"Facebook")) -> Not Available | K91: 4 | L91: 54
A92: 91 | B92: Passion Gym | C92: Nerul | D92: Sector No 28, Nerul Gymkhana, Plot No 5A, Nerul East, Sector 28, Nerul, Navi Mumbai, Maharashtra 400706 | E92: =IF(OR(Raw!D19="",LOWER(Raw!D19)="not available"),"Not Available",HYPERLINK(Raw!D19,"Maps")) -> Maps | F92: 90049 99948 | G92: Not Available | H92: Not Available | I92: =IF(OR(Raw!K19="",LOWER(Raw!K19)="not available"),"Not Available",HYPERLINK(Raw!K19,"Instagram")) -> Not Available | J92: =IF(OR(Raw!L19="",LOWER(Raw!L19)="not available"),"Not Available",HYPERLINK(Raw!L19,"Facebook")) -> Not Available | K92: 4.9 | L92: 79
A93: 92 | B93: Perfect Health & Fitness | C93: CBD Belapur | D93: 403, Plot No.7, Chamber 2, Arenja Plaza, Sector 15, CBD Belapur, Navi Mumbai, Maharashtra 400614 | E93: =IF(OR(Raw!D36="",LOWER(Raw!D36)="not available"),"Not Available",HYPERLINK(Raw!D36,"Maps")) -> Maps | F93: 77688 79921 | G93: Not Available | H93: Not Available | I93: =IF(OR(Raw!K36="",LOWER(Raw!K36)="not available"),"Not Available",HYPERLINK(Raw!K36,"Instagram")) -> Not Available | J93: =IF(OR(Raw!L36="",LOWER(Raw!L36)="not available"),"Not Available",HYPERLINK(Raw!L36,"Facebook")) -> Not Available | K93: 5 | L93: 209
A94: 93 | B94: Physc gym Kamothe | C94: Kamothe | D94: Office no 301-304, Sudarshan CHS, Plot no 14, Sector 36, Kamothe, Panvel, Maharashtra 410209 | E94: =IF(OR(Raw!D112="",LOWER(Raw!D112)="not available"),"Not Available",HYPERLINK(Raw!D112,"Maps")) -> Maps | F94: 86524 24024 | G94: Not Available | H94: Not Available | I94: =IF(OR(Raw!K112="",LOWER(Raw!K112)="not available"),"Not Available",HYPERLINK(Raw!K112,"Instagram")) -> Not Available | J94: =IF(OR(Raw!L112="",LOWER(Raw!L112)="not available"),"Not Available",HYPERLINK(Raw!L112,"Facebook")) -> Not Available | K94: 4.6 | L94: 526
A95: 94 | B95: Plus Fitness 24/7 Seawoods | C95: Seawoods | D95: 1st Floor, Tanushree Heights CHS Ltd, Plot No. 34, Seawoods West, Sector 42A, Seawoods, Navi Mumbai, Maharashtra 400706 | E95: =IF(OR(Raw!D90="",LOWER(Raw!D90)="not available"),"Not Available",HYPERLINK(Raw!D90,"Maps")) -> Maps | F95: 73044 43599 | G95: seawoods@plusfitness.co.in | H95: Plus Fitness 24 /7 Belapur | 24 Hour Gym | Working Towards A Healthier India | I95: =IF(OR(Raw!K90="",LOWER(Raw!K90)="not available"),"Not Available",HYPERLINK(Raw!K90,"Instagram")) -> Instagram | J95: =IF(OR(Raw!L90="",LOWER(Raw!L90)="not available"),"Not Available",HYPERLINK(Raw!L90,"Facebook")) -> Facebook | K95: 5 | L95: 211
A96: 95 | B96: Plus Fitness Belapur | C96: CBD Belapur | D96: Level 3, Mayuresh square, Plot no. 17, Sector 15, CBD Belapur, Navi Mumbai, Maharashtra 400614 | E96: =IF(OR(Raw!D32="",LOWER(Raw!D32)="not available"),"Not Available",HYPERLINK(Raw!D32,"Maps")) -> Maps | F96: 93213 98773 | G96: belapur@plusfitness.co.in | H96: Plus Fitness 24 /7 Belapur | 24 Hour Gym | Working Towards A Healthier India | I96: =IF(OR(Raw!K32="",LOWER(Raw!K32)="not available"),"Not Available",HYPERLINK(Raw!K32,"Instagram")) -> Instagram | J96: =IF(OR(Raw!L32="",LOWER(Raw!L32)="not available"),"Not Available",HYPERLINK(Raw!L32,"Facebook")) -> Facebook | K96: 4.8 | L96: 357
A97: 96 | B97: Power house gym | C97: Turbhe | D97: Caravan House, Bank Of India Rd, Sector 24, Turbhe, Navi Mumbai, Maharashtra 400703 | E97: =IF(OR(Raw!D79="",LOWER(Raw!D79)="not available"),"Not Available",HYPERLINK(Raw!D79,"Maps")) -> Maps | F97: Not publicly listed | G97: Not Available | H97: Not Available | I97: =IF(OR(Raw!K79="",LOWER(Raw!K79)="not available"),"Not Available",HYPERLINK(Raw!K79,"Instagram")) -> Not Available | J97: =IF(OR(Raw!L79="",LOWER(Raw!L79)="not available"),"Not Available",HYPERLINK(Raw!L79,"Facebook")) -> Not Available | K97: 4.3 | L97: 25
A98: 97 | B98: Powerplex fitness | C98: Seawoods/Nerul | D98: Shop no.8A, Shanti Vaibhav CHS, Seawoods West, Sector 42A, Nerul, Navi Mumbai, Maharashtra 400706 | E98: =IF(OR(Raw!D95="",LOWER(Raw!D95)="not available"),"Not Available",HYPERLINK(Raw!D95,"Maps")) -> Maps | F98: 79776 54950 | G98: Not Available | H98: Not Available | I98: =IF(OR(Raw!K95="",LOWER(Raw!K95)="not available"),"Not Available",HYPERLINK(Raw!K95,"Instagram")) -> Instagram | J98: =IF(OR(Raw!L95="",LOWER(Raw!L95)="not available"),"Not Available",HYPERLINK(Raw!L95,"Facebook")) -> Facebook | K98: 4.7 | L98: 104
A99: 98 | B99: Prayas Fitness Club | C99: Sanpada | D99: E-003, ground floor, Sanpada Station Rd, Sector 3, Sanpada, Navi Mumbai, Maharashtra 400705 | E99: =IF(OR(Raw!D89="",LOWER(Raw!D89)="not available"),"Not Available",HYPERLINK(Raw!D89,"Maps")) -> Maps | F99: 82861 33957 | G99: Not Available | H99: Not Available | I99: =IF(OR(Raw!K89="",LOWER(Raw!K89)="not available"),"Not Available",HYPERLINK(Raw!K89,"Instagram")) -> Instagram | J99: =IF(OR(Raw!L89="",LOWER(Raw!L89)="not available"),"Not Available",HYPERLINK(Raw!L89,"Facebook")) -> Facebook | K99: 4.8 | L99: 316
A100: 99 | B100: PRO ADDICTS FITNESS AND GYM (UNISEX) | C100: Sanpada | D100: 04, Sector 11, Sanpada, Navi Mumbai, Maharashtra 400705 | E100: =IF(OR(Raw!D87="",LOWER(Raw!D87)="not available"),"Not Available",HYPERLINK(Raw!D87,"Maps")) -> Maps | F100: 97684 18989 | G100: Not Available | H100: Not Available | I100: =IF(OR(Raw!K87="",LOWER(Raw!K87)="not available"),"Not Available",HYPERLINK(Raw!K87,"Instagram")) -> Instagram | J100: =IF(OR(Raw!L87="",LOWER(Raw!L87)="not available"),"Not Available",HYPERLINK(Raw!L87,"Facebook")) -> Facebook | K100: 4.8 | L100: 220
...
