Workbook

Sheet Notes
A1: Clinic Data Analysis (Navi Mumbai)
A3: The Excel file contains 6 sheets.
A4: The data required for outreach is in "Clinic Data".
A5: The findings/data analysis were added in the "Analysis" sheet.
A6: The Clinic Data sheet contains "13 rows" and "120 columns".
A7: The data was collected from open resources through Google.
A8: The original dataset contained several impurities and inconsistencies:
A10: Unnecessary columns were identified and dropped using Excel and Python libraries.
A11: Lead classification was based on available details such as: Website availability, Instagram availability and Contact availability
A14: Analysis And Report
A16: Many clinics have limited online visibility, with a lack of proper websites and digital presence.
A17: Most clinics have available contact details, creating better chances for sales outreach.
... A22: as only their availability was checked, not their quality, activity, or engagement.

Sheet Raw
A1: hfpxzc href | B1: xxVWCe | C1: MW4etd | D1: UY7F9 | E1: W4Efsd | F1: W4Efsd 2 | G1: W4Efsd 3 | H1: W4Efsd 4 | I1: W4Efsd 5 | J1: W4Efsd 6 | K1: UsdlK | L1: Cw1rxd | M1: R8c4Qb | N1: Jn12ke src | O1: ah5Ghc | P1: doJOZc | Q1: lcr4fd href | R1: Cw1rxd 2 | S1: R8c4Qb 2 | T1: W4Efsd 7 | U1: ah5Ghc 2 | V1: ah5Ghc 3
A4: https://www.google.com/maps/place/Family+Care+Clinic+Nerul+Navi+Mumbai/data=!4m7!3m6!1s0x3be7c3c934900977:0x57d39a810a8d346!8m2!3d19.0396026!4d73.017636!16s%2Fg%2F11vm7jbkdb!19sChIJdwmQNMnD5zsRRtOoEKg5fQU?authuser=0&hl=en&rclk=1 | B4: Family Care Clinic Nerul Navi Mumbai | C4: 5 | D4: -9 | E4: Medical clinic | F4: · | G4: e1/2, Vrindavan apartment, A-4, near Sai baba hotel | H4: Open | I4: · Closes 10 PM | J4: · | K4: +91 87793 87362 | L4:  | M4: Directions | N4: https://ssl.gstatic.com/local/servicebusiness/default_user.png | O4: "A rare combination of expertise, compassion, and genuine care."
A5: https://www.google.com/maps/place/Family+Health+Clinic/data=!4m7!3m6!1s0x3be7c3751b6a4f49:0x64c685205b2a7c4c!8m2!3d19.0311396!4d73.0268152!16s%2Fg%2F11t6n7_wh9!19sChIJSU9qG3XD5zsRTHwqWyCFxmQ?authuser=0&hl=en&rclk=1 | B5: Family Health Clinic | C5: 5 | D5: -71 | E5: Doctor | F5: · | G5: Plot no.13, Shop No. 18, Bhima Shankar CHS Shopping Complex, Sector 19A Nerul Rd | H5: Open | I5: · Closes 8:30 PM | J5: · | K5: +91 91372 08535 | L5:  | M5: Directions | N5: https://ssl.gstatic.com/local/servicebusiness/default_user.png | O5: "The staff made me feel comfortable throughout the visit."
A6: https://www.google.com/maps/place/Apollo+Hospital,/data=!4m7!3m6!1s0x3be7c3903a3c9297:0xb858a25d34856005!8m2!3d19.0208646!4d73.0287337!16s%2Fg%2F11plkkvf08!19sChIJl5I8OpDD5zsRBWCFNF2iWLg?authuser=0&hl=en&rclk=1 | B6: Apollo Hospital, | C6: 4.7 | D6: -28262 | E6: Hospital | F6: · | G6: · | H6: Plot no 13, Parsik Hill Rd, off Uran Road | I6: Open 24 hours | J6: · | K6: +91 80 6297 2766 | L6:  | M6: Website | N6: https://ssl.gstatic.com/local/servicebusiness/default_user.png | O6: "The therapists exhibited a remarkable level of expertise and compassion." | P6:  | Q6: https://www.apollohospitals.com/hospitals/apollo-hospitals-mumbai | R6:  | S6: Directions
A7: https://www.google.com/maps/place/Jalphama+Clinic+%28+Dr.+Bhanushali%29/data=!4m7!3m6!1s0x3be7c3c7911986eb:0x74e823347d80b11d!8m2!3d19.031161!4d73.026728!16s%2Fg%2F1pv2l2tyb!19sChIJ64YZkcfD5zsRHbGAfTQj6HQ?authuser=0&hl=en&rclk=1 | B7: Jalphama Clinic ( Dr. Bhanushali) | C7: 5 | D7: -29 | E7: Medical clinic | F7: · | G7: Shop No.10, Plot, 13, Annasaheb Urf Blvd Zhute Marg | H7: Open | I7: · Closes 11 PM | J7: · | K7: +91 93232 05179 | L7:  | M7: Directions | N7: https://ssl.gstatic.com/local/servicebusiness/default_user.png | O7: "He's very polite and doesn't make you feel like a patient."
A8: https://www.google.com/maps/place/Parasnath+Speciality+Clinics+%7C+Knee+and+Spine+Clinic+in+Vashi,+Navi+Mumbai/data=!4m7!3m6!1s0x3be7c1dfafcc8b65:0xbaba3c2e67be05d4!8m2!3d19.0737122!4d72.9992978!16s%2Fg%2F11fk2mhxc4!19sChIJZYvMr9_B5zsR1AW-Zy48uro?authuser=0&hl=en&rclk=1 | B8: Parasnath Speciality Clinics | Knee and Spine Clinic in Vashi, Navi Mumbai | C8: 4.8 | D8: -241 | E8: Ayurvedic clinic | F8: · | G8: · | H8: 2nd Floor, Mahavir tower, above golden punjab hotel | I8: Closes soon | J8: · | K8: +91 90824 00043 | L8:  | M8: Website | N8: https://ssl.gstatic.com/local/servicebusiness/default_user.png | O8: "All the staff in the | P8:  | Q8: https://parasnathclinics.com/ | R8:  | S8: Directions | T8: · 7 PM · Opens 10 AM Wed | U8: clinic | V8: very supportive and helpful."
A9: https://www.google.com/maps/place/Sanjeevni+Clinic-+The+Family+Doctor/data=!4m7!3m6!1s0x3be7c1cea7b703fb:0x600191e4e76c7976!8m2!3d19.0390708!4d73.01777!16s%2Fg%2F11shj5hf25!19sChIJ-wO3p87B5zsRdnls5-SRAWA?authuser=0&hl=en&rclk=1 | B9: Sanjeevni Clinic- The Family Doctor | C9: 5 | D9: -20 | E9: Walk-in clinic | F9: · | G9: Sanjeevni Clinic, NL-A 3/4, 706, Station Road | H9: Open | I9: · Closes 10 PM | J9: · | K9: +91 98695 13498 | L9:  | M9: Directions | N9: https://ssl.gstatic.com/local/servicebusiness/default_user.png | O9: "I would recommend her."
A10: https://www.google.com/maps/place/Dr.+Salman%27s+Healthcare+clinic/data=!4m7!3m6!1s0x3be7c3e97713dd7f:0x3e624dd525be13e9!8m2!3d19.034756!4d73.01564!16s%2Fg%2F11rmx06x2j!19sChIJf90Td-nD5zsR6RO-JdVNYj4?authuser=0&hl=en&rclk=1 | B10: Dr. Salman's Healthcare clinic | C10: 4.8 | D10: -41 | E10: Medical clinic | F10: · | G10: House No. 17,Shop, no. 02, Gaon (West | K10: +91 87073 40438 | L10:  | M10: Directions | N10: https://ssl.gstatic.com/local/servicebusiness/default_user.png | O10: "The services that I receive from Dr is excellent."
A11: https://www.google.com/maps/place/Lions+Hospital/data=!4m7!3m6!1s0x3be7c0d766c60807:0xdadd8c3a5ffb464a!8m2!3d19.1005881!4d73.0047438!16s%2Fg%2F1tf7qlnq!19sChIJBwjGZtfA5zsRSkb7XzqM3do?authuser=0&hl=en&rclk=1 | B11: Lions Hospital | C11: 4.8 | D11: -4169 | E11: Hospital | F11: · | G11: · | H11: 101, Vashi Kopar Khairane Rd | I11: Open 24 hours | J11: · | K11: +91 83559 61073 | L11:  | M11: Website | N11: https://ssl.gstatic.com/local/servicebusiness/default_user.png | O11: "Excellent service, professional care, and a friendly environment." | P11:  | Q11: http://lionshospital.co.in/ | R11:  | S11: Directions
A12: https://www.google.com/maps/place/DR.+PARVEZ+UMAR+KHAN,+ROSHAN+UMAR+CLINIC,Family+Phsician+%28M.B.B.S%29Nerul,Navi+Mumbai/data=!4m7!3m6!1s0x3be7c36ec80371df:0x5fed2ab38de5bd89!8m2!3d19.0284367!4d73.0181821!16s%2Fg%2F11s2k6tmd9!19sChIJ33EDyG7D5zsRib3ljbMq7V8?authuser=0&hl=en&rclk=1 | B12: DR. PARVEZ UMAR KHAN, ROSHAN UMAR CLINIC,Family Phsician (M.B.B.S)Nerul,Navi Mumbai | C12: 5 | D12: -98 | E12: Medical clinic | F12: · | G12: · | H12: Open | I12: · Closes 10 PM | J12: SHOP NO. 27 MARY LAND CHS PLOT No. A-7,SECTOR-23,DARAVE,NERUL(E),NAVI MUMBAI PIN- 4000706, NERUL EAST | K12: +91 98218 22843 | L12:  | M12: Directions | N12: https://ssl.gstatic.com/local/servicebusiness/default_user.png | O12: "The diagnosis and | P12:  | T12: · | U12: treatment | V12: were spot on."
A13: https://www.google.com/maps/place/Dr+Suresh+Ade/data=!4m7!3m6!1s0x3be7c14b0b438087:0x8a4507f5b2b8135e!8m2!3d19.0418173!4d73.0193001!16s%2Fg%2F11c6pm6_m8!19sChIJh4BDC0vB5zsRXhO4svUHRYo?authuser=0&hl=en&rclk=1 | B13: Dr Suresh Ade | C13: 4.9 | D13: -330 | E13: Diabetologist | F13: · | G13: · | H13: Clinic No.22, Ayush Clinic, Saisthan CHS | I13: Open 24 hours | L13:  | M13: Website | N13: https://ssl.gstatic.com/local/servicebusiness/default_user.png | O13: "Highly skilled specialist." | P13:  | Q13: https://drsureshadediabetologist.com/ | R13:  | S13: Directions
A14: https://www.google.com/maps/place/Skin+Science+Clinic/data=!4m7!3m6!1s0x3be7c36b1840cb01:0xe12325ea03317617!8m2!3d19.0241021!4d73.0210187!16s%2Fg%2F11t4276g1s!19sChIJActAGGvD5zsRF3YxA-olI-E?authuser=0&hl=en&rclk=1 | B14: Skin Science Clinic | C14: 4.9 | D14: -283 | E14: Skin care clinic | F14: · | G14: · | H14: Plot no. 17, Office No. 9, Wing D First Floor, Millennium Park building, circle, near Haware Centurion Mall | I14: Open | J14: · | K14: +91 77770 05606 | L14:  | M14: Website | N14: https://ssl.gstatic.com/local/servicebusiness/default_user.png | O14: "The care, | P14:  | Q14: https://skinsciencemumbai.com/ | R14:  | S14: Directions | T14: · Closes 10 PM | U14: treatment | V14: , and ambience here are truly comforting."
A15: https://www.google.com/maps/place/Dr.Chitra%27s+BellaDerma/data=!4m7!3m6!1s0x3be7c3f2fe429b63:0xfcbeea04dc4c9309!8m2!3d19.0297471!4d73.025239!16s%2Fg%2F11r_w828f0!19sChIJY5tC_vLD5zsRCZNM3ATqvvw?authuser=0&hl=en&rclk=1 | B15: Dr.Chitra's BellaDerma | C15: 4.8 | D15: -512 | E15: Skin care clinic | F15: · | G15: · | H15: Open | I15: · Closes 8:30 PM | J15: Shop no 14, Lenyadri Complex, Plot No. 47/1 2, opp. Madhavi CHS | K15: +91 85915 94849 | L15:  | M15: Directions | N15: https://ssl.gstatic.com/local/servicebusiness/default_user.png | O15: "The treatments have made a noticeable difference in my skin and hair health." | P15:  | T15: ·
A16: https://www.google.com/maps/place/Skin+Soul+-+Laser+hair+reduction+in+Navi+Mumbai,+ChemicalPeeling,+Hydra-facial+in+Navi+Mumbai,+Botox+treatment+in+Navi+Mumbai/data=!4m7!3m6!1s0x3be7c14a46874ead:0xffde2beb7bdfa747!8m2!3d19.0442387!4d73.009609!16s%2Fg%2F11fzbjjzkx!19sChIJrU6HRkrB5zsRR6ffe-sr3v8?authuser=0&hl=en&rclk=1 | B16: Skin Soul - Laser hair reduction in Navi Mumbai, ChemicalPeeling, Hydra-facial in Navi Mumbai, Botox treatment in Navi Mumbai | C16: 4.6 | D16: -291 | E16: Skin care clinic | F16: · | G16: · | H16: First Floor, Sai Paradise shop no 1, Plot 21, opp. Prashant Corner | I16: Open | J16: · | K16: +91 93215 84678 | L16:  | M16: Website | N16: https://ssl.gstatic.com/local/servicebusiness/default_user.png | O16: "I underwent several procedures, and the results were excellent." | P16:  | Q16: https://www.skinsoul.in/ | R16:  | S16: Directions | T16: · Closes 9 PM
A17: https://www.google.com/maps/place/Ayushakti+Ayurved+Health+Centre+%7C+Panchakarma+Clinic+in+Navi+Mumbai/data=!4m7!3m6!1s0x3be7c3ab786a6a1f:0x4294e10b00f08572!8m2!3d19.0367236!4d73.0643284!16s%2Fg%2F11g_v6hfzy!19sChIJH2pqeKvD5zsRcoXwAAvhlEI?authuser=0&hl=en&rclk=1 | B17: Ayushakti Ayurved Health Centre | Panchakarma Clinic in Navi Mumbai | C17: 4.9 | D17: -274 | E17: Ayurvedic clinic | F17: · | G17: · | H17: h.s, shops, Mahavir Shraddha c, Plot no 11-B, opp. Kendriya Vihar Metro Station Road | I17: Open | J17: · | K17: +91 86578 62385 | L17:  | M17: Website | N17: https://ssl.gstatic.com/local/servicebusiness/default_user.png | O17: "The | P17:  | Q17: https://www.ayushakti.com/ | R17:  | S17: Directions | T17: · Closes 8 PM | U17: doctors | V17: and staff are very friendly, positive and responsive."
A18: https://www.google.com/maps/place/Health+Care+Clinic/data=!4m7!3m6!1s0x3be7c3bc27753c85:0x6cfb8c05c28a9fb3!8m2!3d19.0245599!4d73.0197486!16s%2Fg%2F1pp2txp0_!19sChIJhTx1J7zD5zsRs5-KwgWM-2w?authuser=0&hl=en&rclk=1 | B18: Health Care Clinic | C18: 4.4 | D18: -15 | E18: Medical clinic | F18: · | G18: Siddhivinayak Building,Plot No.B-99,Shop No.2, Darave Rd | H18: Open | I18: · Closes 10:30 PM | J18: · | K18: +91 99200 84451 | L18:  | M18: Directions | N18: https://ssl.gstatic.com/local/servicebusiness/default_user.png | O18: "⭐⭐⭐⭐⭐ Dr. FM Chogle is very friendly and highly experienced."
A19: https://www.google.com/maps/place/Ivory+Physiotherapy+Clinic+Nerul+Navi+Mumbai/data=!4m7!3m6!1s0x3be7c357181be0f9:0x43273c8f83a0f300!8m2!3d19.0110622!4d73.013619!16s%2Fg%2F11t5dxshjk!19sChIJ-eAbGFfD5zsRAPOgg488J0M?authuser=0&hl=en&rclk=1 | B19: Ivory Physiotherapy Clinic Nerul Navi Mumbai | C19: 4.9 | D19: -537 | E19: Medical clinic | F19: · | G19: · | H19: First Floor, NEELKANTH RESIDENCY, Office No, 1-6 | I19: Open | J19: · | K19: +91 85911 26927 | L19:  | M19: Website | N19: https://ssl.gstatic.com/local/servicebusiness/default_user.png | O19: "The | P19:  | Q19: https://ivoryphysiotherapy.in/ | R19:  | S19: Directions | T19: · Closes 9:30 PM | U19: clinic | V19: is clean, professional, and truly focused on patient recovery."
A20: https://www.google.com/maps/place/BCA+CLINIC+NAVI+MUMBAI+by+Deepali+Banerjee/data=!4m7!3m6!1s0x3be7c1f3065cab8d:0x6bfadc5f2fe74d8b!8m2!3d19.053278!4d73.0070932!16s%2Fg%2F11zjvpwdcc!19sChIJjatcBvPB5zsRi03nL1_c-ms?authuser=0&hl=en&rclk=1 | B20: BCA CLINIC NAVI MUMBAI by Deepali Banerjee | E20: Skin care clinic | F20: · | G20: PLOT NO.- 88, 18, Palm Beach Rd | I20: Open | L20:  | M20: Website | Q20: https://www.bcaclinicindia.com/ | R20:  | S20: Directions | T20: · Closes 8 PM
A21: https://www.google.com/maps/place/Vyana+Skin+Clinic+and+Yoga+Center+%28Navi+Mumbai%29/data=!4m7!3m6!1s0x3be7c3997d07c021:0xb37297c118b5ff4d!8m2!3d19.01372!4d73.0112652!16s%2Fg%2F11hbvp_rn3!19sChIJIcAHfZnD5zsRTf-1GMGXcrM?authuser=0&hl=en&rclk=1 | B21: Vyana Skin Clinic and Yoga Center (Navi Mumbai) | C21: 5 | D21: -23 | E21: Skin care clinic | F21: · | G21: Shop No. 1, PLot no 62 | H21: Open | I21: · Closes 8 PM | J21: · | K21: +91 99673 29119 | L21:  | M21: Directions | N21: https://ssl.gstatic.com/local/servicebusiness/default_user.png | O21: "Way of doing things were professional and have been going for 4 years."
A22: https://www.google.com/maps/place/Terna+Speciality+Hospital+%26+Research+Centre,+Navi+Mumbai+%7C+Best+Hospital+in+Navi+Mumbai/data=!4m7!3m6!1s0x3be7c3ea86beb207:0x7f154e8cdff9c916!8m2!3d19.0315347!4d73.0162787!16s%2Fg%2F11gzm8fv1!19sChIJB7K-hurD5zsRFsn534xOFX8?authuser=0&hl=en&rclk=1 | B22: Terna Speciality Hospital & Research Centre, Navi Mumbai | Best Hospital in Navi Mumbai | C22: 4.1 | D22: -1737 | E22: General hospital | F22: · | G22: · | H22: Phase II, Plot no 12, Sector 22, opp. Nerul Railway Station | I22: Open 24 hours | J22: · | K22: +91 22 6157 8300 | L22:  | M22: Website | N22: https://ssl.gstatic.com/local/servicebusiness/default_user.png | O22: "Staff is friendly and understanding, | P22:  | Q22: https://ternahospital.org/ | R22:  | S22: Directions | U22: treatment | V22: is performed accurately."
A23: https://www.google.com/maps/place/Echelon+Hospital/data=!4m7!3m6!1s0x3be7c0ce2ed4c9cf:0x6f5fc27430527124!8m2!3d19.1085005!4d73.0017709!16s%2Fg%2F1thk764z!19sChIJz8nULs7A5zsRJHFSMHTCX28?authuser=0&hl=en&rclk=1 | B23: Echelon Hospital | C23: 4.5 | D23: -1794 | E23: General hospital | F23: · | G23: · | H23: plot no 12/13, near Indian Oil Petrol Pump | I23: Open 24 hours | J23: · | K23: +91 89895 85050 | L23:  | M23: Website | N23: https://ssl.gstatic.com/local/servicebusiness/default_user.png | O23: "Great | P23:  | Q23: https://www.echelonhospital.com/ | R23:  | S23: Directions | U23: doctors | V23: , clean facilities, friendly staff."
A24: https://www.google.com/maps/place/Dr+Batra%E2%80%99s+Homeopathy+Clinic/data=!4m7!3m6!1s0x3be7c3c0c782483b:0xe0a102e770fe4288!8m2!3d19.0310537!4d73.0217795!16s%2Fg%2F12hr5cmft!19sChIJO0iCx8DD5zsRiEL-cOcCoeA?authuser=0&hl=en&rclk=1 | B24: Dr Batra’s Homeopathy Clinic | C24: 4.6 | D24: -1050 | E24: Homeopath | F24: · | G24: · | H24: 1st Floor, No 101 & 103, Plot No 101, near D Mart | I24: Open | J24: · | K24: +91 70450 06060 | L24:  | M24: Website | N24: https://ssl.gstatic.com/local/servicebusiness/default_user.png | O24: "Helped tackle my dandruff issue and could see considerable growth in hair." | P24:  | Q24: https://clinics.drbatras.com/navi-mumbai/homeopathy-clinic-sector-21 | R24:  | S24: Directions | T24: · Closes 8 PM
A25: https://www.google.com/maps/place/SkinIQ+Skin+Clinic/data=!4m7!3m6!1s0x3be7c36e0a3f11ef:0x95f182a071cac221!8m2!3d19.0432094!4d73.0640734!16s%2Fg%2F11mvp6dv72!19sChIJ7xE_Cm7D5zsRIcLKcaCC8ZU?authuser=0&hl=en&rclk=1 | B25: SkinIQ Skin Clinic | C25: 4.9 | D25: -130 | E25: Dermatologist | F25: · | G25: Plot D59, CHS Near Furniture Market, Shree Krishna Paradise, Colours hospital, 101, Tower 10, near Starbucks | H25: · | I25: Open 24 hours | K25: +91 83830 24748 | L25:  | M25: Website | N25: https://ssl.gstatic.com/local/servicebusiness/default_user.png | O25: "It’s rare to find a | Q25: https://www.skiniq.in/ | R25:  | S25: Directions | U25: doctor | V25: who gives so much attention to patient concerns."
A26: https://www.google.com/maps/place/Dr.+Sanita%27s+Ananya+Women%27s+Clinic,+Best+Obstetrician+%26+Gynaecologist+in+Seawoods,+Navi+Mumbai+%7C+Maternity+%7C+Abortion+Clinic/data=!4m7!3m6!1s0x3be7c3abdfdd49c3:0x90063f53beb57217!8m2!3d19.0119188!4d73.0234878!16s%2Fg%2F11rg6xnq__!19sChIJw0nd36vD5zsRF3K1vlM_BpA?authuser=0&hl=en&rclk=1 | B26: Dr. Sanita's Ananya Women's Clinic, Best Obstetrician & Gynaecologist in Seawoods, Navi Mumbai | Maternity | Abortion Clinic | C26: 5 | D26: -110 | E26: Women's health clinic | F26: · | G26: · | H26: Shop No. 8, Shree Om Sadguru CHS, Plot No. 122 | I26: Open | J26: · | K26: +91 72086 44271 | L26:  | M26: Website | N26: https://ssl.gstatic.com/local/servicebusiness/default_user.png | O26: "The | P26:  | Q26: https://www.drsanitamishra.com/ | R26:  | S26: Directions | T26: · Closes 10 PM | U26: clinic | V26: is clean, peaceful, and welcoming, with very polite staff."
A27: https://www.google.com/maps/place/Prana+Shakti+Clinic.+Dr+Ashwini+Raval.+Best+Homeopathic+Doctor+in+Navi+Mumbai./data=!4m7!3m6!1s0x3be7c330780f4c7f:0xf778a5042230e637!8m2!3d19.041258!4d73.010146!16s%2Fg%2F11w3zyl_fm!19sChIJf0wPeDDD5zsRN-YwIgSlePc?authuser=0&hl=en&rclk=1 | B27: Prana Shakti Clinic. Dr Ashwini Raval. Best Homeopathic Doctor in Navi Mumbai. | C27: 4.8 | D27: -25 | E27: Doctor | F27: · | G27: chs, Sector 6, Shyam Niwas, Shop no 2, Plot no. 222,223 | H27: Open | I27: · Closes 11:30 PM | J27: · | K27: +91 88502 24001 | L27:  | M27: Directions | N27: https://ssl.gstatic.com/local/servicebusiness/default_user.png | O27: "Clean | U27: clinic | V27: , smooth consultation process, and a comfortable atmosphere."
A28: https://www.google.com/maps/place/Dr.+Divyashree+Infectious+Diseases+%26+Vaccination+Clinic+in+Nerul,+Navi+Mumbai/data=!4m7!3m6!1s0x3be7c37cc6529ced:0x7d955bb3f3d793cf!8m2!3d19.0237908!4d73.0227001!16s%2Fg%2F11z8symppq!19sChIJ7ZxSxnzD5zsRz5PX87NblX0?authuser=0&hl=en&rclk=1 | B28: Dr. Divyashree Infectious Diseases & Vaccination Clinic in Nerul, Navi Mumbai | C28: 5 | D28: -18 | E28: Infectious disease physician | F28: · | G28: Sankalp CHS, Shop No-22, Ground Floor, Safal Park | H28: · | I28: Opens soon | K28: +91 89763 94839 | L28:  | M28: Website | N28: https://ssl.gstatic.com/local/servicebusiness/default_user.png | O28: "The | Q28: https://divyashreeidclinic.com/ | R28:  | S28: Directions | T28: · 6:30 PM | U28: doctor | V28: is incredibly kind, friendly, and knowledgeable."
A29: https://www.google.com/maps/place/Dr+Pallavi+Clinic/data=!4m7!3m6!1s0x3be7c324c2fee1a7:0x955cfc8ff5ea8c55!8m2!3d19.0298618!4d73.0153222!16s%2Fg%2F11k434fxvp!19sChIJp-H-wiTD5zsRVYzq9Y_8XJU?authuser=0&hl=en&rclk=1 | B29: Dr Pallavi Clinic | C29: 5 | D29: -1 | E29: Medical clinic | F29: · | G29: Terna Hospital, Plot No 12, Sector 22, opposite Nerul Railway Station | H29: Open 24 hours | L29:  | M29: Directions
A30: https://www.google.com/maps/place/Nitai+children%27s+Clinic/data=!4m7!3m6!1s0x3be7c3a3064edaff:0x573a3fef53967679!8m2!3d19.030229!4d73.0225636!16s%2Fg%2F11g0s844bj!19sChIJ_9pOBqPD5zsReXaWU-8_Olc?authuser=0&hl=en&rclk=1 | B30: Nitai children's Clinic | C30: 4.9 | D30: -286 | E30: Medical clinic | F30: · | G30: Kamladevi birajdar marg, sai prem chs , plot number16, near excel lab | H30: · | I30: Open | K30: +91 77100 77873 | L30:  | M30: Website | N30: https://ssl.gstatic.com/local/servicebusiness/default_user.png | O30: "Dr Omi knowledgeable and took the time to answer all my questions." | Q30: https://dromprakashj.getmy.clinic/ | R30:  | S30: Directions | T30: · Closes 9 PM
A31: https://www.google.com/maps/place/Sparsh+Skin+and+Hair+Cosmetology+Center/data=!4m7!3m6!1s0x3be7c0d9fb9d57bb:0xaa1e83806765c80f!8m2!3d19.1023143!4d73.0054881!16s%2Fg%2F1ptxqbj47!19sChIJu1ed-9nA5zsRD8hlZ4CDHqo?authuser=0&hl=en&rclk=1 | B31: Sparsh Skin and Hair Cosmetology Center | C31: 4.6 | D31: -131 | E31: Dermatologist | F31: · | G31: · | H31: Shop No. 269, Road, Sector 6 Kopar Khairane Rd, near Shivshakti stores, near Police Station | I31: Open | J31: · | K31: +91 77383 81897 | L31:  | M31: Website | N31: https://ssl.gstatic.com/local/servicebusiness/default_user.png | O31: "This | P31:  | Q31: https://www.sparshskinclinics.com/ | R31:  | S31: Directions | T31: · Closes 9:30 PM | U31: Doctor | V31: and staff are professional and knowledgeable about hair."
A32: https://www.google.com/maps/place/Roselle+Skin+Clinic/data=!4m7!3m6!1s0x3be7c3d3d69e366f:0xa86c4b8733e4ee99!8m2!3d19.037539!4d73.0189684!16s%2Fg%2F11yjn3xyt5!19sChIJbzae1tPD5zsRme7kM4dLbKg?authuser=0&hl=en&rclk=1 | B32: Roselle Skin Clinic | C32: 5 | D32: -54 | E32: Skin care clinic | F32: · | G32: SHOP GR-9, Laxcon Plaza, PL-20;21 | H32: · | I32: Open | K32: +91 84509 59496 | L32:  | M32: Website | N32: https://ssl.gstatic.com/local/servicebusiness/default_user.png | O32: "The staff and | Q32: https://www.roselleskinclinic.com/ | R32:  | S32: Directions | T32: · Closes 9 PM | U32: doctors | V32: were incredibly professional and knowledgeable."
A33: https://www.google.com/maps/place/Restore+Aesthetic+Clinic/data=!4m7!3m6!1s0x3be7c3c0b8bf2fc3:0x6a79483b3aa2c9fc!8m2!3d19.0310537!4d73.0217795!16s%2Fg%2F11ryd8kgq5!19sChIJwy-_uMDD5zsR_MmiOjtIeWo?authuser=0&hl=en&rclk=1 | B33: Restore Aesthetic Clinic | C33: 4.9 | D33: -118 | E33: Plastic surgery clinic | F33: · | G33: · | H33: 4th Floor- Block no-401-Doctors House.Plot-101, Sector 21, Landmark:, behind D’Mart, behind DMart | I33: Open | J33: · | K33: +91 86920 99967 | L33:  | M33: Website | N33: https://ssl.gstatic.com/local/servicebusiness/default_user.png | O33: "The | P33:  | Q33: https://www.restoreclinics.in/ | R33:  | S33: Directions | T33: · Closes 8 PM | U33: clinic | V33: is modern, hygienic, and equipped with the latest technology."
A34: https://www.google.com/maps/place/Om+Clinic/data=!4m7!3m6!1s0x3be7c1316a7f9e77:0xcab164d190041735!8m2!3d19.080912!4d73.0004416!16s%2Fg%2F11tx_y_c22!19sChIJd55_ajHB5zsRNRcEkNFksco?authuser=0&hl=en&rclk=1 | B34: Om Clinic | C34: 5 | D34: -1 | E34: Medical clinic | F34: · | G34: Sector 15, Vashi, A8-1, Maratha Bhavan Marg, Juhu Nagar, Navi | H34: Open | I34: · Closes 10 PM | J34: · | K34: +91 76667 62557 | L34:  | M34: Directions
A35: https://www.google.com/maps/place/CLINIC/data=!4m7!3m6!1s0x3be7c12073549679:0xd6faf8e891d267c0!8m2!3d21.0680074!4d82.7525294!16s%2Fg%2F11mlsbg5n7!19sChIJeZZUcyDB5zsRwGfSkej4-tY?authuser=0&hl=en&rclk=1 | B35: CLINIC | C35: 5 | D35: -1 | E35: Doctor | G35: · | H35: Open | I35: · Closes 11 PM | K35: +91 72648 62656 | L35:  | M35: Directions
A36: https://www.google.com/maps/place/SHIFA+CLINIC+%26+HIJAMA+CENTER+%28DR+MOHD+ALIM%29/data=!4m7!3m6!1s0x3be7c3c395231817:0x9d389d4e4eeb3d10!8m2!3d19.036286!4d73.0214383!16s%2Fg%2F11tcwlhwgn!19sChIJFxgjlcPD5zsRED3rTk6dOJ0?authuser=0&hl=en&rclk=1 | B36: SHIFA CLINIC & HIJAMA CENTER (DR MOHD ALIM) | C36: 5 | D36: -26 | E36: Medical clinic | F36: · | G36: GANGA JAMUNA APARTMENT, NL2 Rd | H36: Open | I36: · Closes 10 PM | J36: · | K36: +91 96519 81942 | L36:  | M36: Directions | N36: https://ssl.gstatic.com/local/servicebusiness/default_user.png | O36: "Dr Alim Is So Friendly.Her | U36: Treatment | V36: Style is so different ."
A37: https://www.google.com/maps/place/TAWTE+clinic/data=!4m7!3m6!1s0x3be7c309ac054a59:0x615528e027fbdf20!8m2!3d19.0291268!4d73.0231878!16s%2Fg%2F11fk1410nx!19sChIJWUoFrAnD5zsRIN_7J-AoVWE?authuser=0&hl=en&rclk=1 | B37: TAWTE clinic | C37: 4.6 | D37: -67 | E37: Gastrointestinal surgeon | F37: · | G37: · | H37: Open | I37: · Closes 8 PM | J37: Shop No. 1, Himsagar CHS, Plot No. 67 & 68 | K37: +91 93232 28892 | L37:  | M37: Directions | N37: https://ssl.gstatic.com/local/servicebusiness/default_user.png | O37: "Dr. Nitin Tawte combines expertise and a willingness to listen and discuss." | P37:  | T37: ·
A38: https://www.google.com/maps/place/Dr+Ghogare%27s/data=!4m7!3m6!1s0x3be7c331998fcdeb:0xfd98877b283a9f5e!8m2!3d19.0250148!4d73.0223871!16s%2Fg%2F11h54x3yfp!19sChIJ682PmTHD5zsRXp86KHuHmP0?authuser=0&hl=en&rclk=1 | B38: Dr Ghogare's | C38: 4.7 | D38: -41 | E38: Medical clinic | F38: · | G38: · | H38: 1st Floor, Haware Centurion, F-2, near Seawoods Station Road | I38: Open | J38: · | K38: +91 90281 70123 | L38:  | M38: Website | N38: https://ssl.gstatic.com/local/servicebusiness/default_user.png | O38: "He is truly blessed with excellent skills and clinical knowledge." | P38:  | Q38: https://myheartclinics.com/index.php | R38:  | S38: Directions | T38: · Closes 10 PM
A39: https://www.google.com/maps/place/Sai+Clinic/data=!4m7!3m6!1s0x3be7c3ea1fe82e29:0xcd08ba9e0de631df!8m2!3d19.0349762!4d73.0153322!16s%2Fg%2F1pp2tyy6x!19sChIJKS7oH-rD5zsR3zHmDZ66CM0?authuser=0&hl=en&rclk=1 | B39: Sai Clinic | C39: 5 | D39: -11 | E39: Dental clinic | F39: · | G39: 2, Nerul Village Rd | H39: Open | I39: · Closes 10 PM | J39: · | K39: +91 98920 01920 | L39:  | M39: Directions | N39: https://ssl.gstatic.com/local/servicebusiness/default_user.png | O39: "Great work by dr"
A40: https://www.google.com/maps/place/Dr.Garje+Ayurved+Clinic+%26+Panchakarma+Centre/data=!4m7!3m6!1s0x3be7c3c1e2cd4725:0xe3749dd4caa1bd0a!8m2!3d19.0343512!4d73.0169596!16s%2Fg%2F1hc8421c4!19sChIJJUfN4sHD5zsRCr2hytSddOM?authuser=0&hl=en&rclk=1 | B40: Dr.Garje Ayurved Clinic & Panchakarma Centre | C40: 4.9 | D40: -455 | E40: Ayurvedic clinic | F40: · | G40: A203, A-Wing, 2nd Floor Om Shivam Centre building , Sector20A, &, Railway Station Rd, above Akash Institute, near LIC of India office | H40: · | I40: Open | K40: +91 86521 00501 | L40:  | M40: Website | N40: https://ssl.gstatic.com/local/servicebusiness/default_user.png | O40: "The | Q40: https://www.drgarjeayurved.com/ | R40:  | S40: Directions | T40: · Closes 9:30 PM | U40: clinic | V40: is clean, calming, and the staff is very professional."
A41: https://www.google.com/maps/place/Dr.+Shraddha+Patil+-+PHYSIOTHERAPY+CLINIC+in+Belapur,+Navi+Mumbai,+Best+Physiotherapist+in+Seawoods,+Nerul,+Navi+Mumbai/data=!4m7!3m6!1s0x3be7c326a9de510f:0xaaa49ab28cdc4da8!8m2!3d19.0302065!4d73.0429263!16s%2Fg%2F11rv8051gh!19sChIJD1HeqSbD5zsRqE3cjLKapKo?authuser=0&hl=en&rclk=1 | B41: Dr. Shraddha Patil - PHYSIOTHERAPY CLINIC in Belapur, Navi Mumbai, Best Physiotherapist in Seawoods, Nerul, Navi Mumbai | C41: 4.9 | D41: -111 | E41: Medical clinic | F41: · | G41: · | H41: Shop No. 46/47, Arenja Complex | I41: Open | J41: · | K41: +91 86001 42241 | L41:  | M41: Website | N41: https://ssl.gstatic.com/local/servicebusiness/default_user.png | O41: "Helped me with my neck pain and I got instant relief after visiting her." | P41:  | Q41: https://www.drshraddhapatil.com/ | R41:  | S41: Directions | T41: · Closes 10 PM
A42: https://www.google.com/maps/place/Arihant+Clinic/data=!4m7!3m6!1s0x3be7c3bf00b5c935:0x32e3708e152d2cd1!8m2!3d19.0269386!4d73.0201229!16s%2Fg%2F113gbxqjy!19sChIJNcm1AL_D5zsR0SwtFY5w4zI?authuser=0&hl=en&rclk=1 | B42: Arihant Clinic | C42: 4.5 | D42: -10 | E42: Doctor | F42: · | G42: 1st floor, Plot No 312 | H42: Open | I42: · Closes 8:30 PM | J42: · | K42: +91 90041 31975 | L42:  | M42: Directions
A43: https://www.google.com/maps/place/Hridaya+Navjeevanlaya+Clinic+%7C+Dr+Bhasker+Semitha+%7C+CVTS+Surgeon+%7CNerul+East,+Navi+Mumbai/data=!4m7!3m6!1s0x3be7c3fe31da7e97:0xbdfafc351fa089d4!8m2!3d19.0378034!4d73.0189377!16s%2Fg%2F11js9tf2pb!19sChIJl37aMf7D5zsR1ImgHzX8-r0?authuser=0&hl=en&rclk=1 | B43: Hridaya Navjeevanlaya Clinic | Dr Bhasker Semitha | CVTS Surgeon |Nerul East, Navi Mumbai | C43: 5 | D43: -1074 | E43: Cardiovascular and thoracic surgeon | F43: · | G43: · | H43: Shop No. 1, Laxcon Plaza, Plot No. 20–21, below Sai Asha Hospital, near Indian Bank | I43: Open | J43: · | K43: +91 86550 73438 | L43:  | M43: Website | N43: https://ssl.gstatic.com/local/servicebusiness/default_user.png | O43: "The advice given was practical, easy to understand, and very well explained." | P43:  | Q43: https://hridayanavjeevanalaya.com/ | R43:  | S43: Directions | T43: · Closes 9:30 PM
A44: https://www.google.com/maps/place/ART+Fertility+Clinics/data=!4m7!3m6!1s0x3be7c9f4dd2ad901:0x69a60861fe685c28!8m2!3d19.07118!4d72.87709!16s%2Fg%2F11q8y5nz8r!19sChIJAdkq3fTJ5zsRKFxo_mEIpmk?authuser=0&hl=en&rclk=1 | B44: ART Fertility Clinics | C44: 4.9 | D44: -580 | E44: Fertility clinic | F44: · | G44: beside Tata Communications | H44: Closes soon | I44: · 7 PM · Opens 9 AM Wed | J44: · | K44: 084488 01362 | L44:  | M44: Website | Q44: https://www.google.com/aclk?sa=L&ai=DChsSEwjEga3j5-OVAxXGmGYCHSv4L60YACICCAEQABoCc20&co=1&ase=2&gclid=CjwKCAjwsfzSBhB5EiwAOGyqSRqHv8zm3JQ3XITZthGBOX6tl3OqxVUzpxkmKhbFNu2bIerIQf8YMBoCjJMQAvD_BwE&cid=CAAS0wHkaI85O8JJUOylJovBAy-LsWBAB44HDW28jy4X8dGtznyF_isMrSlPwW7sTH5AFdWHT7fxlxZo_JZ0-6d05FV3UdOg7gTP9H3eq3-J7h57WxOX68PrRCxfZFz40lzb70RcGBZfSGcaC1qzUeYsEgxCxQLmuTV3pJINCQRr475x_d4uQwJcjuaNO5akBPEOITW66yCBp0LSyqnvTNALN2-xCkdS_BwF6aN1kh5bBX41yJnvQFFPt6DrUvyf0mC-C3VRKV9d4ElkUmbEsRbpbr2MUDXI&cce=2&category=acrcp_v1_32&sig=AOD64_2AXjq4v1QR-MsYwLJX71Qe77Pj0A&adurl&q&ctype=99&nis=6 | R44:  | S44: Directions
A45: https://www.google.com/maps/place/ASG+Eye+Hospital+%7C+Best+Cataract,+Lasik+%26+Retina+Centre+-+Vashi,+Mumbai/data=!4m7!3m6!1s0x3be7c1f454bd3783:0x9e0b8aaab5dc8756!8m2!3d19.070291!4d72.997918!16s%2Fg%2F11k3d0lph0!19sChIJgze9VPTB5zsRVofctaqKC54?authuser=0&hl=en&rclk=1 | B45: ASG Eye Hospital | Best Cataract, Lasik & Retina Centre - Vashi, Mumbai | C45: 4.9 | D45: -2924 | E45: Hospital | F45: · | G45: Plot No 88 | H45: Open | I45: · Closes 8 PM | J45: · | K45: 0674 617 2480 | L45:  | M45: Website | Q45: https://www.google.com/aclk?sa=L&ai=DChsSEwjEga3j5-OVAxXGmGYCHSv4L60YACICCAEQBRoCc20&co=1&ase=2&gclid=CjwKCAjwsfzSBhB5EiwAOGyqSTtAOGNHNSBEHIVnrWwP9gSl-fdjqI4VWBDSoXKHVxJLWLVFUHh5sRoCg9UQAvD_BwE&cid=CAAS0wHkaI85O8JJUOylJovBAy-LsWBAB44HDW28jy4X8dGtznyF_isMrSlPwW7sTH5AFdWHT7fxlxZo_JZ0-6d05FV3UdOg7gTP9H3eq3-J7h57WxOX68PrRCxfZFz40lzb70RcGBZfSGcaC1qzUeYsEgxCxQLmuTV3pJINCQRr475x_d4uQwJcjuaNO5akBPEOITW66yCBp0LSyqnvTNALN2-xCkdS_BwF6aN1kh5bBX41yJnvQFFPt6DrUvyf0mC-C3VRKV9d4ElkUmbEsRbpbr2MUDXI&cce=2&category=acrcp_v1_32&sig=AOD64_2VK-l2VpDixYtQZeT_BunAV-iMoA&adurl&q&ctype=99&nis=6 | R45:  | S45: Directions
A46: https://www.google.com/maps/place/Dr.+Gajanan+Clinic/data=!4m7!3m6!1s0x3be7c2132d42033b:0x7421970f82a8164a!8m2!3d19.0343782!4d73.0720773!16s%2Fg%2F11s8zckpkh!19sChIJOwNCLRPC5zsRShaogg-XIXQ?authuser=0&hl=en&rclk=1 | B46: Dr. Gajanan Clinic | C46: 3.9 | D46: -14 | E46: Medical clinic | F46: · | G46: 55 | H46: Open | I46: · Closes 10 PM | J46: · | K46: +91 99679 26475 | L46:  | M46: Directions | N46: https://ssl.gstatic.com/local/servicebusiness/default_user.png | O46: "I highly recommend the dr."
A47: https://www.google.com/maps/place/Rivo+Skin+Care+Clinic+-+Laser+Hair+Removal+and+Dermatologist+in+Seawoods,+Navi+Mumbai/data=!4m7!3m6!1s0x3be7c3994cdc5325:0x1a3416050ec0c003!8m2!3d19.0116659!4d73.0120266!16s%2Fg%2F11gd1_dbz9!19sChIJJVPcTJnD5zsRA8DADgUWNBo?authuser=0&hl=en&rclk=1 | B47: Rivo Skin Care Clinic - Laser Hair Removal and Dermatologist in Seawoods, Navi Mumbai | C47: 4.7 | D47: -409 | E47: Dermatologist | F47: · | G47: · | H47: 12, Dhara Complex | I47: Open | J47: · | K47: +91 88506 61962 | L47:  | M47: Website | N47: https://ssl.gstatic.com/local/servicebusiness/default_user.png | O47: "The | P47:  | Q47: https://www.rivoskin.com/ | R47:  | S47: Directions | T47: · Closes 8 PM | U47: clinic | V47: is clean, well-maintained, and the staff is always welcoming."
A48: https://www.google.com/maps/place/Twacham+skin+clinic/data=!4m7!3m6!1s0x3be7c3261be1f0a9:0x57f040aac47d1323!8m2!3d19.0325195!4d73.0165992!16s%2Fg%2F11p0zbt431!19sChIJqfDhGybD5zsRIxN9xKpA8Fc?authuser=0&hl=en&rclk=1 | B48: Twacham skin clinic | C48: 4.9 | D48: -42 | E48: Dermatologist | F48: · | G48: Shop no B21 Amrita Sadan Sector 22, near old Dwarka Veg restaurant | H48: Open | I48: · Closes 9 PM | L48:  | M48: Directions | N48: https://ssl.gstatic.com/local/servicebusiness/default_user.png | O48: "The | U48: doctor | V48: is friendly, and the office is clean."
A49: https://www.google.com/maps/place/Dr.+Neetu/data=!4m7!3m6!1s0x3be7c135f8a410e1:0xbefef6095a5f19be!8m2!3d19.0725692!4d72.9982326!16s%2Fg%2F11c31vp84v!19sChIJ4RCk-DXB5zsRvhlfWgn2_r4?authuser=0&hl=en&rclk=1 | B49: Dr. Neetu | C49: 4.4 | D49: -158 | E49: Dermatologist | F49: · | G49: · | H49: Office no 8, 3rd floor, Shanti Center Building, near Navratna Hotel | I49: Open | L49:  | M49: Website | N49: https://ssl.gstatic.com/local/servicebusiness/default_user.png | O49: "The | P49:  | Q49: https://skinhance.co.in/ | R49:  | S49: Directions | T49: · Closes 8 PM | U49: clinic | V49: was always clean and well-organized."
A50: https://www.google.com/maps/place/New+skin+elixir+Skin+Clinic+In+Seawoods+Navi+Mumbai/data=!4m7!3m6!1s0x3be7c351bf1d0ca7:0xdab05449f4b8d65c!8m2!3d19.0125213!4d73.0229314!16s%2Fg%2F11tjlrz3yp!19sChIJpwwdv1HD5zsRXNa49ElUsNo?authuser=0&hl=en&rclk=1 | B50: New skin elixir Skin Clinic In Seawoods Navi Mumbai | C50: 5 | D50: -190 | E50: Skin care clinic | F50: · | G50: Shop No. 5 & 6, Ground Floor Sitai Vihar Co-operative Housing Society Ltd Plot no: 67 - A, Opp EV Homes Orion, Sector - 50, New Seawoods | H50: · | I50: Open | K50: +91 91378 02933 | L50:  | M50: Website | N50: https://ssl.gstatic.com/local/servicebusiness/default_user.png | O50: "The | Q50: https://newskinelixir.com/ | R50:  | S50: Directions | T50: · Closes 8 PM | U50: clinic | V50: is clean, well-equipped, and punctual with appointments."
A51: https://www.google.com/maps/place/Dr.+Janugade%E2%80%99s+Ayurveda/data=!4m7!3m6!1s0x3be7c12f3ddcfffb:0x5a4c2617fe33ba6a!8m2!3d19.0907804!4d73.0051462!16s%2Fg%2F1tgdm0j9!19sChIJ-__cPS_B5zsRaroz_hcmTFo?authuser=0&hl=en&rclk=1 | B51: Dr. Janugade’s Ayurveda | C51: 4.8 | D51: -238 | E51: Ayurvedic clinic | F51: · | G51: · | H51: Flat No 11, Siddharth Plot Number 183, opposite Blue Diamond Hotel | I51: Open | J51: · | K51: +91 99303 06389 | L51:  | M51: Website | N51: https://ssl.gstatic.com/local/servicebusiness/default_user.png | O51: "The | P51:  | Q51: https://www.drjanugades.com/ | R51:  | S51: Directions | T51: · Closes 10 PM | U51: doctor | V51: really listens and creates a plan tailored to your needs."
A52: https://www.google.com/maps/place/Dr+Madhav+Dawkore+%E2%80%93+Pulmonologist+%26+Allergy+Specialist+Navi+mumbai/data=!4m7!3m6!1s0x3be7c38546bb6453:0x67973f0a6aee839d!8m2!3d19.0505159!4d73.0161525!16s%2Fg%2F11t2t_f_pd!19sChIJU2S7RoXD5zsRnYPuago_l2c?authuser=0&hl=en&rclk=1 | B52: Dr Madhav Dawkore – Pulmonologist & Allergy Specialist Navi mumbai | C52: 5 | D52: -255 | E52: Pulmonologist | F52: · | G52: · | H52: Vikram Plaza, Plot no 10 | I52: Open | J52: · | K52: +91 95941 97549 | L52:  | M52: Website | N52: https://ssl.gstatic.com/local/servicebusiness/default_user.png | O52: "The | P52:  | Q52: https://onehealthclinicmumbai.com/ | R52:  | S52: Directions | T52: · Closes 10 PM | U52: clinic | V52: is well-maintained, and the staff is very supportive."
A53: https://www.google.com/maps/place/Dr.Rahul+Jagtap+%7C+Orthopedic+Surgeon+in+Navi+Mumbai+%7C+Platinum+Ortho+Clinic/data=!4m7!3m6!1s0x3be7c3c0a358b65f:0x47129d144b2b87e7!8m2!3d19.0297274!4d73.0254862!16s%2Fg%2F11mlfzq0tt!19sChIJX7ZYo8DD5zsR54crSxSdEkc?authuser=0&hl=en&rclk=1 | B53: Dr.Rahul Jagtap | Orthopedic Surgeon in Navi Mumbai | Platinum Ortho Clinic | C53: 5 | D53: -33 | E53: Orthopedic surgeon | F53: · | G53: Shop No-7, Platinum Ortho Clinic Advanced Orthopedic, Xray & Pathology, Lenyadri-2 CHSL, Sector 19A Nerul Rd | H53: · | I53: Open | K53: +91 97131 33555 | L53:  | M53: Website | N53: https://ssl.gstatic.com/local/servicebusiness/default_user.png | O53: "The | Q53: https://www.drrahulorthocare.com/ | R53:  | S53: Directions | T53: · Closes 10 PM | U53: treatment | V53: provided was excellent and effective."
A54: https://www.google.com/maps/place/Dr.Shende+Homoeopathic+Clinic/data=!4m7!3m6!1s0x3be7c3c232d64ab7:0x984a5ae1573b328a!8m2!3d19.0364007!4d73.0200049!16s%2Fg%2F11cmdfj53y!19sChIJt0rWMsLD5zsRijI7V-FaSpg?authuser=0&hl=en&rclk=1 | B54: Dr.Shende Homoeopathic Clinic | C54: 4.9 | D54: -41 | E54: Medical clinic | F54: · | G54: NL 2 33 B 4, Sector 15 main station road Navi Mumbai | H54: Open | I54: · Closes 10 PM | J54: · | K54: +91 98198 25258 | L54:  | M54: Directions | N54: https://ssl.gstatic.com/local/servicebusiness/default_user.png | O54: "Treated me for my migrain issues effectively."
A55: https://www.google.com/maps/place/Dr.+Sonal+Bansal-+Orthopedic+Doctor+-+Nerul+Navi+Mumbai/data=!4m7!3m6!1s0x3be7c3c3ffffff97:0xd82ee1a7e3b2579!8m2!3d19.0274177!4d73.023155!16s%2Fg%2F11cmcyw79m!19sChIJl____8PD5zsReSU7fhrugg0?authuser=0&hl=en&rclk=1 | B55: Dr. Sonal Bansal- Orthopedic Doctor - Nerul Navi Mumbai | C55: 4.8 | D55: -317 | E55: Orthopedic clinic | F55: · | G55: Shop No 1, Hem Prabat CHS Plot No. 72, opposite Shankaracharya Garden | H55: · | I55: Closed | K55: +91 70453 13773 | L55:  | M55: Website | N55: https://ssl.gstatic.com/local/servicebusiness/default_user.png | O55: "The | Q55: https://www.drsbansal.com/ | R55:  | S55: Directions | T55: · Opens 8:30 PM | U55: doctor | V55: and their staff are extremely friendly and professional."
A56: https://www.google.com/maps/place/Dr.+Kalpesh+Mande+Ayurvedic+%26+Physiotherapy+Clinic/data=!4m7!3m6!1s0x3be7c1318fb00e69:0xf8bfe3bf2c3b161!8m2!3d19.0821344!4d72.9994654!16s%2Fg%2F11fzf4p481!19sChIJaQ6wjzHB5zsRYbHD8jv-iw8?authuser=0&hl=en&rclk=1 | B56: Dr. Kalpesh Mande Ayurvedic & Physiotherapy Clinic | C56: 4.9 | D56: -157 | E56: Medical clinic | F56: · | G56: B2, First Floor, Rainbow Shop & Owners Association, F-Type Building, above Shiv Krupa Sweets, near Bikaner | H56: · | I56: Open | K56: +91 70213 53437 | L56:  | M56: Website | N56: https://ssl.gstatic.com/local/servicebusiness/default_user.png | O56: "Only in 2 sessions, I feel much relieved and can see the difference." | Q56: https://www.drkalpeshmande.com/ | R56:  | S56: Directions | T56: · Closes 9 PM
A57: https://www.google.com/maps/place/Dr.+Marwa+Deshmukh+%7C+MD+Dermatology+%26+Venereal+Diseases+%7C+Navi+Mumbai/data=!4m7!3m6!1s0x3be7c328737d0557:0xb9b90db7c42db6b8!8m2!3d19.0365552!4d73.0222877!16s%2Fg%2F11n541zw8k!19sChIJVwV9cyjD5zsRuLYtxLcNubk?authuser=0&hl=en&rclk=1 | B57: Dr. Marwa Deshmukh | MD Dermatology & Venereal Diseases | Navi Mumbai | C57: 5 | D57: -34 | E57: Dermatologist | F57: · | G57: NL-4/1/3, opp. Shivaji Statue | H57: Open | I57: · Closes 9 PM | J57: · | K57: +91 80976 34572 | L57:  | M57: Directions | N57: https://ssl.gstatic.com/local/servicebusiness/default_user.png | O57: "Diagnosis was on point and | U57: treatment | V57: was very effective"
A58: https://www.google.com/maps/place/Star+Heart+Clinic+-+Dr+Rakesh+Tirmale,+Cardiologist+Nerul+Navi+Mumbai/data=!4m7!3m6!1s0x3be7c3d5d828d4e5:0x980fae5edd0e7ef3!8m2!3d19.0474483!4d73.0190201!16s%2Fg%2F11ls2jzt3c!19sChIJ5dQo2NXD5zsR834O3V6uD5g?authuser=0&hl=en&rclk=1 | B58: Star Heart Clinic - Dr Rakesh Tirmale, Cardiologist Nerul Navi Mumbai | C58: 4.9 | D58: -44 | E58: Cardiologist | F58: · | G58: · | H58: Shop no 5,ground floor, plot no 29M/S | I58: Open 24 hours | J58: · | K58: +91 79849 38807 | L58:  | M58: Website | N58: https://ssl.gstatic.com/local/servicebusiness/default_user.png | O58: "He knowledge and skills are most refined." | P58:  | Q58: https://www.starheartclinic.co/ | R58:  | S58: Directions
A59: https://www.google.com/maps/place/Dr.+Kshitij+Thoke/data=!4m7!3m6!1s0x3be7c217f42b6fc7:0xa25bbaa26d3e13bb!8m2!3d19.0469748!4d73.0700633!16s%2Fg%2F11b7tyswsm!19sChIJx28r9BfC5zsRuxM-baK6W6I?authuser=0&hl=en&rclk=1 | B59: Dr. Kshitij Thoke | C59: 4.2 | D59: -70 | E59: Orthopedic surgeon | F59: · | G59: · | H59: The Pacific, 1101 and 1102, Shilp Chowk | I59: Open | J59: · | K59: +91 98203 28487 | L59:  | M59: Website | N59: https://ssl.gstatic.com/local/servicebusiness/default_user.png | O59: "The only drawback of this | P59:  | Q59: https://drmadhavimd.com/ | R59:  | S59: Directions | T59: · Closes 9 PM | U59: clinic | V59: are the receptionists."
A60: https://www.google.com/maps/place/Dr.+Shalin+Dubey,+Robotic+%26+Laparoscopic+Surgeon/data=!4m7!3m6!1s0x3be7c3b75c7e461f:0xf4ccfaf00a176c3a!8m2!3d19.0237437!4d73.0277338!16s%2Fg%2F11gfdbl3_z!19sChIJH0Z-XLfD5zsROmwXCvD6zPQ?authuser=0&hl=en&rclk=1 | B60: Dr. Shalin Dubey, Robotic & Laparoscopic Surgeon | C60: 4.9 | D60: -352 | E60: Surgeon | F60: · | G60: · | H60: plot no 13, off Uran Road | I60: Open | J60: · | K60: +91 99208 53204 | L60:  | M60: Website | N60: https://ssl.gstatic.com/local/servicebusiness/default_user.png | O60: "Procedure was thoroughly explained and post operative care was meticulous." | P60:  | Q60: https://www.drshalindubey.com/ | R60:  | S60: Directions | T60: · Closes 7:30 PM
A61: https://www.google.com/maps/place/Dr+Chandan+Saha+MBBS+Clinic/data=!4m7!3m6!1s0x3be7c346e855170b:0x91ca99af8cacdbea!8m2!3d19.0401059!4d73.0176641!16s%2Fg%2F11c2qpjp0n!19sChIJCxdV6EbD5zsR6tusjK-ZypE?authuser=0&hl=en&rclk=1 | B61: Dr Chandan Saha MBBS Clinic | C61: 4.4 | D61: -36 | E61: General practitioner | F61: · | G61: Shop Number E1 /1 C 4, next to Sai Baba Hotel | H61: Opens soon | I61: · 6:30 PM | J61: · | K61: +91 98210 39426 | L61:  | M61: Directions | N61: https://ssl.gstatic.com/local/servicebusiness/default_user.png | O61: "The | U61: clinic | V61: is very clean and well-maintained."
A62: https://www.google.com/maps/place/Kokilaben+Dhirubhai+Ambani+Hospital/data=!4m7!3m6!1s0x3be7c0de93e7897b:0x8b1917237744e89b!8m2!3d19.1029024!4d73.012937!16s%2Fg%2F11f4l9rq3d!19sChIJe4nnk97A5zsRm-hEdyMXGYs?authuser=0&hl=en&rclk=1 | B62: Kokilaben Dhirubhai Ambani Hospital | C62: 4.6 | D62: -9100 | E62: Hospital | F62: · | G62: · | H62: X8, X8 &, 1, Thane - Belapur Rd, opp. Kopar Khairane Ghansoli Station Road | I62: Open 24 hours | J62: · | K62: +91 22 7197 9797 | L62:  | M62: Website | N62: https://ssl.gstatic.com/local/servicebusiness/default_user.png | O62: "The staff and | P62:  | Q62: https://navimumbai.kokilabenhospital.com/ | R62:  | S62: Directions | U62: doctors | V62: are extremely nice, professional, and caring."
A63: https://www.google.com/maps/place/Dr.+Veeral+Aliporewala/data=!4m7!3m6!1s0x3be7c399471d2bc7:0xfcf2f07f1e421a6e!8m2!3d19.0135779!4d73.011015!16s%2Fg%2F11fp47mwrk!19sChIJxysdR5nD5zsRbhpCHn_w8vw?authuser=0&hl=en&rclk=1 | B63: Dr. Veeral Aliporewala | C63: 4.7 | D63: -50 | E63: Skin care clinic | F63: · | G63: Shop No 3, Plot 61 BPCL OFFICER'S CHS, Sector 44-A | H63: Open | I63: · Closes 10 PM | J63: · | K63: +91 99303 59910 | L63:  | M63: Directions | N63: https://ssl.gstatic.com/local/servicebusiness/default_user.png | O63: "It provided me a long-term relief."
A64: https://www.google.com/maps/place/Cloudnine+Hospital+-+Vashi+%7C+Maternity+%26+Pregnancy+Centre/data=!4m7!3m6!1s0x3be7c15eab21a345:0x7a38770bca94d1c0!8m2!3d19.0852316!4d73.007675!16s%2Fg%2F11f0_gktyv!19sChIJRaMhq17B5zsRwNGUygt3OHo?authuser=0&hl=en&rclk=1 | B64: Cloudnine Hospital - Vashi | Maternity & Pregnancy Centre | C64: 4.7 | D64: -3862 | E64: Maternity hospital | F64: · | G64: · | H64: PLOT NO.- 88, 17 | I64: Open 24 hours | J64: · | K64: +91 99728 99728 | L64:  | M64: Website | N64: https://ssl.gstatic.com/local/servicebusiness/default_user.png | O64: "Felt very relaxing in the 1st visit and | P64:  | Q64: https://www.cloudninecare.com/centre/vashi?utm_city=mumbai&utm_source=gmb&utm_medium=organic&utm_campaign=mumbai+vashi+c9-hospital-gmb-website+c9-hospital-vashi&utm_content=website-button | R64:  | S64: Directions | U64: doctors | V64: and staff are very helpful."
A65: https://www.google.com/maps/place/Shree+Om+child+Clinic/data=!4m7!3m6!1s0x3be7c3782a01c23d:0x5c3aaa975a74713d!8m2!3d19.0298314!4d73.0254996!16s%2Fg%2F11rc4t9xsp!19sChIJPcIBKnjD5zsRPXF0WpeqOlw?authuser=0&hl=en&rclk=1 | B65: Shree Om child Clinic | C65: 5 | D65: -53 | E65: Pediatrician | F65: · | G65: shop No 11, Lenyadri CHS Ltd, Shree Om Child Clinic, Plot no 49/1 | H65: Open | I65: · Closes 8:30 PM | J65: · | K65: +91 79771 40843 | L65:  | M65: Directions | N65: https://ssl.gstatic.com/local/servicebusiness/default_user.png | O65: "The | U65: clinic | V65: is well-managed, and the staff is courteous."
A66: https://www.google.com/maps/place/ART+Fertility+Clinics/data=!4m7!3m6!1s0x3be7c9f4dd2ad901:0x69a60861fe685c28!8m2!3d19.07118!4d72.87709!16s%2Fg%2F11q8y5nz8r!19sChIJAdkq3fTJ5zsRKFxo_mEIpmk?authuser=0&hl=en&rclk=1 | B66: ART Fertility Clinics | C66: 4.9 | D66: -580 | E66: Fertility clinic | F66: · | G66: beside Tata Communications | H66: Closes soon | I66: · 7 PM · Opens 9 AM Wed | J66: · | K66: 084488 01362 | L66:  | M66: Website | Q66: https://www.google.com/aclk?sa=L&ai=DChsSEwjY_q3l5-OVAxXQhWYCHQ6GN9gYACICCAEQCxoCc20&co=1&ase=2&gclid=CjwKCAjwsfzSBhB5EiwAOGyqSa8bJmiInQcnqhYOoPHpcSABmZNKk6Nx2iOESQr5MdFW614cV373-BoCQxYQAvD_BwE&cid=CAAS0wHkaODk9ymShb7Z04lLS_EqdAKOIqLvKgwP3mO86X-_OoEctsv_3FXuaO1jDMNEWv3ZsaacnGcrt3-Gk9imYYv-lk92yoUBAhtU8PsekzJBlAcZE8JTqhMW1Ri9Cl8dHX-gS3iC_vEu4pE8Qq8PN2F0G6O-BdR69zntuUt_QyuM0pZpzrowL4N7RY81oVfCfQwMZtlimOTZSr3hT68g3tlzJ1EG1uxxVNJ8VFlXM33Q9zVdiCzEtCisPeXeyNbjergk15jhHrFRWSXY4aUocK8OraEc&cce=2&category=acrcp_v1_32&sig=AOD64_02BkDFe0onG1zHICP9IauMYOumMw&adurl&q&ctype=99&nis=6 | R66:  | S66: Directions
A67: https://www.google.com/maps/place/Dr+Karve%27s+Dentech/data=!4m7!3m6!1s0x3be7c7e6674bdb77:0x5a92f706cb9de866!8m2!3d19.118699!4d72.916476!16s%2Fg%2F11clyc21yl!19sChIJd9tLZ-bH5zsRZuidywb3klo?authuser=0&hl=en&rclk=1 | B67: Dr Karve's Dentech | C67: 5 | D67: -471 | E67: Dental clinic | F67: · | G67: besides akshardham temple | H67: Open | I67: · Closes 8 PM | J67: · | K67: 022 2570 4247 | L67:  | M67: Website | Q67: https://www.google.com/aclk?sa=L&ai=DChsSEwjY_q3l5-OVAxXQhWYCHQ6GN9gYACICCAEQAhoCc20&co=1&ase=2&gclid=CjwKCAjwsfzSBhB5EiwAOGyqScQrE05nG84DLc6zM3CT0ECLsZPDstKPGssFpOVH50_pSqQpix5jAhoChTMQAvD_BwE&cid=CAAS0wHkaODk9ymShb7Z04lLS_EqdAKOIqLvKgwP3mO86X-_OoEctsv_3FXuaO1jDMNEWv3ZsaacnGcrt3-Gk9imYYv-lk92yoUBAhtU8PsekzJBlAcZE8JTqhMW1Ri9Cl8dHX-gS3iC_vEu4pE8Qq8PN2F0G6O-BdR69zntuUt_QyuM0pZpzrowL4N7RY81oVfCfQwMZtlimOTZSr3hT68g3tlzJ1EG1uxxVNJ8VFlXM33Q9zVdiCzEtCisPeXeyNbjergk15jhHrFRWSXY4aUocK8OraEc&cce=2&category=acrcp_v1_32&sig=AOD64_2DBhIsv40g5AAZmcura5Ue0IhxNw&adurl&q&ctype=99&nis=6 | R67:  | S67: Directions
A68: https://www.google.com/maps/place/Swati+Clinic/data=!4m7!3m6!1s0x3be7c3be8411eb9f:0x62f4c037b643228a!8m2!3d19.0241881!4d73.02036!16s%2Fg%2F11fxf0s4sy!19sChIJn-sRhL7D5zsRiiJDtjfA9GI?authuser=0&hl=en&rclk=1 | B68: Swati Clinic | C68: 3.6 | D68: -14 | E68: Medical clinic | F68: · | G68: 7 | H68: Open | I68: · Closes 9 PM | L68:  | M68: Directions
A69: https://www.google.com/maps/place/Dr.Kamlesh+Giri+%28+Dr.Giri%27s+Multispeciality+Homeopathic+Clinic+,Nerul+Branch+%29/data=!4m7!3m6!1s0x3be7c3bf32a5c74b:0x93bad37407fa5af!8m2!3d19.027531!4d73.0226!16s%2Fg%2F11c74ymgxy!19sChIJS8elMr_D5zsRr6V_QDetOwk?authuser=0&hl=en&rclk=1 | B69: Dr.Kamlesh Giri ( Dr.Giri's Multispeciality Homeopathic Clinic ,Nerul Branch ) | C69: 4.8 | D69: -96 | E69: Medical clinic | F69: · | G69: · | H69: shop -5, 1st floor, Shivam Park, plot-25 | I69: Closed | J69: · | K69: +91 80805 41654 | L69:  | M69: Website | P69:  | Q69: http://www.drkamleshgiri.com/ | R69:  | S69: Directions | T69: · Opens 1:30 PM Wed
A70: https://www.google.com/maps/place/Dr.+Waghela%27s+ENT+and+Endoscopy+Clinic/data=!4m7!3m6!1s0x3be7c219f60ed645:0xc9edf24c3477faca!8m2!3d19.046816!4d73.069984!16s%2Fg%2F11f08yk6qr!19sChIJRdYO9hnC5zsRyvp3NEzy7ck?authuser=0&hl=en&rclk=1 | B70: Dr. Waghela's ENT and Endoscopy Clinic | C70: 4.5 | D70: -138 | E70: Otolaryngologist | F70: · | G70: · | H70: Second floor, 208, Shilp Chowk, opp. Saanvi Children Hospital | I70: Open | J70: · | K70: +91 90825 25060 | L70:  | M70: Website | O70: On-site services not available | P70:  | Q70: http://entnavimumbai.in/ | R70:  | S70: Directions | T70: · Closes 8:30 PM
A71: https://www.google.com/maps/place/Om+Physiotherapy+Clinic/data=!4m7!3m6!1s0x3be7c3c0ae5bdad7:0x61938f5a6891e2c8!8m2!3d19.0304069!4d73.0223393!16s%2Fg%2F1thl3x03!19sChIJ19pbrsDD5zsRyOKRaFqPk2E?authuser=0&hl=en&rclk=1 | B71: Om Physiotherapy Clinic | C71: 4.8 | D71: -459 | E71: Physical therapist | F71: · | G71: Monil Cottage, Ring Rd 1 | H71: · | I71: Open | K71: +91 70455 08488 | L71:  | M71: Website | O71: On-site services | Q71: http://www.omphysiotherapy.com/ | R71:  | S71: Directions | T71: · Closes 9 PM
A72: https://www.google.com/maps/place/Dr+Rahul+Bhatambre/data=!4m7!3m6!1s0x3be7c26a3fe726fb:0x9f05e057e93983a9!8m2!3d19.0334848!4d73.0655577!16s%2Fg%2F11c74_7fjp!19sChIJ-ybnP2rC5zsRqYM56VfgBZ8?authuser=0&hl=en&rclk=1 | B72: Dr Rahul Bhatambre | C72: 4.8 | D72: -525 | E72: Psychiatrist | F72: · | G72: · | H72: Open | I72: · Closes 9 PM | J72: Second Floor ,Shop No 6 and 7, Mansparsh Clinic, Hiranandani Crystal Plaza | K72: +91 77382 05586 | L72:  | M72: Directions | P72:  | T72: ·
A73: https://www.google.com/maps/place/Sai+Shraddha+Mother+And+Child+Care+Clinic+-+Dr+Abhijit+Mhapankar/data=!4m7!3m6!1s0x3be7c3c287084589:0x24834ee60fb2a9a5!8m2!3d19.0301313!4d73.02502!16s%2Fg%2F11nfp5x8rq!19sChIJiUUIh8LD5zsRpamyD-ZOgyQ?authuser=0&hl=en&rclk=1 | B73: Sai Shraddha Mother And Child Care Clinic - Dr Abhijit Mhapankar | C73: 4.9 | D73: -154 | E73: Child health care center | F73: · | G73: · | H73: CHS Plot No, Navdurga Complex, Shop no. 31, 7 7A | I73: Open | J73: · | K73: +91 93727 99547 | L73:  | M73: Website | O73: On-site services | P73:  | Q73: https://saishraddhamotherandchildcarecenter.com/ | R73:  | S73: Directions | T73: · Closes 9:30 PM
A74: https://www.google.com/maps/place/Acharya+Shri+Nanesh+Hospital/data=!4m7!3m6!1s0x3be7c23539fec13b:0xd98d02fabb970045!8m2!3d19.033325!4d73.041195!16s%2Fg%2F12cpldkhr!19sChIJO8H-OTXC5zsRRQCXu_oCjdk?authuser=0&hl=en&rclk=1 | B74: Acharya Shri Nanesh Hospital | C74: 4.7 | D74: -599 | E74: Private hospital | F74: · | G74: · | H74: Plot No 34-37 | I74: Open 24 hours | J74: · | K74: +91 86930 84084 | L74:  | M74: Website | O74: On-site services | P74:  | Q74: https://naneshhospital.com/ | R74:  | S74: Directions
A75: https://www.google.com/maps/place/D+Y+Patil+Hospital/data=!4m7!3m6!1s0x3be7c618a5555555:0xa446b85191e625c8!8m2!3d19.0411561!4d73.0246854!16s%2Fg%2F11csrv8x53!19sChIJVVVVpRjG5zsRyCXmkVG4RqQ?authuser=0&hl=en&rclk=1 | B75: D Y Patil Hospital | C75: 4.1 | D75: -3440 | E75: Hospital | F75: · | G75: · | H75: Ayyappa Temple Rd | I75: Open 24 hours | J75: · | K75: +91 22 6517 5901 | L75:  | M75: Website | O75: On-site services | P75:  | Q75: https://dypatilhospitals.com/ | R75:  | S75: Directions
A76: https://www.google.com/maps/place/The+Good+Health+Homeopathy+Clinic/data=!4m7!3m6!1s0x3be7c2199eb225bb:0xc3db31d85f876d60!8m2!3d19.0482358!4d73.0689068!16s%2Fg%2F11bwqp28zd!19sChIJuyWynhnC5zsRYG2HX9gx28M?authuser=0&hl=en&rclk=1 | B76: The Good Health Homeopathy Clinic | C76: 4.9 | D76: -96 | E76: Medical clinic | F76: · | G76: Shop 5, Chaturbhuj CHS, Shilp Chowk | H76: · | I76: Closed | K76: +91 90826 45508 | L76:  | M76: Website | O76: On-site services not available | Q76: https://dralokkumar2659.getmy.clinic/?utm_source=gmb&utm_medium=web&utm_campaign=tu | R76:  | S76: Directions | T76: · Opens 7 PM
A77: https://www.google.com/maps/place/360+HOMEO+CARE+CLINIC/data=!4m7!3m6!1s0x3be7c3bbdb4eb027:0x9e0cb6fa5c230ae6!8m2!3d19.0233747!4d73.0248128!16s%2Fg%2F11cmcb1kz9!19sChIJJ7BO27vD5zsR5gojXPq2DJ4?authuser=0&hl=en&rclk=1 | B77: 360 HOMEO CARE CLINIC | C77: 5 | D77: -152 | E77: Medical clinic | F77: · | G77: Shop No. 3, Ganpati Complex, Plot No. 105 | I77: Closed | L77:  | M77: Website | Q77: http://www.360homeocareclinic.com/ | R77:  | S77: Directions | T77: · Opens 9 AM Wed
A78: https://www.google.com/maps/place/UpSkin+Aesthetic+Clinic+by+Dr+Juilee/data=!4m7!3m6!1s0x3be7c371cb59c8e1:0x6e76fbd63c92c80f!8m2!3d19.0331154!4d73.0186739!16s%2Fg%2F11x999c_7_!19sChIJ4chZy3HD5zsRD8iSPNb7dm4?authuser=0&hl=en&rclk=1 | B78: UpSkin Aesthetic Clinic by Dr Juilee | C78: 5 | D78: -115 | E78: Skin care clinic | F78: · | G78: Second Floor, Nerul railway commercial complex C-211, railway station East | H78: Open | I78: · Closes 8 PM | J78: · | K78: +91 96641 46460 | L78:  | M78: Directions | O78: On-site services not available
A79: https://www.google.com/maps/place/Dr+Omkar+Mate%27s+Midas+Clinic/data=!4m7!3m6!1s0x3be7c385d4d7de89:0x65fcbd4711f70a25!8m2!3d19.0332773!4d73.0180734!16s%2Fg%2F11gmg60rsv!19sChIJid7X1IXD5zsRJQr3EUe9_GU?authuser=0&hl=en&rclk=1 | B79: Dr Omkar Mate's Midas Clinic | C79: 4.7 | D79: -3 | E79: Medical clinic | F79: · | G79: Station Complex, E102, Mata Amritanandamayi Marg | H79: Opens soon | I79: · 6:30 PM | J79: · | K79: +91 91673 59313 | L79:  | M79: Directions
A80: https://www.google.com/maps/place/Smile+Please+Dental+Clinic/data=!4m7!3m6!1s0x3be7c149bfffffff:0x28c638d6d6ba70d6!8m2!3d19.0731329!4d72.9982557!16s%2Fg%2F1tmg9x9m!19sChIJ____v0nB5zsR1nC61tY4xig?authuser=0&hl=en&rclk=1 | B80: Smile Please Dental Clinic | C80: 4.8 | D80: -155 | E80: Dental clinic | F80: · | G80: Office No 203,2nd Floor, Plot no. 10 | H80: · | I80: Open | K80: +91 98216 62442 | L80:  | M80: Website | O80: On-site services | Q80: https://www.smiileplease.com/ | R80:  | S80: Directions | T80: · Closes 8:30 PM
A81: https://www.google.com/maps/place/Cosmetic+%26+Hair+Transplant+Clinic/data=!4m7!3m6!1s0x3be7c91028e4cc13:0x228f3ccb6c59d7d7!8m2!3d19.0246875!4d73.0221875!16s%2Fg%2F11bzwrt9t_!19sChIJE8zkKBDJ5zsR19dZbMs8jyI?authuser=0&hl=en&rclk=1 | B81: Cosmetic & Hair Transplant Clinic | C81: 4.3 | D81: -175 | E81: Plastic surgery clinic | F81: · | G81: · | H81: 22FC+VVC Hawares Centurion Mall, S04C | I81: Open | L81:  | M81: Website | O81: On-site services | P81:  | Q81: http://www.kbcclinics.com/ | R81:  | S81: Directions | T81: · Closes 7:30 PM
A82: https://www.google.com/maps/place/Nerul+Piles+Center/data=!4m7!3m6!1s0x3be7c3decb7b40fd:0xe36345355c40d88c!8m2!3d19.0441297!4d73.022612!16s%2Fg%2F11c3pwz5kd!19sChIJ_UB7y97D5zsRjNhAXDVFY-M?authuser=0&hl=en&rclk=1 | B82: Nerul Piles Center | C82: 4.4 | D82: -27 | E82: Ayurvedic clinic | F82: · | G82: · | H82: Bldg No.2, Shivaji Chowk, Shop No.B-4, Sector No.1A, NL2 Rd, near shivaji chowk | I82: Open | J82: · | K82: +91 77383 12284 | L82:  | M82: Website | P82:  | Q82: https://nerulpilescenter.com/ | R82:  | S82: Directions | T82: · Closes 10 PM
A83: https://www.google.com/maps/place/Dr+Ashwathy+Haridas+%7C+Kidney+and+Hypertension+Clinic+%7C+Best+Nephrologist+In+Navi+Mumbai/data=!4m7!3m6!1s0x3be7c3bed8600a5f:0x62b29724444747d8!8m2!3d19.0131344!4d73.012722!16s%2Fg%2F11s3zl3vxw!19sChIJXwpg2L7D5zsR2EdHRCSXsmI?authuser=0&hl=en&rclk=1 | B83: Dr Ashwathy Haridas | Kidney and Hypertension Clinic | Best Nephrologist In Navi Mumbai | C83: 5 | D83: -59 | E83: Nephrologist | F83: · | G83: · | H83: Shop No. 7, Ground floor, Dr Ashwathy's Kidney & Hypertension Clinic, The Signature, Plot Nr. 71, near HP Petrol Pump | I83: Open | J83: · | K83: +91 91366 24877 | L83:  | M83: Website | P83:  | Q83: https://drashwathyharidas.com/ | R83:  | S83: Directions | T83: · Closes 9 PM
A84: https://www.google.com/maps/place/Dr+Sonam%27s+Skin+Clinic/data=!4m7!3m6!1s0x3be7c3c205a51029:0x1989c37affdb48bc!8m2!3d19.0362336!4d73.0125649!16s%2Fg%2F11n0899_r6!19sChIJKRClBcLD5zsRvEjb_3rDiRk?authuser=0&hl=en&rclk=1 | B84: Dr Sonam's Skin Clinic | C84: 4.5 | D84: -31 | E84: Skin care clinic | F84: · | G84: 1st floor, west, above Jinaam mall, next to Poonam Tower | H84: Open | I84: · Closes 7:30 PM | J84: · | K84: +91 70211 83353 | L84:  | M84: Directions
A85: https://www.google.com/maps/place/Dr.+Pratik+M.+Patil%27s,+Shree+Vishwa+Dhanvantari+Ayurved+Chikitsalaya/data=!4m7!3m6!1s0x3be7c3bc3bf6a9ef:0xe985479b3c896555!8m2!3d19.0302183!4d73.0225182!16s%2Fg%2F1tj29gpf!19sChIJ76n2O7zD5zsRVWWJPJtHhek?authuser=0&hl=en&rclk=1 | B85: Dr. Pratik M. Patil's, Shree Vishwa Dhanvantari Ayurved Chikitsalaya | C85: 4.9 | D85: -101 | E85: Medical clinic | F85: · | G85: Plot No. 16, Shree Vishwa Dhanvantari Ayurved Chikitsalaya, Flat No. 02, Sai Prem CHS, near Excel Pathology Lab | H85: · | I85: Open | K85: +91 97622 24740 | L85:  | M85: Website | Q85: http://www.svdayurved.com/ | R85:  | S85: Directions | T85: · Closes 9 PM
A86: https://www.google.com/maps/place/Dr+Pooja+Bansal/data=!4m7!3m6!1s0x3be7c3c6b6dc9349:0x103422387181eb13!8m2!3d19.0274048!4d73.0231625!16s%2Fg%2F11hzxf985w!19sChIJSZPctsbD5zsRE-uBcTgiNBA?authuser=0&hl=en&rclk=1 | B86: Dr Pooja Bansal | C86: 4.9 | D86: -757 | E86: Obstetrician-gynecologist | F86: · | G86: · | H86: Shop no.1, Hem Prabat CHS, Plot No.72, opposite Shankacharya Garden | I86: Open | J86: · | K86: +91 70453 13773 | L86:  | M86: Website | O86: On-site services | P86:  | Q86: https://www.drpoojabansal.com/ | R86:  | S86: Directions | T86: · Closes 8 PM
A87: https://www.google.com/maps/place/%F0%9D%97%97%F0%9D%97%BF.+%F0%9D%97%A1%F0%9D%97%B2%F0%9D%97%B2%F0%9D%98%81%F0%9D%97%AE%27%F0%9D%98%80+%F0%9D%97%95%F0%9D%97%BC%F0%9D%97%B1%F0%9D%98%86%F0%9D%98%80%F0%9D%97%B0%F0%9D%98%82%F0%9D%97%B9%F0%9D%97%BD%F0%9D%98%81+%F0%9D%97%96%F0%9D%97%B9%F0%9D%97%B6%F0%9D%97%BB%F0%9D%97%B6%F0%9D%97%B0/data=!4m7!3m6!1s0x3be7c31cd23bd707:0x95821035fd6ae1a8!8m2!3d19.0386174!4d73.0202805!16s%2Fg%2F11hzc8vzbk!19sChIJB9c70hzD5zsRqOFq_TUQgpU?authuser=0&hl=en&rclk=1 | B87: 𝗗𝗿. 𝗡𝗲𝗲𝘁𝗮'𝘀 𝗕𝗼𝗱𝘆𝘀𝗰𝘂𝗹𝗽𝘁 𝗖𝗹𝗶𝗻𝗶𝗰 | C87: 4.7 | D87: -108 | E87: Dietitian | F87: · | G87: Second Floor, B3 F2, Jagatguru Aadi Shankracharya Marg, above VIP Showroom | H87: · | I87: Closed | K87: +91 93729 22067 | L87:  | M87: Website | O87: On-site services | Q87: https://www.bodysculptclinic.in/ | R87:  | S87: Directions | T87: · Opens 11 AM Wed
A88: https://www.google.com/maps/place/DY+Patil+Healthcare/data=!4m7!3m6!1s0x3be7c3db45555555:0xc0630db5ea0b5ed!8m2!3d19.0409427!4d73.0245966!16s%2Fg%2F11fnp9gd3f!19sChIJVVVVRdvD5zsR7bWgXtswBgw?authuser=0&hl=en&rclk=1 | B88: DY Patil Healthcare | C88: 4.7 | D88: -421 | E88: Private hospital | F88: · | G88: · | H88: D-wing, Ayyappa Temple Rd | I88: Open 24 hours | J88: · | K88: +91 22 2773 6901 | L88:  | M88: Website | N88: https://ssl.gstatic.com/local/servicebusiness/default_user.png | O88: "Thanks to their care and guidance, my shoulder feels much better now." | P88:  | Q88: https://dypatilhealthcare.com/ | R88:  | S88: Directions
A89: https://www.google.com/maps/place/MPCT+Hospital/data=!4m7!3m6!1s0x3be7c15cb5740b23:0xe449834910676dda!8m2!3d19.0630462!4d73.0125691!16s%2Fg%2F11c0xnyl1q!19sChIJIwt0tVzB5zsR2m1nEEmDSeQ?authuser=0&hl=en&rclk=1 | B89: MPCT Hospital | C89: 4.3 | D89: -1293 | E89: Hospital | F89: · | G89: · | H89: C7, Budhyadev Mandir Marg | I89: Open 24 hours | J89: · | K89: +91 95136 31880 | L89:  | M89: Website | N89: https://ssl.gstatic.com/local/servicebusiness/default_user.png | O89: "Medical facilities are modern, and the staff is professional and supportive." | P89:  | Q89: https://suranahospital.in/location/navi-mumbai/mpct | R89:  | S89: Directions
A90: https://www.google.com/maps/place/MUKTA+HOMOEOPATHY+CLINIC/data=!4m7!3m6!1s0x3be7c3f9b096f1f3:0xbb597a59052a85e6!8m2!3d19.0375523!4d73.019036!16s%2Fg%2F11gj4l5s7_!19sChIJ8_GWsPnD5zsR5oUqBVl6Wbs?authuser=0&hl=en&rclk=1 | B90: MUKTA HOMOEOPATHY CLINIC | C90: 4.9 | D90: -35 | E90: Medical clinic | F90: · | G90: Shop Number 10, Laxcon Plaza | H90: Open | I90: · Closes 9 PM | L90:  | M90: Directions | N90: https://ssl.gstatic.com/local/servicebusiness/default_user.png | O90: "Dr fees Also reasonable."
A91: https://www.google.com/maps/place/Dr+Sangram+Karandikar/data=!4m7!3m6!1s0x3be7c3bf00bcf087:0x94fd9b290aa28882!8m2!3d19.0269818!4d73.0199724!16s%2Fg%2F113hgr1v1!19sChIJh_C8AL_D5zsRgoiiCimb_ZQ?authuser=0&hl=en&rclk=1 | B91: Dr Sangram Karandikar | C91: 4.9 | D91: -170 | E91: Surgeon | F91: · | G91: 1st Floor, 2, Amba Marg | H91: Open | I91: · Closes 8:30 PM | J91: · | K91: +91 90041 31975 | L91:  | M91: Directions | N91: https://ssl.gstatic.com/local/servicebusiness/default_user.png | O91: "I came painless & left for home post surgery painless."
A92: https://www.google.com/maps/place/Sabka+dentist/data=!4m7!3m6!1s0x3be7c3b8d37805c7:0x6e90345cc2fba1c6!8m2!3d19.0246836!4d73.0216118!16s%2Fg%2F1q675glcp!19sChIJxwV407jD5zsRxqH7wlw0kG4?authuser=0&hl=en&rclk=1 | B92: Sabka dentist | C92: 4.8 | D92: -2651 | E92: Dental clinic | F92: · | G92: · | H92: Shop - G-09K, Hawares Centurion Mall, behind Shop – Ground Floor, near Indian Bank & Federal Bank | I92: Open | J92: · | K92: +91 82918 49572 | L92:  | M92: Website | N92: https://ssl.gstatic.com/local/servicebusiness/default_user.png | O92: "The | P92:  | Q92: https://www.sabkadentist.com/dental-clinics-in-navi-mumbai/nerul-east/ | R92:  | S92: Directions | T92: · Closes 8 PM | U92: treatment | V92: was thorough and effective—highly recommended!"
A93: https://www.google.com/maps/place/Dr.+Vaidehi+Kulkarni/data=!4m7!3m6!1s0x3be7c3aad330f82d:0xe317bc62a35333a4!8m2!3d19.025588!4d73.0177972!16s%2Fg%2F11q96lk3n8!19sChIJLfgw06rD5zsRpDNTo2K8F-M?authuser=0&hl=en&rclk=1 | B93: Dr. Vaidehi Kulkarni | C93: 4.9 | D93: -28 | E93: Diabetologist | F93: · | G93: Dmart, Shop no 2 pulin tower CHS, plot no 34, opposite to seawood | H93: Open | I93: · Closes 9:30 PM | J93: · | K93: +91 93216 55045 | L93:  | M93: Directions | N93: https://ssl.gstatic.com/local/servicebusiness/default_user.png | O93: "She is beauty with brains."
A94: https://www.google.com/maps/place/Dr+Raja/data=!4m7!3m6!1s0x3be7c717d4113341:0x5a2dbcad616792fc!8m2!3d19.0365259!4d73.017463!16s%2Fg%2F11fkhdl2g6!19sChIJQTMR1BfH5zsR_JJnYa28LVo?authuser=0&hl=en&rclk=1 | B94: Dr Raja | C94: 4.9 | D94: -590 | E94: Eye care center | F94: · | G94: Office 2,3 1st floor, good will building, Station Road | H94: · | I94: Open | K94: +91 81044 41581 | L94:  | M94: Website | N94: https://ssl.gstatic.com/local/servicebusiness/default_user.png | O94: "The staff is friendly and the | Q94: https://drrajaeyecare.com/ | R94:  | S94: Directions | T94: · Closes 8:30 PM | U94: clinic | V94: is clean and well-equipped"
A95: https://www.google.com/maps/place/Dermed+Clinic/data=!4m7!3m6!1s0x3be7c397bee9aa87:0xed9c3ab75bb93e8c!8m2!3d19.0182874!4d73.0123738!16s%2Fg%2F11c5zxh3vr!19sChIJh6rpvpfD5zsRjD65W7c6nO0?authuser=0&hl=en&rclk=1 | B95: Dermed Clinic | C95: 4.2 | D95: -75 | E95: Doctor | F95: · | G95: · | H95: Opens soon | I95: · 6:30 PM | J95: Plot No 15, W, Shop 5, 6 & 7 Chamunda Serene | K95: +91 98926 82878 | L95:  | M95: Directions | N95: https://ssl.gstatic.com/local/servicebusiness/default_user.png | O95: "Support staff at | P95:  | T95: · | U95: clinic | V95: is also helpful."
A96: https://www.google.com/maps/place/Dr+Swetha+Shetty-+Siddhant+Clinic/data=!4m7!3m6!1s0x3be7c38d78f769df:0x38210c944e9febd3!8m2!3d19.0302055!4d73.0254726!16s%2Fg%2F11xvbdq04d!19sChIJ32n3eI3D5zsR0-ufTpQMITg?authuser=0&hl=en&rclk=1 | B96: Dr Swetha Shetty- Siddhant Clinic | C96: 5 | D96: -31 | E96: Dental clinic | F96: · | G96: Shop no 17, Lenyadri Cooperative Housing Society, Plot no 47/1 | H96: Open | I96: · Closes 8:30 PM | L96:  | M96: Directions | N96: https://ssl.gstatic.com/local/servicebusiness/default_user.png | O96: " | U96: Treatment | V96: was painless and well explained."
A97: https://www.google.com/maps/place/Dr.+Sandeep+Rai,/data=!4m7!3m6!1s0x3be7c3b76561a75f:0x780d31030d58d861!8m2!3d19.0231511!4d73.0314235!16s%2Fg%2F11j0v0lpr9!19sChIJX6dhZbfD5zsRYdhYDQMxDXg?authuser=0&hl=en&rclk=1 | B97: Dr. Sandeep Rai, | C97: 4.9 | D97: -68 | E97: Medical clinic | F97: · | G97: · | H97: Apollo Hospital,, Parsik Hill Rd | I97: Open | L97:  | M97: Website | N97: https://ssl.gstatic.com/local/servicebusiness/default_user.png | O97: "Even keeps prescribed tests to a minimal and what’s neeeded." | P97:  | Q97: https://www.drsandeeprai.com/ | R97:  | S97: Directions | T97: · Closes 10 PM
A98: https://www.google.com/maps/place/Mahavir+Maternity+and+Surgical+Hospital/data=!4m7!3m6!1s0x3be7c0d0b4206ef5:0xda6ec0849f1733af!8m2!3d19.100912!4d73.0108753!16s%2Fg%2F11b879xbw_!19sChIJ9W4gtNDA5zsRrzMXn4TAbto?authuser=0&hl=en&rclk=1 | B98: Mahavir Maternity and Surgical Hospital | C98: 4.8 | D98: -1118 | E98: Maternity hospital | F98: · | G98: · | H98: 1st Floor, Sai Vrindavan CHS, Railway Station, Plot No 33, Sector 9 Kopar Khairane Rd, opp. Balaji Movieplex, near Koparkhairne | I98: Open 24 hours | J98: · | K98: +91 96196 38464 | L98:  | M98: Website | N98: https://ssl.gstatic.com/local/servicebusiness/default_user.png | O98: "Staff is supportive, rooms are clean, and | P98:  | Q98: http://www.mahavirhospital.in.net/ | R98:  | S98: Directions | U98: treatment | V98: was affordable."
A99: https://www.google.com/maps/place/Be+You+Aesthetics+Clinic-+Ayurvedic+doctor/data=!4m7!3m6!1s0x3be7c3a6d49e90cb:0x353b6db365b25829!8m2!3d19.0262789!4d73.0427916!16s%2Fg%2F11vq9n9ls0!19sChIJy5Ce1KbD5zsRKViyZbNtOzU?authuser=0&hl=en&rclk=1 | B99: Be You Aesthetics Clinic- Ayurvedic doctor | C99: 4.9 | D99: -16 | E99: Skin care clinic | F99: · | G99: ground floor, Sector 4, Neelkanth Apartments, C-5/8/0:4, beside Akshar investment services | H99: · | I99: Open | K99: +91 87796 00322 | L99:  | M99: Website | N99: https://ssl.gstatic.com/local/servicebusiness/default_user.png | O99: "The | Q99: http://www.drsupriyaskinandhairclinic.com/ | R99:  | S99: Directions | T99: · Closes 10:30 PM | U99: clinic | V99: is clean and well - managed , Thank You for all care and support"
A100: https://www.google.com/maps/place/Shree+Sai+clinic/data=!4m7!3m6!1s0x3be7c3aa18d8b603:0x50a27698e19091df!8m2!3d19.0326911!4d73.0230043!16s%2Fg%2F11smhcgpw7!19sChIJA7bYGKrD5zsR35GQ4Zh2olA?authuser=0&hl=en&rclk=1 | B100: Shree Sai clinic | C100: 4.7 | D100: -10 | E100: Physical therapy clinic | F100: · | G100: · | H100: Open | I100: · Closes 8 PM | J100: sector no-19, Nilkhant society | K100: +91 93243 59623 | L100:  | M100: Directions | N100: https://ssl.gstatic.com/local/servicebusiness/default_user.png | O100: "Significant relief from | P100:  | T100: · | U100: Treatment | V100: ."
A101: https://www.google.com/maps/place/Dr+Sambhaji+Patil/data=!4m7!3m6!1s0x3be7c365162311a5:0xbde12e5eb31f42dd!8m2!3d19.0385757!4d73.0202885!16s%2Fg%2F11nfw46299!19sChIJpREjFmXD5zsR3UIfs14u4b0?authuser=0&hl=en&rclk=1 | B101: Dr Sambhaji Patil | C101: 4.8 | D101: -174 | E101: Dermatologist | F101: · | G101: F2 , Second Floor, Devdarshan Apartment, B 3/2, Aadi Shankracharya Marg, above VIP Showroom | H101: · | I101: Closed | K101: +91 85914 20077 | L101:  | M101: Website | N101: https://ssl.gstatic.com/local/servicebusiness/default_user.png | O101: "The | Q101: https://drsambhajipatil.com/ | R101:  | S101: Directions | T101: · Opens 11 AM Wed | U101: treatment | V101: plan was thorough and the results are visible."
A102: https://www.google.com/maps/place/MGM+New+Bombay+Hospital,+Vashi/data=!4m7!3m6!1s0x3be7c6caa94cef59:0xd2977d80d17491e8!8m2!3d19.072693!4d72.9936479!16s%2Fg%2F1tgy_19j!19sChIJWe9MqcrG5zsR6JF00YB9l9I?authuser=0&hl=en&rclk=1 | B102: MGM New Bombay Hospital, Vashi | C102: 4.4 | D102: -3488 | E102: General hospital | F102: · | G102: · | H102: Plot No.35 | I102: Open 24 hours | J102: · | K102: +91 1800 266 5456 | L102:  | M102: Website | N102: https://ssl.gstatic.com/local/servicebusiness/default_user.png | O102: "I came in with severe pain, and I’m leaving with incredible results." | P102:  | Q102: http://www.mgmhospitalvashi.net/ | R102:  | S102: Directions
...

Sheet Cleaning
A1: Website | B1: Clinic Names | C1: Instagram | D1: Google Maps | E1: Rating | F1: Reviews | G1: Specialization | H1: Location | I1: Contact | J1: Remark 1 | K1: Remark 2 | L1: Remarks
A2: http://www.360homeocareclinic.com/ | B2: 360 HOMEO CARE CLINIC | C2: Not Found | D2: https://www.google.com/maps/place/360+HOMEO+CARE+CLINIC/data=!4m7!3m6!1s0x3be7c3bbdb4eb027:0x9e0cb6fa5c230ae6!8m2!3d19.0233747!4d73.0248128!16s%2Fg%2F11cmcb1kz9!19sChIJJ7BO27vD5zsR5gojXPq2DJ4?authuser=0&hl=en&rclk=1 | E2: 5 | F2: -152 | G2: Medical clinic | H2: Shop No. 3, Ganpati Complex, Plot No. 105 | L2: =J2 & " " & K2
A3: https://naneshhospital.com/ | B3: Acharya Shri Nanesh Hospital | C3: https://www.instagram.com/naneshhospital | D3: https://www.google.com/maps/place/Acharya+Shri+Nanesh+Hospital/data=!4m7!3m6!1s0x3be7c23539fec13b:0xd98d02fabb970045!8m2!3d19.033325!4d73.041195!16s%2Fg%2F12cpldkhr!19sChIJO8H-OTXC5zsRRQCXu_oCjdk?authuser=0&hl=en&rclk=1 | E3: 4.7 | F3: -599 | G3: Private hospital | H3: Plot No 34-37 | I3: +91 86930 84084 | L3: =J3 & " " & K3
A4: https://drnevinaabraham.getmy.clinic/ | B4: Alpha Dental Clinic | C4: https://www.instagram.com/dr.nevin.abraham | D4: https://www.google.com/maps/place/Alpha+Dental+Clinic/data=!4m7!3m6!1s0x3be7c3bd7981ef7d:0x45908abf3f22a486!8m2!3d19.0202786!4d73.0173018!16s%2Fg%2F11gcmmc1lr!19sChIJfe-Beb3D5zsRhqQiP7-KkEU?authuser=0&hl=en&rclk=1 | E4: 5 | F4: -263 | G4: Dental clinic | H4: Shop No.11, Shreeji Seva CHS, Plot No.42 | L4: =J4 & " " & K4
A5: Not Found | B5: Anand Clinic | C5: Not Found | D5: https://www.google.com/maps/place/Anand+Clinic/data=!4m7!3m6!1s0x3be7c3c303802b3d:0x286a0ce386758130!8m2!3d19.038677!4d73.0197082!16s%2Fg%2F11bw4jpygq!19sChIJPSuAA8PD5zsRMIF1huMMaig?authuser=0&hl=en&rclk=1 | E5: 5 | F5: -5 | G5: Medical clinic | H5: F-3, Jagatguru Aadi Shankracharya Marg | J5: "The | K5: plan was thorough and the results are visible." | L5: =J5 & " " & K5 -> "The plan was thorough and the results are visible."
A6: Not Found | B6: Aniruddha Health Clinic | C6: Not Found | D6: https://www.google.com/maps/place/Aniruddha+Health+Clinic/data=!4m7!3m6!1s0x3be7c24cb71e71f9:0x2fdc4500545e765a!8m2!3d19.0246747!4d73.0410086!16s%2Fg%2F11tdl6tyx6!19sChIJ-XEet0zC5zsRWnZeVABF3C8?authuser=0&hl=en&rclk=1 | G6: Medical clinic | H6: Shop Number 69, Prabhat Centre 1st Floor Plot 7 Sector Number 1a C B D Belapur Navi Mumbai | I6: +91 97696 95873 | J6: "The | K6: is clean, well-organized, and staff is friendly too." | L6: =J6 & " " & K6 -> "The is clean, well-organized, and staff is friendly too."
A7: https://www.apollohospitals.com/hospitals/apollo-hospitals-mumbai | B7: Apollo Hospital | C7: https://www.instagram.com/theapollohospitals | D7: https://www.google.com/maps/place/Apollo+Hospital,/data=!4m7!3m6!1s0x3be7c3903a3c9297:0xb858a25d34856005!8m2!3d19.0208646!4d73.0287337!16s%2Fg%2F11plkkvf08!19sChIJl5I8OpDD5zsRBWCFNF2iWLg?authuser=0&hl=en&rclk=1 | E7: 4.7 | F7: -28262 | G7: Hospital | H7: Plot no 13, Parsik Hill Rd, off Uran Road | I7: +91 80 6297 2766 | J7: "A rare combination of expertise, compassion, and genuine care." | L7: =J7 & " " & K7 -> "A rare combination of expertise, compassion, and genuine care."
A8: https://www.apollohospitals.com/ | B8: Apollo ProHealth - Navi Mumbai | C8: https://www.instagram.com/theapollohospitals | D8: https://www.google.com/maps/place/Apollo+ProHealth+-+Navi+Mumbai/data=!4m7!3m6!1s0x3be7c3d15044d7e7:0xbdebc5b46159df7a!8m2!3d19.020968!4d73.029081!16s%2Fg%2F11ltlczckh!19sChIJ59dEUNHD5zsRet9ZYbTF670?authuser=0&hl=en&rclk=1 | E8: 1 | F8: -1 | G8: Health consultant | H8: Plot 13, Parsik Hill Rd, off Uran Road, opp. Nerul Wonders Park | I8: +91 80 6942 0449 | J8: "The Receptionist is also very professional and Cooperative." | L8: =J8 & " " & K8 -> "The Receptionist is also very professional and Cooperative."
A9: Not Found | B9: Arihant Clinic | C9: Not Found | D9: https://www.google.com/maps/place/Arihant+Clinic/data=!4m7!3m6!1s0x3be7c3bf00b5c935:0x32e3708e152d2cd1!8m2!3d19.0269386!4d73.0201229!16s%2Fg%2F113gbxqjy!19sChIJNcm1AL_D5zsR0SwtFY5w4zI?authuser=0&hl=en&rclk=1 | E9: 4.5 | F9: -10 | G9: Doctor | H9: 1st floor, Plot No 312 | I9: +91 90041 31975 | J9: "Great work by dr" | L9: =J9 & " " & K9 -> "Great work by dr"
A10: https://www.google.com/aclk?sa=L&ai=DChsSEwjEga3j5-OVAxXGmGYCHSv4L60YACICCAEQABoCc20&co=1&ase=2&gclid=CjwKCAjwsfzSBhB5EiwAOGyqSRqHv8zm3JQ3XITZthGBOX6tl3OqxVUzpxkmKhbFNu2bIerIQf8YMBoCjJMQAvD_BwE&cid=CAAS0wHkaI85O8JJUOylJovBAy-LsWBAB44HDW28jy4X8dGtznyF_isMrSlPwW7sTH5AFdWHT7fxlxZo_JZ0-6d05FV3UdOg7gTP9H3eq3-J7h57WxOX68PrRCxfZFz40lzb70RcGBZfSGcaC1qzUeYsEgxCxQLmuTV3pJINCQRr475x_d4uQwJcjuaNO5akBPEOITW66yCBp0LSyqnvTNALN2-xCkdS_BwF6aN1kh5bBX41yJnvQFFPt6DrUvyf0mC-C3VRKV9d4ElkUmbEsRbpbr2MUDXI&cce=2&category=acrcp_v1_32&sig=AOD64_2AXjq4v1QR-MsYwLJX71Qe77Pj0A&adurl&q&ctype=99&nis=6 | B10: ART Fertility Clinics | C10: https://www.instagram.com/artfertilityclinics | D10: https://www.google.com/maps/place/ART+Fertility+Clinics/data=!4m7!3m6!1s0x3be7c9f4dd2ad901:0x69a60861fe685c28!8m2!3d19.07118!4d72.87709!16s%2Fg%2F11q8y5nz8r!19sChIJAdkq3fTJ5zsRKFxo_mEIpmk?authuser=0&hl=en&rclk=1 | E10: 4.9 | F10: -580 | G10: Fertility clinic | H10: beside Tata Communications | I10: 084488 01362 | J10: "Helped me with my neck pain and I got instant relief after visiting her." | L10: =J10 & " " & K10 -> "Helped me with my neck pain and I got instant relief after visiting her."
A11: https://www.google.com/aclk?sa=L&ai=DChsSEwjY_q3l5-OVAxXQhWYCHQ6GN9gYACICCAEQCxoCc20&co=1&ase=2&gclid=CjwKCAjwsfzSBhB5EiwAOGyqSa8bJmiInQcnqhYOoPHpcSABmZNKk6Nx2iOESQr5MdFW614cV373-BoCQxYQAvD_BwE&cid=CAAS0wHkaODk9ymShb7Z04lLS_EqdAKOIqLvKgwP3mO86X-_OoEctsv_3FXuaO1jDMNEWv3ZsaacnGcrt3-Gk9imYYv-lk92yoUBAhtU8PsekzJBlAcZE8JTqhMW1Ri9Cl8dHX-gS3iC_vEu4pE8Qq8PN2F0G6O-BdR69zntuUt_QyuM0pZpzrowL4N7RY81oVfCfQwMZtlimOTZSr3hT68g3tlzJ1EG1uxxVNJ8VFlXM33Q9zVdiCzEtCisPeXeyNbjergk15jhHrFRWSXY4aUocK8OraEc&cce=2&category=acrcp_v1_32&sig=AOD64_02BkDFe0onG1zHICP9IauMYOumMw&adurl&q&ctype=99&nis=6 | B11: ART Fertility Clinics | C11: https://www.instagram.com/artfertilityclinics | D11: https://www.google.com/maps/place/ART+Fertility+Clinics/data=!4m7!3m6!1s0x3be7c9f4dd2ad901:0x69a60861fe685c28!8m2!3d19.07118!4d72.87709!16s%2Fg%2F11q8y5nz8r!19sChIJAdkq3fTJ5zsRKFxo_mEIpmk?authuser=0&hl=en&rclk=1 | E11: 4.9 | F11: -580 | G11: Fertility clinic | H11: beside Tata Communications | I11: 084488 01362 | J11: "The staff and | K11: are extremely nice, professional, and caring." | L11: =J11 & " " & K11 -> "The staff and are extremely nice, professional, and caring."
A12: https://www.google.com/aclk?sa=L&ai=DChsSEwjEga3j5-OVAxXGmGYCHSv4L60YACICCAEQBRoCc20&co=1&ase=2&gclid=CjwKCAjwsfzSBhB5EiwAOGyqSTtAOGNHNSBEHIVnrWwP9gSl-fdjqI4VWBDSoXKHVxJLWLVFUHh5sRoCg9UQAvD_BwE&cid=CAAS0wHkaI85O8JJUOylJovBAy-LsWBAB44HDW28jy4X8dGtznyF_isMrSlPwW7sTH5AFdWHT7fxlxZo_JZ0-6d05FV3UdOg7gTP9H3eq3-J7h57WxOX68PrRCxfZFz40lzb70RcGBZfSGcaC1qzUeYsEgxCxQLmuTV3pJINCQRr475x_d4uQwJcjuaNO5akBPEOITW66yCBp0LSyqnvTNALN2-xCkdS_BwF6aN1kh5bBX41yJnvQFFPt6DrUvyf0mC-C3VRKV9d4ElkUmbEsRbpbr2MUDXI&cce=2&category=acrcp_v1_32&sig=AOD64_2VK-l2VpDixYtQZeT_BunAV-iMoA&adurl&q&ctype=99&nis=6 | B12: ASG Eye Hospital | Best Cataract, Lasik & Retina Centre - Vashi, Mumbai | C12: https://www.instagram.com/asgeyehospital | D12: https://www.google.com/maps/place/ASG+Eye+Hospital+%7C+Best+Cataract,+Lasik+%26+Retina+Centre+-+Vashi,+Mumbai/data=!4m7!3m6!1s0x3be7c1f454bd3783:0x9e0b8aaab5dc8756!8m2!3d19.070291!4d72.997918!16s%2Fg%2F11k3d0lph0!19sChIJgze9VPTB5zsRVofctaqKC54?authuser=0&hl=en&rclk=1 | E12: 4.9 | F12: -2924 | G12: Hospital | H12: Plot No 88 | I12: 0674 617 2480 | L12: =J12 & " " & K12
A13: http://aguramrit.org/ | B13: Ayuramrit Ayurved Clinic | C13: Not Found | D13: https://www.google.com/maps/place/Ayuramrit+Ayurved+Clinic/data=!4m7!3m6!1s0x3be7c219996deae3:0xbb9a097635c277e4!8m2!3d19.048221!4d73.0689048!16s%2Fg%2F11c0xvb29b!19sChIJ4-ptmRnC5zsR5HfCNXYJmrs?authuser=0&hl=en&rclk=1 | E13: 4.9 | F13: -100 | G13: Alternative medicine practitioner | H13: Shop No 66/67, Chaturbhuj CHS, Shilp Chowk | I13: +91 76668 05588 | J13: "Both the | K13: are very polite and knowledgeable." | L13: =J13 & " " & K13 -> "Both the are very polite and knowledgeable."
A14: Not Found | B14: Ayush Clinic | C14: Not Found | D14: https://www.google.com/maps/place/Ayush+Clinic/data=!4m7!3m6!1s0x3be7c3ea25555555:0x639edf4685ce5535!8m2!3d19.0341284!4d73.0146921!16s%2Fg%2F11srv8y1lx!19sChIJVVVVJerD5zsRNVXOhUbfnmM?authuser=0&hl=en&rclk=1 | E14: 1 | F14: -1 | G14: Medical clinic | H14: Sector 20, Nerul, Sion, Number 5 Plot Number, B 49, Nerul East, Navi | I14: +91 99672 63283 | J14: "His in depth knowledge has helped me a lot." | L14: =J14 & " " & K14 -> "His in depth knowledge has helped me a lot."
A15: https://www.ayushakti.com/ | B15: Ayushakti Ayurved Health Centre | Panchakarma Clinic in Navi Mumbai | C15: https://www.instagram.com/ayushakti | D15: https://www.google.com/maps/place/Ayushakti+Ayurved+Health+Centre+%7C+Panchakarma+Clinic+in+Navi+Mumbai/data=!4m7!3m6!1s0x3be7c3ab786a6a1f:0x4294e10b00f08572!8m2!3d19.0367236!4d73.0643284!16s%2Fg%2F11g_v6hfzy!19sChIJH2pqeKvD5zsRcoXwAAvhlEI?authuser=0&hl=en&rclk=1 | E15: 4.9 | F15: -274 | G15: Ayurvedic clinic | H15: h.s, shops, Mahavir Shraddha c, Plot no 11-B, opp. Kendriya Vihar Metro Station Road | I15: +91 86578 62385 | J15: "The treatments have made a noticeable difference in my skin and hair health." | L15: =J15 & " " & K15 -> "The treatments have made a noticeable difference in my skin and hair health."
A16: https://www.bcaclinicindia.com/ | B16: BCA CLINIC NAVI MUMBAI by Deepali Banerjee | C16: https://www.instagram.com/bcaclinicindia | D16: https://www.google.com/maps/place/BCA+CLINIC+NAVI+MUMBAI+by+Deepali+Banerjee/data=!4m7!3m6!1s0x3be7c1f3065cab8d:0x6bfadc5f2fe74d8b!8m2!3d19.053278!4d73.0070932!16s%2Fg%2F11zjvpwdcc!19sChIJjatcBvPB5zsRi03nL1_c-ms?authuser=0&hl=en&rclk=1 | G16: Skin care clinic | H16: PLOT NO.- 88, 18, Palm Beach Rd | J16: "⭐⭐⭐⭐⭐ Dr. FM Chogle is very friendly and highly experienced." | L16: =J16 & " " & K16 -> "⭐⭐⭐⭐⭐ Dr. FM Chogle is very friendly and highly experienced."
A17: http://www.drsupriyaskinandhairclinic.com/ | B17: Be You Aesthetics Clinic- Ayurvedic doctor | C17: Not Found | D17: https://www.google.com/maps/place/Be+You+Aesthetics+Clinic-+Ayurvedic+doctor/data=!4m7!3m6!1s0x3be7c3a6d49e90cb:0x353b6db365b25829!8m2!3d19.0262789!4d73.0427916!16s%2Fg%2F11vq9n9ls0!19sChIJy5Ce1KbD5zsRKViyZbNtOzU?authuser=0&hl=en&rclk=1 | E17: 4.9 | F17: -16 | G17: Skin care clinic | H17: ground floor, Sector 4, Neelkanth Apartments, C-5/8/0:4, beside Akshar investment services | I17: +91 87796 00322 | J17: "The staff is friendly and the | K17: is clean and well-equipped" | L17: =J17 & " " & K17 -> "The staff is friendly and the is clean and well-equipped"
A18: https://www.centreforsight.net/eye-hospitals-in-india/mumbai/navi-mumbai?utm_source=GMB&utm_medium=Local+Pack&utm_campaign=GMB_Navi_Mumbai_Mumbai | B18: Centre For Sight | Nerul | Navi Mumbai | C18: https://www.instagram.com/centreforsightindia | D18: https://www.google.com/maps/place/Centre+For+Sight+%7C+Nerul+%7C+Navi+Mumbai/data=!4m7!3m6!1s0x3be7c3c6b1555555:0x7a370656617c2e06!8m2!3d19.0238561!4d73.021885!16s%2Fg%2F1ptwt1mns!19sChIJVVVVscbD5zsRBi58YVYGN3o?authuser=0&hl=en&rclk=1 | E18: 4.9 | F18: -1690 | G18: Eye care center | H18: at Shivam Eye Foundation, Plot no. 14, beside Bihar Bhavan, behind HP Petrol Pump | I18: +91 80 6542 3838 | J18: "The | K18: and staff communicate well with patients." | L18: =J18 & " " & K18 -> "The and staff communicate well with patients."
A19: https://www.cloudninecare.com/centre/vashi?utm_city=mumbai&utm_source=gmb&utm_medium=organic&utm_campaign=mumbai+vashi+c9-hospital-gmb-website+c9-hospital-vashi&utm_content=website-button | B19: Cloudnine Hospital - Vashi | Maternity & Pregnancy Centre | C19: https://www.instagram.com/cloudninecare | D19: https://www.google.com/maps/place/Cloudnine+Hospital+-+Vashi+%7C+Maternity+%26+Pregnancy+Centre/data=!4m7!3m6!1s0x3be7c15eab21a345:0x7a38770bca94d1c0!8m2!3d19.0852316!4d73.007675!16s%2Fg%2F11f0_gktyv!19sChIJRaMhq17B5zsRwNGUygt3OHo?authuser=0&hl=en&rclk=1 | E19: 4.7 | F19: -3862 | G19: Maternity hospital | H19: · | I19: +91 99728 99728 | J19: "Procedure was thoroughly explained and post operative care was meticulous." | L19: =J19 & " " & K19 -> "Procedure was thoroughly explained and post operative care was meticulous."
A20: https://clovedental.in/dentist-near-me/navi-mumbai/sector-8nerulnavi-mumbai?utm_source=website&utm_medium=gmb&utm_campaign=Sector_8_Nerul_Navi_Mumbai_GMB | B20: Clove Dental Clinic - Nerul Sector 8, Navi Mumbai | C20: https://www.instagram.com/clovedentalindia | D20: https://www.google.com/maps/place/Clove+Dental+Clinic+-+Nerul+Sector+8,+Navi+Mumbai/data=!4m7!3m6!1s0x3be7c38379107e29:0xa53fc15c83c872c2!8m2!3d19.040947!4d73.0148091!16s%2Fg%2F11y7tg53v2!19sChIJKX4QeYPD5zsRwnLIg1zBP6U?authuser=0&hl=en&rclk=1 | E20: 4.9 | F20: -99 | G20: Dental clinic | H20: Ground Floor, Aryan Hospital, near, Hanuman Mandir Rd | I20: +91 11 6927 1067 | J20: "Best service Dr Sunayna is very nice and courteous." | L20: =J20 & " " & K20 -> "Best service Dr Sunayna is very nice and courteous."
A21: http://www.kbcclinics.com/ | B21: Cosmetic & Hair Transplant Clinic | C21: https://www.instagram.com/kbcclinics | D21: https://www.google.com/maps/place/Cosmetic+%26+Hair+Transplant+Clinic/data=!4m7!3m6!1s0x3be7c91028e4cc13:0x228f3ccb6c59d7d7!8m2!3d19.0246875!4d73.0221875!16s%2Fg%2F11bzwrt9t_!19sChIJE8zkKBDJ5zsR19dZbMs8jyI?authuser=0&hl=en&rclk=1 | E21: 4.3 | F21: -175 | G21: Plastic surgery clinic | H21: 22FC+VVC Hawares Centurion Mall, S04C | J21: On-site services not available | L21: =J21 & " " & K21 -> On-site services not available
A22: https://dypatilhospitals.com/ | B22: D Y Patil Hospital | C22: https://www.instagram.com/dypatilhospital | D22: https://www.google.com/maps/place/D+Y+Patil+Hospital/data=!4m7!3m6!1s0x3be7c618a5555555:0xa446b85191e625c8!8m2!3d19.0411561!4d73.0246854!16s%2Fg%2F11csrv8x53!19sChIJVVVVpRjG5zsRyCXmkVG4RqQ?authuser=0&hl=en&rclk=1 | E22: 4.1 | F22: -3440 | G22: Hospital | H22: Ayyappa Temple Rd | I22: +91 22 6517 5901 | J22: On-site services not available | L22: =J22 & " " & K22 -> On-site services not available
A23: http://dentalpulseclinic.com/ | B23: Dental Pulse Clinic | C23: Not Found | D23: https://www.google.com/maps/place/Dental+Pulse+Clinic/data=!4m7!3m6!1s0x3be7c3c0e2af0db3:0x5ae99b51c2d5444!8m2!3d19.0309791!4d73.0217513!16s%2Fg%2F11df80zt_8!19sChIJsw2v4sDD5zsRRFQtHLWZrgU?authuser=0&hl=en&rclk=1 | E23: 4.9 | F23: -147 | G23: Dental clinic | H23: 1st Floor, Doctor House, 102 E, near D-Mart Junction | I23: +91 83692 40730 | J23: "Staff is supportive, rooms are clean, and | K23: was affordable." | L23: =J23 & " " & K23 -> "Staff is supportive, rooms are clean, and was affordable."
A24: Not Found | B24: Dermed Clinic | C24: Not Found | D24: https://www.google.com/maps/place/Dermed+Clinic/data=!4m7!3m6!1s0x3be7c397bee9aa87:0xed9c3ab75bb93e8c!8m2!3d19.0182874!4d73.0123738!16s%2Fg%2F11c5zxh3vr!19sChIJh6rpvpfD5zsRjD65W7c6nO0?authuser=0&hl=en&rclk=1 | E24: 4.2 | F24: -75 | G24: Doctor | H24: Plot No 15, W, Shop 5, 6 & 7 Chamunda Serene | I24: +91 98926 82878 | J24: "Dr fees Also reasonable." | L24: =J24 & " " & K24 -> "Dr fees Also reasonable."
A25: https://drashwathyharidas.com/ | B25: Dr Ashwathy Haridas | Kidney and Hypertension Clinic | Best Nephrologist In Navi Mumbai | C25: https://www.instagram.com/drashwathyharidas | D25: https://www.google.com/maps/place/Dr+Ashwathy+Haridas+%7C+Kidney+and+Hypertension+Clinic+%7C+Best+Nephrologist+In+Navi+Mumbai/data=!4m7!3m6!1s0x3be7c3bed8600a5f:0x62b29724444747d8!8m2!3d19.0131344!4d73.012722!16s%2Fg%2F11s3zl3vxw!19sChIJXwpg2L7D5zsR2EdHRCSXsmI?authuser=0&hl=en&rclk=1 | E25: 5 | F25: -59 | G25: Nephrologist | H25: Shop No. 7, Ground floor, Dr Ashwathy's Kidney & Hypertension Clinic, The Signature, Plot Nr. 71, near HP Petrol Pump | I25: +91 91366 24877 | J25: On-site services not available | L25: =J25 & " " & K25 -> On-site services not available
A26: https://clinics.drbatras.com/navi-mumbai/homeopathy-clinic-sector-21 | B26: Dr Batra’s Homeopathy Clinic | C26: https://www.instagram.com/drbatrashealthcare | D26: https://www.google.com/maps/place/Dr+Batra%E2%80%99s+Homeopathy+Clinic/data=!4m7!3m6!1s0x3be7c3c0c782483b:0xe0a102e770fe4288!8m2!3d19.0310537!4d73.0217795!16s%2Fg%2F12hr5cmft!19sChIJO0iCx8DD5zsRiEL-cOcCoeA?authuser=0&hl=en&rclk=1 | E26: 4.6 | F26: -1050 | G26: Homeopath | H26: 1st Floor, No 101 & 103, Plot No 101, near D Mart | I26: +91 70450 06060 | J26: "Staff is friendly and understanding, | K26: is performed accurately." | L26: =J26 & " " & K26 -> "Staff is friendly and understanding, is performed accurately."
A27: Not Found | B27: Dr Chandan Saha MBBS Clinic | C27: Not Found | D27: https://www.google.com/maps/place/Dr+Chandan+Saha+MBBS+Clinic/data=!4m7!3m6!1s0x3be7c346e855170b:0x91ca99af8cacdbea!8m2!3d19.0401059!4d73.0176641!16s%2Fg%2F11c2qpjp0n!19sChIJCxdV6EbD5zsR6tusjK-ZypE?authuser=0&hl=en&rclk=1 | E27: 4.4 | F27: -36 | G27: General practitioner | H27: Shop Number E1 /1 C 4, next to Sai Baba Hotel | I27: +91 98210 39426 | J27: "Diagnosis was on point and | K27: was very effective" | L27: =J27 & " " & K27 -> "Diagnosis was on point and was very effective"
A28: https://myheartclinics.com/index.php | B28: Dr Ghogare's | C28: https://www.instagram.com/myheartclinics | D28: https://www.google.com/maps/place/Dr+Ghogare%27s/data=!4m7!3m6!1s0x3be7c331998fcdeb:0xfd98877b283a9f5e!8m2!3d19.0250148!4d73.0223871!16s%2Fg%2F11h54x3yfp!19sChIJ682PmTHD5zsRXp86KHuHmP0?authuser=0&hl=en&rclk=1 | E28: 4.7 | F28: -41 | G28: Medical clinic | H28: 1st Floor, Haware Centurion, F-2, near Seawoods Station Road | I28: +91 90281 70123 | L28: =J28 & " " & K28
A29: https://www.drjairajshospital.com/ | B29: Dr Jairajs Hospital | C29: Not Found | D29: https://www.google.com/maps/place/Dr+Jairajs+Hospital/data=!4m7!3m6!1s0x3be7c3ad73247343:0x7957b177cdfbb2a9!8m2!3d19.0252216!4d73.041946!16s%2Fg%2F1tg_dh_c!19sChIJQ3Mkc63D5zsRqbL7zXexV3k?authuser=0&hl=en&rclk=1 | E29: 3.8 | F29: -82 | G29: Private hospital | H29: 2nd Floor, Om Chanakya Complex | I29: +91 70450 11188 | J29: "The | K29: is clean and well - managed , Thank You for all care and support" | L29: =J29 & " " & K29 -> "The is clean and well - managed , Thank You for all care and support"
A30: https://www.google.com/aclk?sa=L&ai=DChsSEwjY_q3l5-OVAxXQhWYCHQ6GN9gYACICCAEQAhoCc20&co=1&ase=2&gclid=CjwKCAjwsfzSBhB5EiwAOGyqScQrE05nG84DLc6zM3CT0ECLsZPDstKPGssFpOVH50_pSqQpix5jAhoChTMQAvD_BwE&cid=CAAS0wHkaODk9ymShb7Z04lLS_EqdAKOIqLvKgwP3mO86X-_OoEctsv_3FXuaO1jDMNEWv3ZsaacnGcrt3-Gk9imYYv-lk92yoUBAhtU8PsekzJBlAcZE8JTqhMW1Ri9Cl8dHX-gS3iC_vEu4pE8Qq8PN2F0G6O-BdR69zntuUt_QyuM0pZpzrowL4N7RY81oVfCfQwMZtlimOTZSr3hT68g3tlzJ1EG1uxxVNJ8VFlXM33Q9zVdiCzEtCisPeXeyNbjergk15jhHrFRWSXY4aUocK8OraEc&cce=2&category=acrcp_v1_32&sig=AOD64_2DBhIsv40g5AAZmcura5Ue0IhxNw&adurl&q&ctype=99&nis=6 | B30: Dr Karve's Dentech | C30: https://www.instagram.com/drbatrashealthcare | D30: https://www.google.com/maps/place/Dr+Karve%27s+Dentech/data=!4m7!3m6!1s0x3be7c7e6674bdb77:0x5a92f706cb9de866!8m2!3d19.118699!4d72.916476!16s%2Fg%2F11clyc21yl!19sChIJd9tLZ-bH5zsRZuidywb3klo?authuser=0&hl=en&rclk=1 | E30: 5 | F30: -471 | G30: Dental clinic | H30: besides akshardham temple | I30: 022 2570 4247 | J30: "It provided me a long-term relief." | L30: =J30 & " " & K30 -> "It provided me a long-term relief."
A31: https://onehealthclinicmumbai.com/ | B31: Dr Madhav Dawkore – Pulmonologist & Allergy Specialist Navi mumbai | C31: Not Found | D31: https://www.google.com/maps/place/Dr+Madhav+Dawkore+%E2%80%93+Pulmonologist+%26+Allergy+Specialist+Navi+mumbai/data=!4m7!3m6!1s0x3be7c38546bb6453:0x67973f0a6aee839d!8m2!3d19.0505159!4d73.0161525!16s%2Fg%2F11t2t_f_pd!19sChIJU2S7RoXD5zsRnYPuago_l2c?authuser=0&hl=en&rclk=1 | E31: 5 | F31: -255 | G31: Pulmonologist | H31: Vikram Plaza, Plot no 10 | I31: +91 95941 97549 | J31: "The | K31: is friendly, and the office is clean." | L31: =J31 & " " & K31 -> "The is friendly, and the office is clean."
A32: https://www.drmaheshghogare.com/ | B32: Dr Mahesh Ghogare, BEST CARDIOLOGIST in Navi Mumbai, Interventional Cardiologist Navi Mumbai, TAVI / TAVR in Navi Mumbai | C32: Not Found | D32: https://www.google.com/maps/place/Dr+Mahesh+Ghogare,+BEST+CARDIOLOGIST+in+Navi+Mumbai,+Interventional+Cardiologist+Navi+Mumbai,+TAVI+%2F+TAVR+in+Navi+Mumbai/data=!4m7!3m6!1s0x3be7c142b0000001:0x9289e16f76d9552c!8m2!3d19.0246581!4d73.0222576!16s%2Fg%2F11hbdqx50v!19sChIJAQAAsELB5zsRLFXZdm_hiZI?authuser=0&hl=en&rclk=1 | E32: 4.9 | F32: -749 | G32: Cardiologist | H32: My Heart Clinics, F 02, First Floor, Haware's Centurion, near Seawoods Station | I32: +91 90281 70123 | J32: "Dr. Harshad is really good at diagnosing the issue." | L32: =J32 & " " & K32 -> "Dr. Harshad is really good at diagnosing the issue."
A33: Not Found | B33: Dr Modak's Harmony Homoeopathic Clinic | C33: Not Found | D33: https://www.google.com/maps/place/Dr+Modak%27s+Harmony+Homoeopathic+Clinic/data=!4m7!3m6!1s0x3be7c371d7cc6ab3:0x54f5a88bb02c46cd!8m2!3d19.0227311!4d73.0211799!16s%2Fg%2F11ghpzk27l!19sChIJs2rM13HD5zsRzUYssIuo9VQ?authuser=0&hl=en&rclk=1 | E33: 4.9 | F33: -115 | G33: Medical clinic | H33: CHS, Shop 01B, opp. Millenium Park Garden | I33: +91 98337 15477 | J33: "Good | K33: ." | L33: =J33 & " " & K33 -> "Good ."
A34: https://arogyabhet.com/ | B34: Dr Nagarekar Atharva Ayurveda clinic | C34: https://www.instagram.com/arogyabhet | D34: https://www.google.com/maps/place/Dr+Nagarekar+Atharva+Ayurveda+clinic/data=!4m7!3m6!1s0x3be7c34e2ebae60b:0xf2affcd51305bbe6!8m2!3d19.0403047!4d73.0152992!16s%2Fg%2F11h08dmsz8!19sChIJC-a6Lk7D5zsR5rsFE9X8r_I?authuser=0&hl=en&rclk=1 | E34: 5 | F34: -44 | G34: Medical clinic | H34: Plot no. 29, 105, sector 10, near sarsole depot | I34: +91 77770 70531 | J34: "I came in with severe pain, and I’m leaving with incredible results." | L34: =J34 & " " & K34 -> "I came in with severe pain, and I’m leaving with incredible results."
A35: Not Found | B35: Dr Omkar Mate's Midas Clinic | C35: Not Found | D35: https://www.google.com/maps/place/Dr+Omkar+Mate%27s+Midas+Clinic/data=!4m7!3m6!1s0x3be7c385d4d7de89:0x65fcbd4711f70a25!8m2!3d19.0332773!4d73.0180734!16s%2Fg%2F11gmg60rsv!19sChIJid7X1IXD5zsRJQr3EUe9_GU?authuser=0&hl=en&rclk=1 | E35: 4.7 | F35: -3 | G35: Medical clinic | H35: Station Complex, E102, Mata Amritanandamayi Marg | I35: +91 91673 59313 | J35: On-site services | L35: =J35 & " " & K35 -> On-site services
A36: Not Found | B36: Dr Pallavi Clinic | C36: Not Found | D36: https://www.google.com/maps/place/Dr+Pallavi+Clinic/data=!4m7!3m6!1s0x3be7c324c2fee1a7:0x955cfc8ff5ea8c55!8m2!3d19.0298618!4d73.0153222!16s%2Fg%2F11k434fxvp!19sChIJp-H-wiTD5zsRVYzq9Y_8XJU?authuser=0&hl=en&rclk=1 | E36: 5 | F36: -1 | G36: Medical clinic | H36: Terna Hospital, Plot No 12, Sector 22, opposite Nerul Railway Station | J36: "Clean | K36: , smooth consultation process, and a comfortable atmosphere." | L36: =J36 & " " & K36 -> "Clean , smooth consultation process, and a comfortable atmosphere."
A37: https://www.drpoojabansal.com/ | B37: Dr Pooja Bansal | C37: https://www.instagram.com/drpoojabansal | D37: https://www.google.com/maps/place/Dr+Pooja+Bansal/data=!4m7!3m6!1s0x3be7c3c6b6dc9349:0x103422387181eb13!8m2!3d19.0274048!4d73.0231625!16s%2Fg%2F11hzxf985w!19sChIJSZPctsbD5zsRE-uBcTgiNBA?authuser=0&hl=en&rclk=1 | E37: 4.9 | F37: -757 | G37: Obstetrician-gynecologist | H37: · | I37: +91 70453 13773 | J37: On-site services | L37: =J37 & " " & K37 -> On-site services
A38: Not Found | B38: Dr Rahul Bhatambre | C38: Not Found | D38: https://www.google.com/maps/place/Dr+Rahul+Bhatambre/data=!4m7!3m6!1s0x3be7c26a3fe726fb:0x9f05e057e93983a9!8m2!3d19.0334848!4d73.0655577!16s%2Fg%2F11c74_7fjp!19sChIJ-ybnP2rC5zsRqYM56VfgBZ8?authuser=0&hl=en&rclk=1 | E38: 4.8 | F38: -525 | G38: Psychiatrist | H38: Second Floor ,Shop No 6 and 7, Mansparsh Clinic, Hiranandani Crystal Plaza | I38: +91 77382 05586 | L38: =J38 & " " & K38
A39: https://drrajaeyecare.com/ | B39: Dr Raja | C39: https://www.instagram.com/drrajaeyecare | D39: https://www.google.com/maps/place/Dr+Raja/data=!4m7!3m6!1s0x3be7c717d4113341:0x5a2dbcad616792fc!8m2!3d19.0365259!4d73.017463!16s%2Fg%2F11fkhdl2g6!19sChIJQTMR1BfH5zsR_JJnYa28LVo?authuser=0&hl=en&rclk=1 | E39: 4.9 | F39: -590 | G39: Eye care center | H39: Office 2,3 1st floor, good will building, Station Road | I39: +91 81044 41581 | J39: "Medical facilities are modern, and the staff is professional and supportive." | L39: =J39 & " " & K39 -> "Medical facilities are modern, and the staff is professional and supportive."
A40: Not Found | B40: Dr Rajendra Patil.Clinic. | C40: Not Found | D40: https://www.google.com/maps/place/Dr+Rajendra+Patil.Clinic./data=!4m7!3m6!1s0x3be7c391b825dab5:0x7c8e84734ab868ca!8m2!3d19.037853!4d73.01539!16s%2Fg%2F11t5jdl1sh!19sChIJtdoluJHD5zsRymi4SnOEjnw?authuser=0&hl=en&rclk=1 | E40: 4.6 | F40: -22 | G40: Doctor | H40: 20.A, 4, West | I40: +91 98202 59594 | J40: "Significant relief from | K40: ." | L40: =J40 & " " & K40 -> "Significant relief from ."
A41: https://drsambhajipatil.com/ | B41: Dr Sambhaji Patil | C41: Not Found | D41: https://www.google.com/maps/place/Dr+Sambhaji+Patil/data=!4m7!3m6!1s0x3be7c365162311a5:0xbde12e5eb31f42dd!8m2!3d19.0385757!4d73.0202885!16s%2Fg%2F11nfw46299!19sChIJpREjFmXD5zsR3UIfs14u4b0?authuser=0&hl=en&rclk=1 | E41: 4.8 | F41: -174 | G41: Dermatologist | H41: F2 , Second Floor, Devdarshan Apartment, B 3/2, Aadi Shankracharya Marg, above VIP Showroom | I41: +91 85914 20077 | J41: " | K41: was painless and well explained." | L41: =J41 & " " & K41 -> " was painless and well explained."
A42: http://drsangani.in/ | B42: Dr Sangani Diagnostic Centre | C42: Not Found | D42: https://www.google.com/maps/place/Dr+Sangani+Diagnostic+Centre/data=!4m7!3m6!1s0x3be7c3c151abb75d:0x8933c9d50912ed4b!8m2!3d19.0386897!4d73.0202252!16s%2Fg%2F1tr7b8cy!19sChIJXberUcHD5zsRS-0SCdXJM4k?authuser=0&hl=en&rclk=1 | E42: 4.5 | F42: -83 | G42: Diagnostic center | H42: F2 / B2, First Floor, Jagatguru Aadi Shankracharya Marg, above VIP Shop, opp. Taxi Stand | I42: +91 93230 65562 | L42: =J42 & " " & K42
A43: Not Found | B43: Dr Sangram Karandikar | C43: Not Found | D43: https://www.google.com/maps/place/Dr+Sangram+Karandikar/data=!4m7!3m6!1s0x3be7c3bf00bcf087:0x94fd9b290aa28882!8m2!3d19.0269818!4d73.0199724!16s%2Fg%2F113hgr1v1!19sChIJh_C8AL_D5zsRgoiiCimb_ZQ?authuser=0&hl=en&rclk=1 | E43: 4.9 | F43: -170 | G43: Surgeon | H43: 1st Floor, 2, Amba Marg | I43: +91 90041 31975 | J43: On-site services | L43: =J43 & " " & K43 -> On-site services
A44: Not Found | B44: Dr Sonam's Skin Clinic | C44: Not Found | D44: https://www.google.com/maps/place/Dr+Sonam%27s+Skin+Clinic/data=!4m7!3m6!1s0x3be7c3c205a51029:0x1989c37affdb48bc!8m2!3d19.0362336!4d73.0125649!16s%2Fg%2F11n0899_r6!19sChIJKRClBcLD5zsRvEjb_3rDiRk?authuser=0&hl=en&rclk=1 | E44: 4.5 | F44: -31 | G44: Skin care clinic | H44: 1st floor, west, above Jinaam mall, next to Poonam Tower | I44: +91 70211 83353 | L44: =J44 & " " & K44
A45: https://drsureshadediabetologist.com/ | B45: Dr Suresh Ade | C45: https://www.instagram.com/drsureshadediabetologist | D45: https://www.google.com/maps/place/Dr+Suresh+Ade/data=!4m7!3m6!1s0x3be7c14b0b438087:0x8a4507f5b2b8135e!8m2!3d19.0418173!4d73.0193001!16s%2Fg%2F11c6pm6_m8!19sChIJh4BDC0vB5zsRXhO4svUHRYo?authuser=0&hl=en&rclk=1 | E45: 4.9 | F45: -330 | G45: Diabetologist | H45: Clinic No.22, Ayush Clinic, Saisthan CHS | J45: "Excellent service, professional care, and a friendly environment." | L45: =J45 & " " & K45 -> "Excellent service, professional care, and a friendly environment."
A46: Not Found | B46: Dr Swetha Shetty- Siddhant Clinic | C46: Not Found | D46: https://www.google.com/maps/place/Dr+Swetha+Shetty-+Siddhant+Clinic/data=!4m7!3m6!1s0x3be7c38d78f769df:0x38210c944e9febd3!8m2!3d19.0302055!4d73.0254726!16s%2Fg%2F11xvbdq04d!19sChIJ32n3eI3D5zsR0-ufTpQMITg?authuser=0&hl=en&rclk=1 | E46: 5 | F46: -31 | G46: Dental clinic | H46: Shop no 17, Lenyadri Cooperative Housing Society, Plot no 47/1 | J46: "I came painless & left for home post surgery painless." | L46: =J46 & " " & K46 -> "I came painless & left for home post surgery painless."
A47: https://www.apollohospitals.com/doctors/interventional-cardiologist/mumbai/dr-brajesh-kumar-kunwar | B47: Dr. Brajesh Kumar Kunwar - Best Interventional Cardiologist in Navi Mumbai | Apollo Hospitals | C47: Not Found | D47: https://www.google.com/maps/place/Dr.+Brajesh+Kumar+Kunwar+-+Best+Interventional+Cardiologist+in+Navi+Mumbai+%7C+Apollo+Hospitals/data=!4m7!3m6!1s0x3be7c3a055555515:0x3c3f37526a90656a!8m2!3d19.020638!4d73.0291831!16s%2Fg%2F11fz6v4bxx!19sChIJFVVVVaDD5zsRamWQalI3Pzw?authuser=0&hl=en&rclk=1 | E47: 4.9 | F47: -222 | G47: Medical clinic | H47: Apollo Hospitals, Parsik Hill Rd, off Uran Road | I47: +91 80 6297 2766 | J47: "Their timely decisions, expertise, and compassionate care saved my life." | L47: =J47 & " " & K47 -> "Their timely decisions, expertise, and compassionate care saved my life."
A48: https://divyashreeidclinic.com/ | B48: Dr. Divyashree Infectious Diseases & Vaccination Clinic in Nerul, Navi Mumbai | C48: https://www.instagram.com/divyashreeidclinic | D48: https://www.google.com/maps/place/Dr.+Divyashree+Infectious+Diseases+%26+Vaccination+Clinic+in+Nerul,+Navi+Mumbai/data=!4m7!3m6!1s0x3be7c37cc6529ced:0x7d955bb3f3d793cf!8m2!3d19.0237908!4d73.0227001!16s%2Fg%2F11z8symppq!19sChIJ7ZxSxnzD5zsRz5PX87NblX0?authuser=0&hl=en&rclk=1 | E48: 5 | F48: -18 | G48: Infectious disease physician | H48: Sankalp CHS, Shop No-22, Ground Floor, Safal Park | I48: +91 89763 94839 | J48: "The | K48: is clean, peaceful, and welcoming, with very polite staff." | L48: =J48 & " " & K48 -> "The is clean, peaceful, and welcoming, with very polite staff."
A49: https://drjainsdentalstudio.com/ | B49: Dr. Jain's Dental & Health Studio | C49: https://www.instagram.com/drjainsdentalstudio | D49: https://www.google.com/maps/place/Dr.+Jain%27s+Dental+%26+Health+Studio/data=!4m7!3m6!1s0x3be7c127bcb832fd:0xf0f9e04a5796e469!8m2!3d19.0956067!4d73.0073283!16s%2Fg%2F11d_9d67l2!19sChIJ_TK4vCfB5zsRaeSWV0rg-fA?authuser=0&hl=en&rclk=1 | E49: 4.8 | F49: -257 | G49: Dental clinic | H49: Shop No. 9 & 10, RAMCHANDRA NIWAS, 400709 | I49: +91 80970 40495 | J49: On-site services | L49: =J49 & " " & K49 -> On-site services
A50: https://www.drjanugades.com/ | B50: Dr. Janugade’s Ayurveda | C50: Not Found | D50: https://www.google.com/maps/place/Dr.+Janugade%E2%80%99s+Ayurveda/data=!4m7!3m6!1s0x3be7c12f3ddcfffb:0x5a4c2617fe33ba6a!8m2!3d19.0907804!4d73.0051462!16s%2Fg%2F1tgdm0j9!19sChIJ-__cPS_B5zsRaroz_hcmTFo?authuser=0&hl=en&rclk=1 | E50: 4.8 | F50: -238 | G50: Ayurvedic clinic | H50: Flat No 11, Siddharth Plot Number 183, opposite Blue Diamond Hotel | I50: +91 99303 06389 | J50: "The | K50: is clean, well-maintained, and the staff is always welcoming." | L50: =J50 & " " & K50 -> "The is clean, well-maintained, and the staff is always welcoming."
A51: https://www.drkalpeshmande.com/ | B51: Dr. Kalpesh Mande Ayurvedic & Physiotherapy Clinic | C51: Not Found | D51: https://www.google.com/maps/place/Dr.+Kalpesh+Mande+Ayurvedic+%26+Physiotherapy+Clinic/data=!4m7!3m6!1s0x3be7c1318fb00e69:0xf8bfe3bf2c3b161!8m2!3d19.0821344!4d72.9994654!16s%2Fg%2F11fzf4p481!19sChIJaQ6wjzHB5zsRYbHD8jv-iw8?authuser=0&hl=en&rclk=1 | E51: 4.9 | F51: -157 | G51: Medical clinic | H51: B2, First Floor, Rainbow Shop & Owners Association, F-Type Building, above Shiv Krupa Sweets, near Bikaner | I51: +91 70213 53437 | J51: "The | K51: is well-maintained, and the staff is very supportive." | L51: =J51 & " " & K51 -> "The is well-maintained, and the staff is very supportive."
A52: https://drmadhavimd.com/ | B52: Dr. Kshitij Thoke | C52: Not Found | D52: https://www.google.com/maps/place/Dr.+Kshitij+Thoke/data=!4m7!3m6!1s0x3be7c217f42b6fc7:0xa25bbaa26d3e13bb!8m2!3d19.0469748!4d73.0700633!16s%2Fg%2F11b7tyswsm!19sChIJx28r9BfC5zsRuxM-baK6W6I?authuser=0&hl=en&rclk=1 | E52: 4.2 | F52: -70 | G52: Orthopedic surgeon | H52: The Pacific, 1101 and 1102, Shilp Chowk | I52: +91 98203 28487 | J52: "The | K52: and their staff are extremely friendly and professional." | L52: =J52 & " " & K52 -> "The and their staff are extremely friendly and professional."
A53: Not Found | B53: Dr. Marwa Deshmukh | MD Dermatology & Venereal Diseases | Navi Mumbai | C53: https://www.instagram.com/bodysculptclinic | D53: https://www.google.com/maps/place/Dr.+Marwa+Deshmukh+%7C+MD+Dermatology+%26+Venereal+Diseases+%7C+Navi+Mumbai/data=!4m7!3m6!1s0x3be7c328737d0557:0xb9b90db7c42db6b8!8m2!3d19.0365552!4d73.0222877!16s%2Fg%2F11n541zw8k!19sChIJVwV9cyjD5zsRuLYtxLcNubk?authuser=0&hl=en&rclk=1 | E53: 5 | F53: -34 | G53: Dermatologist | H53: NL-4/1/3, opp. Shivaji Statue | I53: +91 80976 34572 | J53: "The | K53: provided was excellent and effective." | L53: =J53 & " " & K53 -> "The provided was excellent and effective."
A54: https://www.bodysculptclinic.in/ | B54: 𝗗𝗿. 𝗡𝗲𝗲𝘁𝗮'𝘀 𝗕𝗼𝗱𝘆𝘀𝗰𝘂𝗹𝗽𝘁 𝗖𝗹𝗶𝗻𝗶𝗰 | C54: https://www.instagram.com/skinhanceclinic | D54: https://www.google.com/maps/place/%F0%9D%97%97%F0%9D%97%BF.+%F0%9D%97%A1%F0%9D%97%B2%F0%9D%97%B2%F0%9D%98%81%F0%9D%97%AE%27%F0%9D%98%80+%F0%9D%97%95%F0%9D%97%BC%F0%9D%97%B1%F0%9D%98%86%F0%9D%98%80%F0%9D%97%B0%F0%9D%98%82%F0%9D%97%B9%F0%9D%97%BD%F0%9D%98%81+%F0%9D%97%96%F0%9D%97%B9%F0%9D%97%B6%F0%9D%97%BB%F0%9D%97%B6%F0%9D%97%B0/data=!4m7!3m6!1s0x3be7c31cd23bd707:0x95821035fd6ae1a8!8m2!3d19.0386174!4d73.0202805!16s%2Fg%2F11hzc8vzbk!19sChIJB9c70hzD5zsRqOFq_TUQgpU?authuser=0&hl=en&rclk=1 | E54: 4.7 | F54: -108 | G54: Dietitian | H54: Second Floor, B3 F2, Jagatguru Aadi Shankracharya Marg, above VIP Showroom | I54: +91 93729 22067 | L54: =J54 & " " & K54
A55: https://skinhance.co.in/ | B55: Dr. Neetu | C55: Not Found | D55: https://www.google.com/maps/place/Dr.+Neetu/data=!4m7!3m6!1s0x3be7c135f8a410e1:0xbefef6095a5f19be!8m2!3d19.0725692!4d72.9982326!16s%2Fg%2F11c31vp84v!19sChIJ4RCk-DXB5zsRvhlfWgn2_r4?authuser=0&hl=en&rclk=1 | E55: 4.4 | F55: -158 | G55: Dermatologist | H55: Office no 8, 3rd floor, Shanti Center Building, near Navratna Hotel | L55: =J55 & " " & K55
A56: Not Found | B56: DR. PARVEZ UMAR KHAN, ROSHAN UMAR CLINIC,Family Phsician (M.B.B.S)Nerul,Navi Mumbai | C56: Not Found | D56: https://www.google.com/maps/place/DR.+PARVEZ+UMAR+KHAN,+ROSHAN+UMAR+CLINIC,Family+Phsician+%28M.B.B.S%29Nerul,Navi+Mumbai/data=!4m7!3m6!1s0x3be7c36ec80371df:0x5fed2ab38de5bd89!8m2!3d19.0284367!4d73.0181821!16s%2Fg%2F11s2k6tmd9!19sChIJ33EDyG7D5zsRib3ljbMq7V8?authuser=0&hl=en&rclk=1 | E56: 5 | F56: -98 | G56: Medical clinic | H56: SHOP NO. 27 MARY LAND CHS PLOT No. A-7,SECTOR-23,DARAVE,NERUL(E),NAVI MUMBAI PIN- 4000706, NERUL EAST | I56: +91 98218 22843 | J56: "The services that I receive from Dr is excellent." | L56: =J56 & " " & K56 -> "The services that I receive from Dr is excellent."
A57: http://www.svdayurved.com/ | B57: Dr. Pratik M. Patil's, Shree Vishwa Dhanvantari Ayurved Chikitsalaya | C57: Not Found | D57: https://www.google.com/maps/place/Dr.+Pratik+M.+Patil%27s,+Shree+Vishwa+Dhanvantari+Ayurved+Chikitsalaya/data=!4m7!3m6!1s0x3be7c3bc3bf6a9ef:0xe985479b3c896555!8m2!3d19.0302183!4d73.0225182!16s%2Fg%2F1tj29gpf!19sChIJ76n2O7zD5zsRVWWJPJtHhek?authuser=0&hl=en&rclk=1 | E57: 4.9 | F57: -101 | G57: Medical clinic | H57: Plot No. 16, Shree Vishwa Dhanvantari Ayurved Chikitsalaya, Flat No. 02, Sai Prem CHS, near Excel Pathology Lab | I57: +91 97622 24740 | J57: On-site services | L57: =J57 & " " & K57 -> On-site services
A58: https://www.apollohospitals.com/doctors/medical-oncologist/mumbai/dr-salil-vijay-patkar | B58: Dr. Salil Vijay Patkar - Best Medical Oncologist in Navi Mumbai | Apollo Hospital Navi Mumbai | C58: Not Found | D58: https://www.google.com/maps/place/Dr.+Salil+Vijay+Patkar+-+Best+Medical+Oncologist+in+Navi+Mumbai+%7C+Apollo+Hospital+Navi+Mumbai/data=!4m7!3m6!1s0x3be7c3b0e19e8f69:0xfc48289fde73f93d!8m2!3d19.0231511!4d73.0314235!16s%2Fg%2F11ft5v48j1!19sChIJaY-e4bDD5zsRPflz3p8oSPw?authuser=0&hl=en&rclk=1 | E58: 4.7 | F58: -102 | G58: Oncologist | H58: Apollo Hospitals, Plot # 13, Parsik Hill Rd, off Uran Road, opp. Nerul Wonders Park | I58: +91 80 6297 2766 | J58: "In 24 hours I saw changes, 2% improvement in my symptoms." | L58: =J58 & " " & K58 -> "In 24 hours I saw changes, 2% improvement in my symptoms."
A59: Not Found | B59: Dr. Salman's Healthcare clinic | C59: Not Found | D59: https://www.google.com/maps/place/Dr.+Salman%27s+Healthcare+clinic/data=!4m7!3m6!1s0x3be7c3e97713dd7f:0x3e624dd525be13e9!8m2!3d19.034756!4d73.01564!16s%2Fg%2F11rmx06x2j!19sChIJf90Td-nD5zsR6RO-JdVNYj4?authuser=0&hl=en&rclk=1 | E59: 4.8 | F59: -41 | G59: Medical clinic | H59: House No. 17,Shop, no. 02, Gaon (West | I59: +91 87073 40438 | J59: "All the staff in the | K59: very supportive and helpful." | L59: =J59 & " " & K59 -> "All the staff in the very supportive and helpful."
A60: https://www.drsandeeprai.com/ | B60: Dr. Sandeep Rai, | C60: https://www.instagram.com/drsandeeprai | D60: https://www.google.com/maps/place/Dr.+Sandeep+Rai,/data=!4m7!3m6!1s0x3be7c3b76561a75f:0x780d31030d58d861!8m2!3d19.0231511!4d73.0314235!16s%2Fg%2F11j0v0lpr9!19sChIJX6dhZbfD5zsRYdhYDQMxDXg?authuser=0&hl=en&rclk=1 | E60: 4.9 | F60: -68 | G60: Medical clinic | H60: Apollo Hospital,, Parsik Hill Rd | J60: "The | K60: was thorough and effective—highly recommended!" | L60: =J60 & " " & K60 -> "The was thorough and effective—highly recommended!"
A61: https://www.drsanitamishra.com/ | B61: Dr. Sanita's Ananya Women's Clinic, Best Obstetrician & Gynaecologist in Seawoods, Navi Mumbai | Maternity | Abortion Clinic | C61: Not Found | D61: https://www.google.com/maps/place/Dr.+Sanita%27s+Ananya+Women%27s+Clinic,+Best+Obstetrician+%26+Gynaecologist+in+Seawoods,+Navi+Mumbai+%7C+Maternity+%7C+Abortion+Clinic/data=!4m7!3m6!1s0x3be7c3abdfdd49c3:0x90063f53beb57217!8m2!3d19.0119188!4d73.0234878!16s%2Fg%2F11rg6xnq__!19sChIJw0nd36vD5zsRF3K1vlM_BpA?authuser=0&hl=en&rclk=1 | E61: 5 | F61: -110 | G61: Women's health clinic | H61: Shop No. 8, Shree Om Sadguru CHS, Plot No. 122 | I61: +91 72086 44271 | J61: "Helped tackle my dandruff issue and could see considerable growth in hair." | L61: =J61 & " " & K61 -> "Helped tackle my dandruff issue and could see considerable growth in hair."
A62: https://www.drshalindubey.com/ | B62: Dr. Shalin Dubey, Robotic & Laparoscopic Surgeon | C62: https://www.instagram.com/drshalindubey | D62: https://www.google.com/maps/place/Dr.+Shalin+Dubey,+Robotic+%26+Laparoscopic+Surgeon/data=!4m7!3m6!1s0x3be7c3b75c7e461f:0xf4ccfaf00a176c3a!8m2!3d19.0237437!4d73.0277338!16s%2Fg%2F11gfdbl3_z!19sChIJH0Z-XLfD5zsROmwXCvD6zPQ?authuser=0&hl=en&rclk=1 | E62: 4.9 | F62: -352 | G62: Surgeon | H62: plot no 13, off Uran Road | I62: +91 99208 53204 | J62: "Only in 2 sessions, I feel much relieved and can see the difference." | L62: =J62 & " " & K62 -> "Only in 2 sessions, I feel much relieved and can see the difference."
A63: https://www.drshraddhapatil.com/ | B63: Dr. Shraddha Patil - PHYSIOTHERAPY CLINIC in Belapur, Navi Mumbai, Best Physiotherapist in Seawoods, Nerul, Navi Mumbai | C63: https://www.instagram.com/drshraddhapatil | D63: https://www.google.com/maps/place/Dr.+Shraddha+Patil+-+PHYSIOTHERAPY+CLINIC+in+Belapur,+Navi+Mumbai,+Best+Physiotherapist+in+Seawoods,+Nerul,+Navi+Mumbai/data=!4m7!3m6!1s0x3be7c326a9de510f:0xaaa49ab28cdc4da8!8m2!3d19.0302065!4d73.0429263!16s%2Fg%2F11rv8051gh!19sChIJD1HeqSbD5zsRqE3cjLKapKo?authuser=0&hl=en&rclk=1 | E63: 4.9 | F63: -111 | G63: Medical clinic | H63: Shop No. 46/47, Arenja Complex | I63: +91 86001 42241 | J63: "He is truly blessed with excellent skills and clinical knowledge." | L63: =J63 & " " & K63 -> "He is truly blessed with excellent skills and clinical knowledge."
A64: https://www.drsbansal.com/ | B64: Dr. Sonal Bansal- Orthopedic Doctor - Nerul Navi Mumbai | C64: https://www.instagram.com/drsonalbansal | D64: https://www.google.com/maps/place/Dr.+Sonal+Bansal-+Orthopedic+Doctor+-+Nerul+Navi+Mumbai/data=!4m7!3m6!1s0x3be7c3c3ffffff97:0xd82ee1a7e3b2579!8m2!3d19.0274177!4d73.023155!16s%2Fg%2F11cmcyw79m!19sChIJl____8PD5zsReSU7fhrugg0?authuser=0&hl=en&rclk=1 | E64: 4.8 | F64: -317 | G64: Orthopedic clinic | H64: Shop No 1, Hem Prabat CHS Plot No. 72, opposite Shankaracharya Garden | I64: +91 70453 13773 | J64: "The | K64: really listens and creates a plan tailored to your needs." | L64: =J64 & " " & K64 -> "The really listens and creates a plan tailored to your needs."
A65: Not Found | B65: Dr. Vaidehi Kulkarni | C65: Not Found | D65: https://www.google.com/maps/place/Dr.+Vaidehi+Kulkarni/data=!4m7!3m6!1s0x3be7c3aad330f82d:0xe317bc62a35333a4!8m2!3d19.025588!4d73.0177972!16s%2Fg%2F11q96lk3n8!19sChIJLfgw06rD5zsRpDNTo2K8F-M?authuser=0&hl=en&rclk=1 | E65: 4.9 | F65: -28 | G65: Diabetologist | H65: Dmart, Shop no 2 pulin tower CHS, plot no 34, opposite to seawood | I65: +91 93216 55045 | J65: "Thanks to their care and guidance, my shoulder feels much better now." | L65: =J65 & " " & K65 -> "Thanks to their care and guidance, my shoulder feels much better now."
A66: Not Found | B66: Dr. Veeral Aliporewala | C66: Not Found | D66: https://www.google.com/maps/place/Dr.+Veeral+Aliporewala/data=!4m7!3m6!1s0x3be7c399471d2bc7:0xfcf2f07f1e421a6e!8m2!3d19.0135779!4d73.011015!16s%2Fg%2F11fp47mwrk!19sChIJxysdR5nD5zsRbhpCHn_w8vw?authuser=0&hl=en&rclk=1 | E66: 4.7 | F66: -50 | G66: Skin care clinic | H66: Shop No 3, Plot 61 BPCL OFFICER'S CHS, Sector 44-A | I66: +91 99303 59910 | J66: "The only drawback of this | K66: are the receptionists." | L66: =J66 & " " & K66 -> "The only drawback of this are the receptionists."
A67: http://entnavimumbai.in/ | B67: Dr. Waghela's ENT and Endoscopy Clinic | C67: Not Found | D67: https://www.google.com/maps/place/Dr.+Waghela%27s+ENT+and+Endoscopy+Clinic/data=!4m7!3m6!1s0x3be7c219f60ed645:0xc9edf24c3477faca!8m2!3d19.046816!4d73.069984!16s%2Fg%2F11f08yk6qr!19sChIJRdYO9hnC5zsRyvp3NEzy7ck?authuser=0&hl=en&rclk=1 | E67: 4.5 | F67: -138 | G67: Otolaryngologist | H67: Second floor, 208, Shilp Chowk, opp. Saanvi Children Hospital | I67: +91 90825 25060 | J67: "The | K67: is well-managed, and the staff is courteous." | L67: =J67 & " " & K67 -> "The is well-managed, and the staff is courteous."
A68: Not Found | B68: Dr.Chitra's BellaDerma | C68: Not Found | D68: https://www.google.com/maps/place/Dr.Chitra%27s+BellaDerma/data=!4m7!3m6!1s0x3be7c3f2fe429b63:0xfcbeea04dc4c9309!8m2!3d19.0297471!4d73.025239!16s%2Fg%2F11r_w828f0!19sChIJY5tC_vLD5zsRCZNM3ATqvvw?authuser=0&hl=en&rclk=1 | E68: 4.8 | F68: -512 | G68: Skin care clinic | H68: Shop no 14, Lenyadri Complex, Plot No. 47/1 2, opp. Madhavi CHS | I68: +91 85915 94849 | J68: "Highly skilled specialist." | L68: =J68 & " " & K68 -> "Highly skilled specialist."
A69: https://www.drgarjeayurved.com/ | B69: Dr.Garje Ayurved Clinic & Panchakarma Centre | C69: https://www.instagram.com/drgarjeayurved | D69: https://www.google.com/maps/place/Dr.Garje+Ayurved+Clinic+%26+Panchakarma+Centre/data=!4m7!3m6!1s0x3be7c3c1e2cd4725:0xe3749dd4caa1bd0a!8m2!3d19.0343512!4d73.0169596!16s%2Fg%2F1hc8421c4!19sChIJJUfN4sHD5zsRCr2hytSddOM?authuser=0&hl=en&rclk=1 | E69: 4.9 | F69: -455 | G69: Ayurvedic clinic | H69: A203, A-Wing, 2nd Floor Om Shivam Centre building , Sector20A, &, Railway Station Rd, above Akash Institute, near LIC of India office | I69: +91 86521 00501 | J69: "Dr. Nitin Tawte combines expertise and a willingness to listen and discuss." | L69: =J69 & " " & K69 -> "Dr. Nitin Tawte combines expertise and a willingness to listen and discuss."
A70: http://www.drkamleshgiri.com/ | B70: Dr.Kamlesh Giri ( Dr.Giri's Multispeciality Homeopathic Clinic ,Nerul Branch ) | C70: Not Found | D70: https://www.google.com/maps/place/Dr.Kamlesh+Giri+%28+Dr.Giri%27s+Multispeciality+Homeopathic+Clinic+,Nerul+Branch+%29/data=!4m7!3m6!1s0x3be7c3bf32a5c74b:0x93bad37407fa5af!8m2!3d19.027531!4d73.0226!16s%2Fg%2F11c74ymgxy!19sChIJS8elMr_D5zsRr6V_QDetOwk?authuser=0&hl=en&rclk=1 | E70: 4.8 | F70: -96 | G70: Medical clinic | H70: shop -5, 1st floor, Shivam Park, plot-25 | I70: +91 80805 41654 | J70: "Felt very relaxing in the 1st visit and | K70: and staff are very helpful." | L70: =J70 & " " & K70 -> "Felt very relaxing in the 1st visit and and staff are very helpful."
A71: https://www.drrahulorthocare.com/ | B71: Dr.Rahul Jagtap | Orthopedic Surgeon in Navi Mumbai | Platinum Ortho Clinic | C71: https://www.instagram.com/drrahulorthocare | D71: https://www.google.com/maps/place/Dr.Rahul+Jagtap+%7C+Orthopedic+Surgeon+in+Navi+Mumbai+%7C+Platinum+Ortho+Clinic/data=!4m7!3m6!1s0x3be7c3c0a358b65f:0x47129d144b2b87e7!8m2!3d19.0297274!4d73.0254862!16s%2Fg%2F11mlfzq0tt!19sChIJX7ZYo8DD5zsR54crSxSdEkc?authuser=0&hl=en&rclk=1 | E71: 5 | F71: -33 | G71: Orthopedic surgeon | H71: Shop No-7, Platinum Ortho Clinic Advanced Orthopedic, Xray & Pathology, Lenyadri-2 CHSL, Sector 19A Nerul Rd | I71: +91 97131 33555 | J71: "The | K71: was always clean and well-organized." | L71: =J71 & " " & K71 -> "The was always clean and well-organized."
A72: Not Found | B72: Dr.Shende Homoeopathic Clinic | C72: Not Found | D72: https://www.google.com/maps/place/Dr.Shende+Homoeopathic+Clinic/data=!4m7!3m6!1s0x3be7c3c232d64ab7:0x984a5ae1573b328a!8m2!3d19.0364007!4d73.0200049!16s%2Fg%2F11cmdfj53y!19sChIJt0rWMsLD5zsRijI7V-FaSpg?authuser=0&hl=en&rclk=1 | E72: 4.9 | F72: -41 | G72: Medical clinic | H72: NL 2 33 B 4, Sector 15 main station road Navi Mumbai | I72: +91 98198 25258 | J72: "The | K72: is clean, well-equipped, and punctual with appointments." | L72: =J72 & " " & K72 -> "The is clean, well-equipped, and punctual with appointments."
A73: https://dypatilhealthcare.com/ | B73: DY Patil Healthcare | C73: https://www.instagram.com/dypatilhealthcare | D73: https://www.google.com/maps/place/DY+Patil+Healthcare/data=!4m7!3m6!1s0x3be7c3db45555555:0xc0630db5ea0b5ed!8m2!3d19.0409427!4d73.0245966!16s%2Fg%2F11fnp9gd3f!19sChIJVVVVRdvD5zsR7bWgXtswBgw?authuser=0&hl=en&rclk=1 | E73: 4.7 | F73: -421 | G73: Private hospital | H73: D-wing, Ayyappa Temple Rd | I73: +91 22 2773 6901 | L73: =J73 & " " & K73
A74: https://www.echelonhospital.com/ | B74: Echelon Hospital | C74: https://www.instagram.com/echelonhospital | D74: https://www.google.com/maps/place/Echelon+Hospital/data=!4m7!3m6!1s0x3be7c0ce2ed4c9cf:0x6f5fc27430527124!8m2!3d19.1085005!4d73.0017709!16s%2Fg%2F1thk764z!19sChIJz8nULs7A5zsRJHFSMHTCX28?authuser=0&hl=en&rclk=1 | E74: 4.5 | F74: -1794 | G74: General hospital | H74: plot no 12/13, near Indian Oil Petrol Pump | I74: +91 89895 85050 | J74: "Way of doing things were professional and have been going for 4 years." | L74: =J74 & " " & K74 -> "Way of doing things were professional and have been going for 4 years."
A75: Not Found | B75: Family Care Clinic Nerul Navi Mumbai | C75: Not Found | D75: https://www.google.com/maps/place/Family+Care+Clinic+Nerul+Navi+Mumbai/data=!4m7!3m6!1s0x3be7c3c934900977:0x57d39a810a8d346!8m2!3d19.0396026!4d73.017636!16s%2Fg%2F11vm7jbkdb!19sChIJdwmQNMnD5zsRRtOoEKg5fQU?authuser=0&hl=en&rclk=1 | E75: 5 | F75: -9 | G75: Medical clinic | H75: e1/2, Vrindavan apartment, A-4, near Sai baba hotel | I75: +91 87793 87362 | L75: =J75 & " " & K75
A76: Not Found | B76: Family Health Clinic | C76: Not Found | D76: https://www.google.com/maps/place/Family+Health+Clinic/data=!4m7!3m6!1s0x3be7c3751b6a4f49:0x64c685205b2a7c4c!8m2!3d19.0311396!4d73.0268152!16s%2Fg%2F11t6n7_wh9!19sChIJSU9qG3XD5zsRTHwqWyCFxmQ?authuser=0&hl=en&rclk=1 | E76: 5 | F76: -71 | G76: Doctor | H76: Plot no.13, Shop No. 18, Bhima Shankar CHS Shopping Complex, Sector 19A Nerul Rd | I76: +91 91372 08535 | L76: =J76 & " " & K76
A77: Not Found | B77: Health Care Clinic | C77: Not Found | D77: https://www.google.com/maps/place/Health+Care+Clinic/data=!4m7!3m6!1s0x3be7c3bc27753c85:0x6cfb8c05c28a9fb3!8m2!3d19.0245599!4d73.0197486!16s%2Fg%2F1pp2txp0_!19sChIJhTx1J7zD5zsRs5-KwgWM-2w?authuser=0&hl=en&rclk=1 | E77: 4.4 | F77: -15 | G77: Medical clinic | H77: Siddhivinayak Building,Plot No.B-99,Shop No.2, Darave Rd | I77: +91 99200 84451 | J77: "I underwent several procedures, and the results were excellent." | L77: =J77 & " " & K77 -> "I underwent several procedures, and the results were excellent."
A78: https://hridayanavjeevanalaya.com/ | B78: Hridaya Navjeevanlaya Clinic | Dr Bhasker Semitha | CVTS Surgeon |Nerul East, Navi Mumbai | C78: https://www.instagram.com/hridayanavjeevanalaya | D78: https://www.google.com/maps/place/Hridaya+Navjeevanlaya+Clinic+%7C+Dr+Bhasker+Semitha+%7C+CVTS+Surgeon+%7CNerul+East,+Navi+Mumbai/data=!4m7!3m6!1s0x3be7c3fe31da7e97:0xbdfafc351fa089d4!8m2!3d19.0378034!4d73.0189377!16s%2Fg%2F11js9tf2pb!19sChIJl37aMf7D5zsR1ImgHzX8-r0?authuser=0&hl=en&rclk=1 | E78: 5 | F78: -1074 | G78: Cardiovascular and thoracic surgeon | H78: Shop No. 1, Laxcon Plaza, Plot No. 20–21, below Sai Asha Hospital, near Indian Bank | I78: +91 86550 73438 | J78: "The | K78: is clean, calming, and the staff is very professional." | L78: =J78 & " " & K78 -> "The is clean, calming, and the staff is very professional."
A79: https://ivoryphysiotherapy.in/ | B79: Ivory Physiotherapy Clinic Nerul Navi Mumbai | C79: https://www.instagram.com/ivoryphysiotherapy | D79: https://www.google.com/maps/place/Ivory+Physiotherapy+Clinic+Nerul+Navi+Mumbai/data=!4m7!3m6!1s0x3be7c357181be0f9:0x43273c8f83a0f300!8m2!3d19.0110622!4d73.013619!16s%2Fg%2F11t5dxshjk!19sChIJ-eAbGFfD5zsRAPOgg488J0M?authuser=0&hl=en&rclk=1 | E79: 4.9 | F79: -537 | G79: Medical clinic | H79: First Floor, NEELKANTH RESIDENCY, Office No, 1-6 | I79: +91 85911 26927 | J79: "The | K79: and staff are very friendly, positive and responsive." | L79: =J79 & " " & K79 -> "The and staff are very friendly, positive and responsive."
A80: Not Found | B80: Jalphama Clinic ( Dr. Bhanushali) | C80: Not Found | D80: https://www.google.com/maps/place/Jalphama+Clinic+%28+Dr.+Bhanushali%29/data=!4m7!3m6!1s0x3be7c3c7911986eb:0x74e823347d80b11d!8m2!3d19.031161!4d73.026728!16s%2Fg%2F1pv2l2tyb!19sChIJ64YZkcfD5zsRHbGAfTQj6HQ?authuser=0&hl=en&rclk=1 | E80: 5 | F80: -29 | G80: Medical clinic | H80: Shop No.10, Plot, 13, Annasaheb Urf Blvd Zhute Marg | I80: +91 93232 05179 | J80: "The staff made me feel comfortable throughout the visit." | L80: =J80 & " " & K80 -> "The staff made me feel comfortable throughout the visit."
A81: Not Found | B81: Kids Clinic | C81: Not Found | D81: https://www.google.com/maps/place/Kids+Clinic/data=!4m7!3m6!1s0x3be7c3bfc1f5506d:0x1f7ed60cc3af128!8m2!3d19.0240321!4d73.0178303!16s%2Fg%2F1pp2txs04!19sChIJbVD1wb_D5zsRKPE6zGDt9wE?authuser=0&hl=en&rclk=1 | E81: 4.9 | F81: -64 | G81: Medical clinic | H81: Siddhivinayak chs, near Aishwarya hotel, opposite Akash Ganga CHS | I81: +91 98191 12424 | J81: "The staff is professional, polite, and highly knowledgeable." | L81: =J81 & " " & K81 -> "The staff is professional, polite, and highly knowledgeable."
A82: https://navimumbai.kokilabenhospital.com/ | B82: Kokilaben Dhirubhai Ambani Hospital | C82: https://www.instagram.com/kokilabenhospital | D82: https://www.google.com/maps/place/Kokilaben+Dhirubhai+Ambani+Hospital/data=!4m7!3m6!1s0x3be7c0de93e7897b:0x8b1917237744e89b!8m2!3d19.1029024!4d73.012937!16s%2Fg%2F11f4l9rq3d!19sChIJe4nnk97A5zsRm-hEdyMXGYs?authuser=0&hl=en&rclk=1 | E82: 4.6 | F82: -9100 | G82: Hospital | H82: · | I82: +91 22 7197 9797 | J82: "He knowledge and skills are most refined." | L82: =J82 & " " & K82 -> "He knowledge and skills are most refined."
A83: http://lionshospital.co.in/ | B83: Lions Hospital | C83: Not Found | D83: https://www.google.com/maps/place/Lions+Hospital/data=!4m7!3m6!1s0x3be7c0d766c60807:0xdadd8c3a5ffb464a!8m2!3d19.1005881!4d73.0047438!16s%2Fg%2F1tf7qlnq!19sChIJBwjGZtfA5zsRSkb7XzqM3do?authuser=0&hl=en&rclk=1 | E83: 4.8 | F83: -4169 | G83: Hospital | H83: 101, Vashi Kopar Khairane Rd | I83: +91 83559 61073 | J83: "I would recommend her." | L83: =J83 & " " & K83 -> "I would recommend her."
A84: http://www.mahavirhospital.in.net/ | B84: Mahavir Maternity and Surgical Hospital | C84: Not Found | D84: https://www.google.com/maps/place/Mahavir+Maternity+and+Surgical+Hospital/data=!4m7!3m6!1s0x3be7c0d0b4206ef5:0xda6ec0849f1733af!8m2!3d19.100912!4d73.0108753!16s%2Fg%2F11b879xbw_!19sChIJ9W4gtNDA5zsRrzMXn4TAbto?authuser=0&hl=en&rclk=1 | E84: 4.8 | F84: -1118 | G84: Maternity hospital | H84: 1st Floor, Sai Vrindavan CHS, Railway Station, Plot No 33, Sector 9 Kopar Khairane Rd, opp. Balaji Movieplex, near Koparkhairne | I84: +91 96196 38464 | J84: "She is beauty with brains." | L84: =J84 & " " & K84 -> "She is beauty with brains."
A85: http://www.mgmhospitalvashi.net/ | B85: MGM New Bombay Hospital, Vashi | C85: Not Found | D85: https://www.google.com/maps/place/MGM+New+Bombay+Hospital,+Vashi/data=!4m7!3m6!1s0x3be7c6caa94cef59:0xd2977d80d17491e8!8m2!3d19.072693!4d72.9936479!16s%2Fg%2F1tgy_19j!19sChIJWe9MqcrG5zsR6JF00YB9l9I?authuser=0&hl=en&rclk=1 | E85: 4.4 | F85: -3488 | G85: General hospital | H85: Plot No.35 | I85: +91 1800 266 5456 | J85: "Even keeps prescribed tests to a minimal and what’s neeeded." | L85: =J85 & " " & K85 -> "Even keeps prescribed tests to a minimal and what’s neeeded."
A86: https://www.motherhoodindia.com/locations/mumbai/?utm_source=mhi&utm_medium=gmb&utm_campaign=mumbai | B86: Motherhood Hospital | C86: https://www.instagram.com/motherhoodhospital | D86: https://www.google.com/maps/place/Motherhood+Hospital/data=!4m7!3m6!1s0x3be7c3a93f6092e5:0x73fab948d50aaf4c!8m2!3d19.0357324!4d73.0632202!16s%2Fg%2F11f6ktmrz6!19sChIJ5ZJgP6nD5zsRTK8K1Ui5-nM?authuser=0&hl=en&rclk=1 | E86: 4.7 | F86: -5380 | G86: Maternity hospital | H86: Motherhood Hospital | I86: +91 84948 00094 | J86: "The | K86: are knowledgeable and explains everything in detail." | L86: =J86 & " " & K86 -> "The are knowledgeable and explains everything in detail."
A87: https://suranahospital.in/location/navi-mumbai/mpct | B87: MPCT Hospital | C87: Not Found | D87: https://www.google.com/maps/place/MPCT+Hospital/data=!4m7!3m6!1s0x3be7c15cb5740b23:0xe449834910676dda!8m2!3d19.0630462!4d73.0125691!16s%2Fg%2F11c0xnyl1q!19sChIJIwt0tVzB5zsR2m1nEEmDSeQ?authuser=0&hl=en&rclk=1 | E87: 4.3 | F87: -1293 | G87: Hospital | H87: C7, Budhyadev Mandir Marg | I87: +91 95136 31880 | L87: =J87 & " " & K87
A88: Not Found | B88: MUKTA HOMOEOPATHY CLINIC | C88: Not Found | D88: https://www.google.com/maps/place/MUKTA+HOMOEOPATHY+CLINIC/data=!4m7!3m6!1s0x3be7c3f9b096f1f3:0xbb597a59052a85e6!8m2!3d19.0375523!4d73.019036!16s%2Fg%2F11gj4l5s7_!19sChIJ8_GWsPnD5zsR5oUqBVl6Wbs?authuser=0&hl=en&rclk=1 | E88: 4.9 | F88: -35 | G88: Medical clinic | H88: Shop Number 10, Laxcon Plaza | L88: =J88 & " " & K88
A89: https://nerulpilescenter.com/ | B89: Nerul Piles Center | C89: Not Found | D89: https://www.google.com/maps/place/Nerul+Piles+Center/data=!4m7!3m6!1s0x3be7c3decb7b40fd:0xe36345355c40d88c!8m2!3d19.0441297!4d73.022612!16s%2Fg%2F11c3pwz5kd!19sChIJ_UB7y97D5zsRjNhAXDVFY-M?authuser=0&hl=en&rclk=1 | E89: 4.4 | F89: -27 | G89: Ayurvedic clinic | H89: Bldg No.2, Shivaji Chowk, Shop No.B-4, Sector No.1A, NL2 Rd, near shivaji chowk | I89: +91 77383 12284 | L89: =J89 & " " & K89
A90: https://newskinelixir.com/ | B90: New skin elixir Skin Clinic In Seawoods Navi Mumbai | C90: https://www.instagram.com/newskinelixir | D90: https://www.google.com/maps/place/New+skin+elixir+Skin+Clinic+In+Seawoods+Navi+Mumbai/data=!4m7!3m6!1s0x3be7c351bf1d0ca7:0xdab05449f4b8d65c!8m2!3d19.0125213!4d73.0229314!16s%2Fg%2F11tjlrz3yp!19sChIJpwwdv1HD5zsRXNa49ElUsNo?authuser=0&hl=en&rclk=1 | E90: 5 | F90: -190 | G90: Skin care clinic | H90: Shop No. 5 & 6, Ground Floor Sitai Vihar Co-operative Housing Society Ltd Plot no: 67 - A, Opp EV Homes Orion, Sector - 50, New Seawoods | I90: +91 91378 02933 | J90: "I highly recommend the dr." | L90: =J90 & " " & K90 -> "I highly recommend the dr."
A91: https://dromprakashj.getmy.clinic/ | B91: Nitai children's Clinic | C91: Not Found | D91: https://www.google.com/maps/place/Nitai+children%27s+Clinic/data=!4m7!3m6!1s0x3be7c3a3064edaff:0x573a3fef53967679!8m2!3d19.030229!4d73.0225636!16s%2Fg%2F11g0s844bj!19sChIJ_9pOBqPD5zsReXaWU-8_Olc?authuser=0&hl=en&rclk=1 | E91: 4.9 | F91: -286 | G91: Medical clinic | H91: Kamladevi birajdar marg, sai prem chs , plot number16, near excel lab | I91: +91 77100 77873 | J91: "The | K91: is incredibly kind, friendly, and knowledgeable." | L91: =J91 & " " & K91 -> "The is incredibly kind, friendly, and knowledgeable."
A92: Not Found | B92: Om Clinic | C92: Not Found | D92: https://www.google.com/maps/place/Om+Clinic/data=!4m7!3m6!1s0x3be7c1316a7f9e77:0xcab164d190041735!8m2!3d19.080912!4d73.0004416!16s%2Fg%2F11tx_y_c22!19sChIJd55_ajHB5zsRNRcEkNFksco?authuser=0&hl=en&rclk=1 | E92: 5 | F92: -1 | G92: Medical clinic | H92: Sector 15, Vashi, A8-1, Maratha Bhavan Marg, Juhu Nagar, Navi | I92: +91 76667 62557 | J92: "The staff and | K92: were incredibly professional and knowledgeable." | L92: =J92 & " " & K92 -> "The staff and were incredibly professional and knowledgeable."
A93: http://www.omphysiotherapy.com/ | B93: Om Physiotherapy Clinic | C93: https://www.instagram.com/omphysiotherapy | D93: https://www.google.com/maps/place/Om+Physiotherapy+Clinic/data=!4m7!3m6!1s0x3be7c3c0ae5bdad7:0x61938f5a6891e2c8!8m2!3d19.0304069!4d73.0223393!16s%2Fg%2F1thl3x03!19sChIJ19pbrsDD5zsRyOKRaFqPk2E?authuser=0&hl=en&rclk=1 | E93: 4.8 | F93: -459 | G93: Physical therapist | H93: Monil Cottage, Ring Rd 1 | I93: +91 70455 08488 | L93: =J93 & " " & K93
A94: https://oroface.in/ | B94: OroFace® Dental Clinic Seawoods, Navi Mumbai | C94: https://www.instagram.com/oroface.in | D94: https://www.google.com/maps/place/OroFace%C2%AE+Dental+Clinic+Seawoods,+Navi+Mumbai/data=!4m7!3m6!1s0x3be7c3972b48f493:0x6d4dce716f56f618!8m2!3d19.0196096!4d73.0115372!16s%2Fg%2F11c707x3bh!19sChIJk_RIK5fD5zsRGPZWb3HOTW0?authuser=0&hl=en&rclk=1 | E94: 4.9 | F94: -1394 | G94: Dental implants provider | H94: Infront of Ganesh Talav, Shop No. 2,3, H No.529, 6, Gosavi Kruhna Tandel Rd, near Madhusheth Tandel Maidan | I94: +91 89767 44432 | J94: "The | K94: was gentle and effective." | L94: =J94 & " " & K94 -> "The was gentle and effective."
A95: https://parasnathclinics.com/ | B95: Parasnath Speciality Clinics | Knee and Spine Clinic in Vashi, Navi Mumbai | C95: https://www.instagram.com/parasnathclinics | D95: https://www.google.com/maps/place/Parasnath+Speciality+Clinics+%7C+Knee+and+Spine+Clinic+in+Vashi,+Navi+Mumbai/data=!4m7!3m6!1s0x3be7c1dfafcc8b65:0xbaba3c2e67be05d4!8m2!3d19.0737122!4d72.9992978!16s%2Fg%2F11fk2mhxc4!19sChIJZYvMr9_B5zsR1AW-Zy48uro?authuser=0&hl=en&rclk=1 | E95: 4.8 | F95: -241 | G95: Ayurvedic clinic | H95: 2nd Floor, Mahavir tower, above golden punjab hotel | I95: +91 90824 00043 | J95: "The therapists exhibited a remarkable level of expertise and compassion." | L95: =J95 & " " & K95 -> "The therapists exhibited a remarkable level of expertise and compassion."
A96: Not Found | B96: Prana Shakti Clinic. Dr Ashwini Raval. Best Homeopathic Doctor in Navi Mumbai. | C96: Not Found | D96: https://www.google.com/maps/place/Prana+Shakti+Clinic.+Dr+Ashwini+Raval.+Best+Homeopathic+Doctor+in+Navi+Mumbai./data=!4m7!3m6!1s0x3be7c330780f4c7f:0xf778a5042230e637!8m2!3d19.041258!4d73.010146!16s%2Fg%2F11w3zyl_fm!19sChIJf0wPeDDD5zsRN-YwIgSlePc?authuser=0&hl=en&rclk=1 | E96: 4.8 | F96: -25 | G96: Doctor | H96: chs, Sector 6, Shyam Niwas, Shop no 2, Plot no. 222,223 | I96: +91 88502 24001 | J96: "It’s rare to find a | K96: who gives so much attention to patient concerns." | L96: =J96 & " " & K96 -> "It’s rare to find a who gives so much attention to patient concerns."
A97: https://www.restoreclinics.in/ | B97: Restore Aesthetic Clinic | C97: https://www.instagram.com/restoreclinics | D97: https://www.google.com/maps/place/Restore+Aesthetic+Clinic/data=!4m7!3m6!1s0x3be7c3c0b8bf2fc3:0x6a79483b3aa2c9fc!8m2!3d19.0310537!4d73.0217795!16s%2Fg%2F11ryd8kgq5!19sChIJwy-_uMDD5zsR_MmiOjtIeWo?authuser=0&hl=en&rclk=1 | E97: 4.9 | F97: -118 | G97: Plastic surgery clinic | H97: 4th Floor- Block no-401-Doctors House.Plot-101, Sector 21, Landmark:, behind D’Mart, behind DMart | I97: +91 86920 99967 | J97: "This | K97: and staff are professional and knowledgeable about hair." | L97: =J97 & " " & K97 -> "This and staff are professional and knowledgeable about hair."
A98: https://www.rivoskin.com/ | B98: Rivo Skin Care Clinic - Laser Hair Removal and Dermatologist in Seawoods, Navi Mumbai | C98: https://www.instagram.com/rivoskin | D98: https://www.google.com/maps/place/Rivo+Skin+Care+Clinic+-+Laser+Hair+Removal+and+Dermatologist+in+Seawoods,+Navi+Mumbai/data=!4m7!3m6!1s0x3be7c3994cdc5325:0x1a3416050ec0c003!8m2!3d19.0116659!4d73.0120266!16s%2Fg%2F11gd1_dbz9!19sChIJJVPcTJnD5zsRA8DADgUWNBo?authuser=0&hl=en&rclk=1 | E98: 4.7 | F98: -409 | G98: Dermatologist | H98: 12, Dhara Complex | I98: +91 88506 61962 | J98: "The advice given was practical, easy to understand, and very well explained." | L98: =J98 & " " & K98 -> "The advice given was practical, easy to understand, and very well explained."
A99: https://www.roselleskinclinic.com/ | B99: Roselle Skin Clinic | C99: https://www.instagram.com/roselleskinclinic | D99: https://www.google.com/maps/place/Roselle+Skin+Clinic/data=!4m7!3m6!1s0x3be7c3d3d69e366f:0xa86c4b8733e4ee99!8m2!3d19.037539!4d73.0189684!16s%2Fg%2F11yjn3xyt5!19sChIJbzae1tPD5zsRme7kM4dLbKg?authuser=0&hl=en&rclk=1 | E99: 5 | F99: -54 | G99: Skin care clinic | H99: SHOP GR-9, Laxcon Plaza, PL-20;21 | I99: +91 84509 59496 | J99: "Dr Omi knowledgeable and took the time to answer all my questions." | L99: =J99 & " " & K99 -> "Dr Omi knowledgeable and took the time to answer all my questions."
A100: https://www.sabkadentist.com/dental-clinics-in-navi-mumbai/nerul-east/ | B100: Sabka dentist | C100: https://www.instagram.com/sabkadentist | D100: https://www.google.com/maps/place/Sabka+dentist/data=!4m7!3m6!1s0x3be7c3b8d37805c7:0x6e90345cc2fba1c6!8m2!3d19.0246836!4d73.0216118!16s%2Fg%2F1q675glcp!19sChIJxwV407jD5zsRxqH7wlw0kG4?authuser=0&hl=en&rclk=1 | E100: 4.8 | F100: -2651 | G100: Dental clinic | H100: Shop - G-09K, Hawares Centurion Mall, behind Shop – Ground Floor, near Indian Bank & Federal Bank | I100: +91 82918 49572 | J100: On-site services | L100: =J100 & " " & K100 -> On-site services
...

Sheet Cleaned
A1: Website | B1: Clinic Names | C1: Instagram | D1: Google Maps | E1: Rating | F1: Reviews | G1: Specialization | H1: Location | I1: Contact | J1: Remarks | K1: Opportunity | L1: Category
A2: http://www.360homeocareclinic.com/ | B2: 360 HOMEO CARE CLINIC | C2: Not Found | D2: https://www.google.com/maps/place/360+HOMEO+CARE+CLINIC/data=!4m7!3m6!1s0x3be7c3bbdb4eb027:0x9e0cb6fa5c230ae6!8m2!3d19.0233747!4d73.0248128!16s%2Fg%2F11cmcb1kz9!19sChIJJ7BO27vD5zsR5gojXPq2DJ4?authuser=0&hl=en&rclk=1 | E2: 5 | F2: 152 | G2: Medical clinic | H2: Shop No. 3, Ganpati Complex, Plot No. 105 | K2: Medium | L2: Digital marketing
A3: https://naneshhospital.com/ | B3: Acharya Shri Nanesh Hospital | C3: https://www.instagram.com/naneshhospital | D3: https://www.google.com/maps/place/Acharya+Shri+Nanesh+Hospital/data=!4m7!3m6!1s0x3be7c23539fec13b:0xd98d02fabb970045!8m2!3d19.033325!4d73.041195!16s%2Fg%2F12cpldkhr!19sChIJO8H-OTXC5zsRRQCXu_oCjdk?authuser=0&hl=en&rclk=1 | E3: 4.7 | F3: 599 | G3: Private hospital | H3: Plot No 34-37 | I3: =+91 86930 84084 -> #ERROR! | K3: Low | L3: None
A4: https://drnevinaabraham.getmy.clinic/ | B4: Alpha Dental Clinic | C4: https://www.instagram.com/dr.nevin.abraham | D4: https://www.google.com/maps/place/Alpha+Dental+Clinic/data=!4m7!3m6!1s0x3be7c3bd7981ef7d:0x45908abf3f22a486!8m2!3d19.0202786!4d73.0173018!16s%2Fg%2F11gcmmc1lr!19sChIJfe-Beb3D5zsRhqQiP7-KkEU?authuser=0&hl=en&rclk=1 | E4: 5 | F4: 263 | G4: Dental clinic | H4: Shop No.11, Shreeji Seva CHS, Plot No.42 | K4: Low | L4: None
A5: Not Found | B5: Anand Clinic | C5: Not Found | D5: https://www.google.com/maps/place/Anand+Clinic/data=!4m7!3m6!1s0x3be7c3c303802b3d:0x286a0ce386758130!8m2!3d19.038677!4d73.0197082!16s%2Fg%2F11bw4jpygq!19sChIJPSuAA8PD5zsRMIF1huMMaig?authuser=0&hl=en&rclk=1 | E5: 5 | F5: 5 | G5: Medical clinic | H5: F-3, Jagatguru Aadi Shankracharya Marg | J5: "The plan was thorough and the results are visible." | K5: High | L5: Both
A6: Not Found | B6: Aniruddha Health Clinic | C6: Not Found | D6: https://www.google.com/maps/place/Aniruddha+Health+Clinic/data=!4m7!3m6!1s0x3be7c24cb71e71f9:0x2fdc4500545e765a!8m2!3d19.0246747!4d73.0410086!16s%2Fg%2F11tdl6tyx6!19sChIJ-XEet0zC5zsRWnZeVABF3C8?authuser=0&hl=en&rclk=1 | F6: nan | G6: Medical clinic | H6: Shop Number 69, Prabhat Centre 1st Floor Plot 7 Sector Number 1a C B D Belapur Navi Mumbai | I6: =+91 97696 95873 -> #ERROR! | J6: "The is clean, well-organized, and staff is friendly too." | K6: High | L6: Both
A7: https://www.apollohospitals.com/hospitals/apollo-hospitals-mumbai | B7: Apollo Hospital | C7: https://www.instagram.com/theapollohospitals | D7: https://www.google.com/maps/place/Apollo+Hospital,/data=!4m7!3m6!1s0x3be7c3903a3c9297:0xb858a25d34856005!8m2!3d19.0208646!4d73.0287337!16s%2Fg%2F11plkkvf08!19sChIJl5I8OpDD5zsRBWCFNF2iWLg?authuser=0&hl=en&rclk=1 | E7: 4.7 | F7: 28262 | G7: Hospital | H7: Plot no 13, Parsik Hill Rd, off Uran Road | I7: =+91 80 6297 2766 -> #ERROR! | J7: "A rare combination of expertise, compassion, and genuine care." | K7: Low | L7: None
A8: https://www.apollohospitals.com/ | B8: Apollo ProHealth - Navi Mumbai | C8: https://www.instagram.com/theapollohospitals | D8: https://www.google.com/maps/place/Apollo+ProHealth+-+Navi+Mumbai/data=!4m7!3m6!1s0x3be7c3d15044d7e7:0xbdebc5b46159df7a!8m2!3d19.020968!4d73.029081!16s%2Fg%2F11ltlczckh!19sChIJ59dEUNHD5zsRet9ZYbTF670?authuser=0&hl=en&rclk=1 | E8: 1 | F8: 1 | G8: Health consultant | H8: Plot 13, Parsik Hill Rd, off Uran Road, opp. Nerul Wonders Park | I8: =+91 80 6942 0449 -> #ERROR! | J8: "The Receptionist is also very professional and Cooperative." | K8: Low | L8: None
A9: Not Found | B9: Arihant Clinic | C9: Not Found | D9: https://www.google.com/maps/place/Arihant+Clinic/data=!4m7!3m6!1s0x3be7c3bf00b5c935:0x32e3708e152d2cd1!8m2!3d19.0269386!4d73.0201229!16s%2Fg%2F113gbxqjy!19sChIJNcm1AL_D5zsR0SwtFY5w4zI?authuser=0&hl=en&rclk=1 | E9: 4.5 | F9: 10 | G9: Doctor | H9: 1st floor, Plot No 312 | I9: =+91 90041 31975 -> #ERROR! | J9: "Great work by dr" | K9: High | L9: Both
A10: https://www.google.com/aclk?sa=L&ai=DChsSEwjEga3j5-OVAxXGmGYCHSv4L60YACICCAEQABoCc20&co=1&ase=2&gclid=CjwKCAjwsfzSBhB5EiwAOGyqSRqHv8zm3JQ3XITZthGBOX6tl3OqxVUzpxkmKhbFNu2bIerIQf8YMBoCjJMQAvD_BwE&cid=CAAS0wHkaI85O8JJUOylJovBAy-LsWBAB44HDW28jy4X8dGtznyF_isMrSlPwW7sTH5AFdWHT7fxlxZo_JZ0-6d05FV3UdOg7gTP9H3eq3-J7h57WxOX68PrRCxfZFz40lzb70RcGBZfSGcaC1qzUeYsEgxCxQLmuTV3pJINCQRr475x_d4uQwJcjuaNO5akBPEOITW66yCBp0LSyqnvTNALN2-xCkdS_BwF6aN1kh5bBX41yJnvQFFPt6DrUvyf0mC-C3VRKV9d4ElkUmbEsRbpbr2MUDXI&cce=2&category=acrcp_v1_32&sig=AOD64_2AXjq4v1QR-MsYwLJX71Qe77Pj0A&adurl&q&ctype=99&nis=6 | B10: ART Fertility Clinics | C10: https://www.instagram.com/artfertilityclinics | D10: https://www.google.com/maps/place/ART+Fertility+Clinics/data=!4m7!3m6!1s0x3be7c9f4dd2ad901:0x69a60861fe685c28!8m2!3d19.07118!4d72.87709!16s%2Fg%2F11q8y5nz8r!19sChIJAdkq3fTJ5zsRKFxo_mEIpmk?authuser=0&hl=en&rclk=1 | E10: 4.9 | F10: 580 | G10: Fertility clinic | H10: beside Tata Communications | I10: 084488 01362 | J10: "Helped me with my neck pain and I got instant relief after visiting her." | K10: Low | L10: None
A11: https://www.google.com/aclk?sa=L&ai=DChsSEwjY_q3l5-OVAxXQhWYCHQ6GN9gYACICCAEQCxoCc20&co=1&ase=2&gclid=CjwKCAjwsfzSBhB5EiwAOGyqSa8bJmiInQcnqhYOoPHpcSABmZNKk6Nx2iOESQr5MdFW614cV373-BoCQxYQAvD_BwE&cid=CAAS0wHkaODk9ymShb7Z04lLS_EqdAKOIqLvKgwP3mO86X-_OoEctsv_3FXuaO1jDMNEWv3ZsaacnGcrt3-Gk9imYYv-lk92yoUBAhtU8PsekzJBlAcZE8JTqhMW1Ri9Cl8dHX-gS3iC_vEu4pE8Qq8PN2F0G6O-BdR69zntuUt_QyuM0pZpzrowL4N7RY81oVfCfQwMZtlimOTZSr3hT68g3tlzJ1EG1uxxVNJ8VFlXM33Q9zVdiCzEtCisPeXeyNbjergk15jhHrFRWSXY4aUocK8OraEc&cce=2&category=acrcp_v1_32&sig=AOD64_02BkDFe0onG1zHICP9IauMYOumMw&adurl&q&ctype=99&nis=6 | B11: ART Fertility Clinics | C11: https://www.instagram.com/artfertilityclinics | D11: https://www.google.com/maps/place/ART+Fertility+Clinics/data=!4m7!3m6!1s0x3be7c9f4dd2ad901:0x69a60861fe685c28!8m2!3d19.07118!4d72.87709!16s%2Fg%2F11q8y5nz8r!19sChIJAdkq3fTJ5zsRKFxo_mEIpmk?authuser=0&hl=en&rclk=1 | E11: 4.9 | F11: 580 | G11: Fertility clinic | H11: beside Tata Communications | I11: 084488 01362 | J11: "The staff and are extremely nice, professional, and caring." | K11: Low | L11: None
A12: https://www.google.com/aclk?sa=L&ai=DChsSEwjEga3j5-OVAxXGmGYCHSv4L60YACICCAEQBRoCc20&co=1&ase=2&gclid=CjwKCAjwsfzSBhB5EiwAOGyqSTtAOGNHNSBEHIVnrWwP9gSl-fdjqI4VWBDSoXKHVxJLWLVFUHh5sRoCg9UQAvD_BwE&cid=CAAS0wHkaI85O8JJUOylJovBAy-LsWBAB44HDW28jy4X8dGtznyF_isMrSlPwW7sTH5AFdWHT7fxlxZo_JZ0-6d05FV3UdOg7gTP9H3eq3-J7h57WxOX68PrRCxfZFz40lzb70RcGBZfSGcaC1qzUeYsEgxCxQLmuTV3pJINCQRr475x_d4uQwJcjuaNO5akBPEOITW66yCBp0LSyqnvTNALN2-xCkdS_BwF6aN1kh5bBX41yJnvQFFPt6DrUvyf0mC-C3VRKV9d4ElkUmbEsRbpbr2MUDXI&cce=2&category=acrcp_v1_32&sig=AOD64_2VK-l2VpDixYtQZeT_BunAV-iMoA&adurl&q&ctype=99&nis=6 | B12: ASG Eye Hospital | Best Cataract, Lasik & Retina Centre - Vashi, Mumbai | C12: https://www.instagram.com/asgeyehospital | D12: https://www.google.com/maps/place/ASG+Eye+Hospital+%7C+Best+Cataract,+Lasik+%26+Retina+Centre+-+Vashi,+Mumbai/data=!4m7!3m6!1s0x3be7c1f454bd3783:0x9e0b8aaab5dc8756!8m2!3d19.070291!4d72.997918!16s%2Fg%2F11k3d0lph0!19sChIJgze9VPTB5zsRVofctaqKC54?authuser=0&hl=en&rclk=1 | E12: 4.9 | F12: 2924 | G12: Hospital | H12: Plot No 88 | I12: 0674 617 2480 | K12: Low | L12: None
A13: http://aguramrit.org/ | B13: Ayuramrit Ayurved Clinic | C13: Not Found | D13: https://www.google.com/maps/place/Ayuramrit+Ayurved+Clinic/data=!4m7!3m6!1s0x3be7c219996deae3:0xbb9a097635c277e4!8m2!3d19.048221!4d73.0689048!16s%2Fg%2F11c0xvb29b!19sChIJ4-ptmRnC5zsR5HfCNXYJmrs?authuser=0&hl=en&rclk=1 | E13: 4.9 | F13: 100 | G13: Alternative medicine practitioner | H13: Shop No 66/67, Chaturbhuj CHS, Shilp Chowk | I13: =+91 76668 05588 -> #ERROR! | J13: "Both the are very polite and knowledgeable." | K13: Medium | L13: Digital marketing
A14: Not Found | B14: Ayush Clinic | C14: Not Found | D14: https://www.google.com/maps/place/Ayush+Clinic/data=!4m7!3m6!1s0x3be7c3ea25555555:0x639edf4685ce5535!8m2!3d19.0341284!4d73.0146921!16s%2Fg%2F11srv8y1lx!19sChIJVVVVJerD5zsRNVXOhUbfnmM?authuser=0&hl=en&rclk=1 | E14: 1 | F14: 1 | G14: Medical clinic | H14: Sector 20, Nerul, Sion, Number 5 Plot Number, B 49, Nerul East, Navi | I14: =+91 99672 63283 -> #ERROR! | J14: "His in depth knowledge has helped me a lot." | K14: High | L14: Both
A15: https://www.ayushakti.com/ | B15: Ayushakti Ayurved Health Centre | Panchakarma Clinic in Navi Mumbai | C15: https://www.instagram.com/ayushakti | D15: https://www.google.com/maps/place/Ayushakti+Ayurved+Health+Centre+%7C+Panchakarma+Clinic+in+Navi+Mumbai/data=!4m7!3m6!1s0x3be7c3ab786a6a1f:0x4294e10b00f08572!8m2!3d19.0367236!4d73.0643284!16s%2Fg%2F11g_v6hfzy!19sChIJH2pqeKvD5zsRcoXwAAvhlEI?authuser=0&hl=en&rclk=1 | E15: 4.9 | F15: 274 | G15: Ayurvedic clinic | H15: h.s, shops, Mahavir Shraddha c, Plot no 11-B, opp. Kendriya Vihar Metro Station Road | I15: =+91 86578 62385 -> #ERROR! | J15: "The treatments have made a noticeable difference in my skin and hair health." | K15: Low | L15: None
A16: https://www.bcaclinicindia.com/ | B16: BCA CLINIC NAVI MUMBAI by Deepali Banerjee | C16: https://www.instagram.com/bcaclinicindia | D16: https://www.google.com/maps/place/BCA+CLINIC+NAVI+MUMBAI+by+Deepali+Banerjee/data=!4m7!3m6!1s0x3be7c1f3065cab8d:0x6bfadc5f2fe74d8b!8m2!3d19.053278!4d73.0070932!16s%2Fg%2F11zjvpwdcc!19sChIJjatcBvPB5zsRi03nL1_c-ms?authuser=0&hl=en&rclk=1 | F16: nan | G16: Skin care clinic | H16: PLOT NO.- 88, 18, Palm Beach Rd | J16: "⭐⭐⭐⭐⭐ Dr. FM Chogle is very friendly and highly experienced." | K16: Low | L16: None
A17: http://www.drsupriyaskinandhairclinic.com/ | B17: Be You Aesthetics Clinic- Ayurvedic doctor | C17: Not Found | D17: https://www.google.com/maps/place/Be+You+Aesthetics+Clinic-+Ayurvedic+doctor/data=!4m7!3m6!1s0x3be7c3a6d49e90cb:0x353b6db365b25829!8m2!3d19.0262789!4d73.0427916!16s%2Fg%2F11vq9n9ls0!19sChIJy5Ce1KbD5zsRKViyZbNtOzU?authuser=0&hl=en&rclk=1 | E17: 4.9 | F17: 16 | G17: Skin care clinic | H17: ground floor, Sector 4, Neelkanth Apartments, C-5/8/0:4, beside Akshar investment services | I17: =+91 87796 00322 -> #ERROR! | J17: "The staff is friendly and the is clean and well-equipped" | K17: Medium | L17: Digital marketing
A18: https://www.centreforsight.net/eye-hospitals-in-india/mumbai/navi-mumbai?utm_source=GMB&utm_medium=Local+Pack&utm_campaign=GMB_Navi_Mumbai_Mumbai | B18: Centre For Sight | Nerul | Navi Mumbai | C18: https://www.instagram.com/centreforsightindia | D18: https://www.google.com/maps/place/Centre+For+Sight+%7C+Nerul+%7C+Navi+Mumbai/data=!4m7!3m6!1s0x3be7c3c6b1555555:0x7a370656617c2e06!8m2!3d19.0238561!4d73.021885!16s%2Fg%2F1ptwt1mns!19sChIJVVVVscbD5zsRBi58YVYGN3o?authuser=0&hl=en&rclk=1 | E18: 4.9 | F18: 1690 | G18: Eye care center | H18: at Shivam Eye Foundation, Plot no. 14, beside Bihar Bhavan, behind HP Petrol Pump | I18: =+91 80 6542 3838 -> #ERROR! | J18: "The and staff communicate well with patients." | K18: Low | L18: None
A19: https://www.cloudninecare.com/centre/vashi?utm_city=mumbai&utm_source=gmb&utm_medium=organic&utm_campaign=mumbai+vashi+c9-hospital-gmb-website+c9-hospital-vashi&utm_content=website-button | B19: Cloudnine Hospital - Vashi | Maternity & Pregnancy Centre | C19: https://www.instagram.com/cloudninecare | D19: https://www.google.com/maps/place/Cloudnine+Hospital+-+Vashi+%7C+Maternity+%26+Pregnancy+Centre/data=!4m7!3m6!1s0x3be7c15eab21a345:0x7a38770bca94d1c0!8m2!3d19.0852316!4d73.007675!16s%2Fg%2F11f0_gktyv!19sChIJRaMhq17B5zsRwNGUygt3OHo?authuser=0&hl=en&rclk=1 | E19: 4.7 | F19: 3862 | G19: Maternity hospital | H19: · | I19: =+91 99728 99728 -> #ERROR! | J19: "Procedure was thoroughly explained and post operative care was meticulous." | K19: Low | L19: None
A20: https://clovedental.in/dentist-near-me/navi-mumbai/sector-8nerulnavi-mumbai?utm_source=website&utm_medium=gmb&utm_campaign=Sector_8_Nerul_Navi_Mumbai_GMB | B20: Clove Dental Clinic - Nerul Sector 8, Navi Mumbai | C20: https://www.instagram.com/clovedentalindia | D20: https://www.google.com/maps/place/Clove+Dental+Clinic+-+Nerul+Sector+8,+Navi+Mumbai/data=!4m7!3m6!1s0x3be7c38379107e29:0xa53fc15c83c872c2!8m2!3d19.040947!4d73.0148091!16s%2Fg%2F11y7tg53v2!19sChIJKX4QeYPD5zsRwnLIg1zBP6U?authuser=0&hl=en&rclk=1 | E20: 4.9 | F20: 99 | G20: Dental clinic | H20: Ground Floor, Aryan Hospital, near, Hanuman Mandir Rd | I20: =+91 11 6927 1067 -> #ERROR! | J20: "Best service Dr Sunayna is very nice and courteous." | K20: Low | L20: None
A21: http://www.kbcclinics.com/ | B21: Cosmetic & Hair Transplant Clinic | C21: https://www.instagram.com/kbcclinics | D21: https://www.google.com/maps/place/Cosmetic+%26+Hair+Transplant+Clinic/data=!4m7!3m6!1s0x3be7c91028e4cc13:0x228f3ccb6c59d7d7!8m2!3d19.0246875!4d73.0221875!16s%2Fg%2F11bzwrt9t_!19sChIJE8zkKBDJ5zsR19dZbMs8jyI?authuser=0&hl=en&rclk=1 | E21: 4.3 | F21: 175 | G21: Plastic surgery clinic | H21: 22FC+VVC Hawares Centurion Mall, S04C | J21: On-site services not available | K21: Low | L21: None
A22: https://dypatilhospitals.com/ | B22: D Y Patil Hospital | C22: https://www.instagram.com/dypatilhospital | D22: https://www.google.com/maps/place/D+Y+Patil+Hospital/data=!4m7!3m6!1s0x3be7c618a5555555:0xa446b85191e625c8!8m2!3d19.0411561!4d73.0246854!16s%2Fg%2F11csrv8x53!19sChIJVVVVpRjG5zsRyCXmkVG4RqQ?authuser=0&hl=en&rclk=1 | E22: 4.1 | F22: 3440 | G22: Hospital | H22: Ayyappa Temple Rd | I22: =+91 22 6517 5901 -> #ERROR! | J22: On-site services not available | K22: Low | L22: None
A23: http://dentalpulseclinic.com/ | B23: Dental Pulse Clinic | C23: Not Found | D23: https://www.google.com/maps/place/Dental+Pulse+Clinic/data=!4m7!3m6!1s0x3be7c3c0e2af0db3:0x5ae99b51c2d5444!8m2!3d19.0309791!4d73.0217513!16s%2Fg%2F11df80zt_8!19sChIJsw2v4sDD5zsRRFQtHLWZrgU?authuser=0&hl=en&rclk=1 | E23: 4.9 | F23: 147 | G23: Dental clinic | H23: 1st Floor, Doctor House, 102 E, near D-Mart Junction | I23: =+91 83692 40730 -> #ERROR! | J23: "Staff is supportive, rooms are clean, and was affordable." | K23: Medium | L23: Digital marketing
A24: Not Found | B24: Dermed Clinic | C24: Not Found | D24: https://www.google.com/maps/place/Dermed+Clinic/data=!4m7!3m6!1s0x3be7c397bee9aa87:0xed9c3ab75bb93e8c!8m2!3d19.0182874!4d73.0123738!16s%2Fg%2F11c5zxh3vr!19sChIJh6rpvpfD5zsRjD65W7c6nO0?authuser=0&hl=en&rclk=1 | E24: 4.2 | F24: 75 | G24: Doctor | H24: Plot No 15, W, Shop 5, 6 & 7 Chamunda Serene | I24: =+91 98926 82878 -> #ERROR! | J24: "Dr fees Also reasonable." | K24: High | L24: Both
A25: https://drashwathyharidas.com/ | B25: Dr Ashwathy Haridas | Kidney and Hypertension Clinic | Best Nephrologist In Navi Mumbai | C25: https://www.instagram.com/drashwathyharidas | D25: https://www.google.com/maps/place/Dr+Ashwathy+Haridas+%7C+Kidney+and+Hypertension+Clinic+%7C+Best+Nephrologist+In+Navi+Mumbai/data=!4m7!3m6!1s0x3be7c3bed8600a5f:0x62b29724444747d8!8m2!3d19.0131344!4d73.012722!16s%2Fg%2F11s3zl3vxw!19sChIJXwpg2L7D5zsR2EdHRCSXsmI?authuser=0&hl=en&rclk=1 | E25: 5 | F25: 59 | G25: Nephrologist | H25: Shop No. 7, Ground floor, Dr Ashwathy's Kidney & Hypertension Clinic, The Signature, Plot Nr. 71, near HP Petrol Pump | I25: =+91 91366 24877 -> #ERROR! | J25: On-site services not available | K25: Low | L25: None
A26: https://clinics.drbatras.com/navi-mumbai/homeopathy-clinic-sector-21 | B26: Dr Batra’s Homeopathy Clinic | C26: https://www.instagram.com/drbatrashealthcare | D26: https://www.google.com/maps/place/Dr+Batra%E2%80%99s+Homeopathy+Clinic/data=!4m7!3m6!1s0x3be7c3c0c782483b:0xe0a102e770fe4288!8m2!3d19.0310537!4d73.0217795!16s%2Fg%2F12hr5cmft!19sChIJO0iCx8DD5zsRiEL-cOcCoeA?authuser=0&hl=en&rclk=1 | E26: 4.6 | F26: 1050 | G26: Homeopath | H26: 1st Floor, No 101 & 103, Plot No 101, near D Mart | I26: =+91 70450 06060 -> #ERROR! | J26: "Staff is friendly and understanding, is performed accurately." | K26: Low | L26: None
A27: Not Found | B27: Dr Chandan Saha MBBS Clinic | C27: Not Found | D27: https://www.google.com/maps/place/Dr+Chandan+Saha+MBBS+Clinic/data=!4m7!3m6!1s0x3be7c346e855170b:0x91ca99af8cacdbea!8m2!3d19.0401059!4d73.0176641!16s%2Fg%2F11c2qpjp0n!19sChIJCxdV6EbD5zsR6tusjK-ZypE?authuser=0&hl=en&rclk=1 | E27: 4.4 | F27: 36 | G27: General practitioner | H27: Shop Number E1 /1 C 4, next to Sai Baba Hotel | I27: =+91 98210 39426 -> #ERROR! | J27: "Diagnosis was on point and was very effective" | K27: High | L27: Both
A28: https://myheartclinics.com/index.php | B28: Dr Ghogare's | C28: https://www.instagram.com/myheartclinics | D28: https://www.google.com/maps/place/Dr+Ghogare%27s/data=!4m7!3m6!1s0x3be7c331998fcdeb:0xfd98877b283a9f5e!8m2!3d19.0250148!4d73.0223871!16s%2Fg%2F11h54x3yfp!19sChIJ682PmTHD5zsRXp86KHuHmP0?authuser=0&hl=en&rclk=1 | E28: 4.7 | F28: 41 | G28: Medical clinic | H28: 1st Floor, Haware Centurion, F-2, near Seawoods Station Road | I28: =+91 90281 70123 -> #ERROR! | K28: Low | L28: None
A29: https://www.drjairajshospital.com/ | B29: Dr Jairajs Hospital | C29: Not Found | D29: https://www.google.com/maps/place/Dr+Jairajs+Hospital/data=!4m7!3m6!1s0x3be7c3ad73247343:0x7957b177cdfbb2a9!8m2!3d19.0252216!4d73.041946!16s%2Fg%2F1tg_dh_c!19sChIJQ3Mkc63D5zsRqbL7zXexV3k?authuser=0&hl=en&rclk=1 | E29: 3.8 | F29: 82 | G29: Private hospital | H29: 2nd Floor, Om Chanakya Complex | I29: =+91 70450 11188 -> #ERROR! | J29: "The is clean and well - managed , Thank You for all care and support" | K29: Medium | L29: Digital marketing
A30: https://www.google.com/aclk?sa=L&ai=DChsSEwjY_q3l5-OVAxXQhWYCHQ6GN9gYACICCAEQAhoCc20&co=1&ase=2&gclid=CjwKCAjwsfzSBhB5EiwAOGyqScQrE05nG84DLc6zM3CT0ECLsZPDstKPGssFpOVH50_pSqQpix5jAhoChTMQAvD_BwE&cid=CAAS0wHkaODk9ymShb7Z04lLS_EqdAKOIqLvKgwP3mO86X-_OoEctsv_3FXuaO1jDMNEWv3ZsaacnGcrt3-Gk9imYYv-lk92yoUBAhtU8PsekzJBlAcZE8JTqhMW1Ri9Cl8dHX-gS3iC_vEu4pE8Qq8PN2F0G6O-BdR69zntuUt_QyuM0pZpzrowL4N7RY81oVfCfQwMZtlimOTZSr3hT68g3tlzJ1EG1uxxVNJ8VFlXM33Q9zVdiCzEtCisPeXeyNbjergk15jhHrFRWSXY4aUocK8OraEc&cce=2&category=acrcp_v1_32&sig=AOD64_2DBhIsv40g5AAZmcura5Ue0IhxNw&adurl&q&ctype=99&nis=6 | B30: Dr Karve's Dentech | C30: https://www.instagram.com/drbatrashealthcare | D30: https://www.google.com/maps/place/Dr+Karve%27s+Dentech/data=!4m7!3m6!1s0x3be7c7e6674bdb77:0x5a92f706cb9de866!8m2!3d19.118699!4d72.916476!16s%2Fg%2F11clyc21yl!19sChIJd9tLZ-bH5zsRZuidywb3klo?authuser=0&hl=en&rclk=1 | E30: 5 | F30: 471 | G30: Dental clinic | H30: besides akshardham temple | I30: 022 2570 4247 | J30: "It provided me a long-term relief." | K30: Low | L30: None
A31: https://onehealthclinicmumbai.com/ | B31: Dr Madhav Dawkore – Pulmonologist & Allergy Specialist Navi mumbai | C31: Not Found | D31: https://www.google.com/maps/place/Dr+Madhav+Dawkore+%E2%80%93+Pulmonologist+%26+Allergy+Specialist+Navi+mumbai/data=!4m7!3m6!1s0x3be7c38546bb6453:0x67973f0a6aee839d!8m2!3d19.0505159!4d73.0161525!16s%2Fg%2F11t2t_f_pd!19sChIJU2S7RoXD5zsRnYPuago_l2c?authuser=0&hl=en&rclk=1 | E31: 5 | F31: 255 | G31: Pulmonologist | H31: Vikram Plaza, Plot no 10 | I31: =+91 95941 97549 -> #ERROR! | J31: "The is friendly, and the office is clean." | K31: Medium | L31: Digital marketing
A32: https://www.drmaheshghogare.com/ | B32: Dr Mahesh Ghogare, BEST CARDIOLOGIST in Navi Mumbai, Interventional Cardiologist Navi Mumbai, TAVI / TAVR in Navi Mumbai | C32: Not Found | D32: https://www.google.com/maps/place/Dr+Mahesh+Ghogare,+BEST+CARDIOLOGIST+in+Navi+Mumbai,+Interventional+Cardiologist+Navi+Mumbai,+TAVI+%2F+TAVR+in+Navi+Mumbai/data=!4m7!3m6!1s0x3be7c142b0000001:0x9289e16f76d9552c!8m2!3d19.0246581!4d73.0222576!16s%2Fg%2F11hbdqx50v!19sChIJAQAAsELB5zsRLFXZdm_hiZI?authuser=0&hl=en&rclk=1 | E32: 4.9 | F32: 749 | G32: Cardiologist | H32: My Heart Clinics, F 02, First Floor, Haware's Centurion, near Seawoods Station | I32: =+91 90281 70123 -> #ERROR! | J32: "Dr. Harshad is really good at diagnosing the issue." | K32: Medium | L32: Digital marketing
A33: Not Found | B33: Dr Modak's Harmony Homoeopathic Clinic | C33: Not Found | D33: https://www.google.com/maps/place/Dr+Modak%27s+Harmony+Homoeopathic+Clinic/data=!4m7!3m6!1s0x3be7c371d7cc6ab3:0x54f5a88bb02c46cd!8m2!3d19.0227311!4d73.0211799!16s%2Fg%2F11ghpzk27l!19sChIJs2rM13HD5zsRzUYssIuo9VQ?authuser=0&hl=en&rclk=1 | E33: 4.9 | F33: 115 | G33: Medical clinic | H33: CHS, Shop 01B, opp. Millenium Park Garden | I33: =+91 98337 15477 -> #ERROR! | J33: "Good ." | K33: High | L33: Both
A34: https://arogyabhet.com/ | B34: Dr Nagarekar Atharva Ayurveda clinic | C34: https://www.instagram.com/arogyabhet | D34: https://www.google.com/maps/place/Dr+Nagarekar+Atharva+Ayurveda+clinic/data=!4m7!3m6!1s0x3be7c34e2ebae60b:0xf2affcd51305bbe6!8m2!3d19.0403047!4d73.0152992!16s%2Fg%2F11h08dmsz8!19sChIJC-a6Lk7D5zsR5rsFE9X8r_I?authuser=0&hl=en&rclk=1 | E34: 5 | F34: 44 | G34: Medical clinic | H34: Plot no. 29, 105, sector 10, near sarsole depot | I34: =+91 77770 70531 -> #ERROR! | J34: "I came in with severe pain, and I’m leaving with incredible results." | K34: Low | L34: None
A35: Not Found | B35: Dr Omkar Mate's Midas Clinic | C35: Not Found | D35: https://www.google.com/maps/place/Dr+Omkar+Mate%27s+Midas+Clinic/data=!4m7!3m6!1s0x3be7c385d4d7de89:0x65fcbd4711f70a25!8m2!3d19.0332773!4d73.0180734!16s%2Fg%2F11gmg60rsv!19sChIJid7X1IXD5zsRJQr3EUe9_GU?authuser=0&hl=en&rclk=1 | E35: 4.7 | F35: 3 | G35: Medical clinic | H35: Station Complex, E102, Mata Amritanandamayi Marg | I35: =+91 91673 59313 -> #ERROR! | J35: On-site services | K35: High | L35: Both
A36: Not Found | B36: Dr Pallavi Clinic | C36: Not Found | D36: https://www.google.com/maps/place/Dr+Pallavi+Clinic/data=!4m7!3m6!1s0x3be7c324c2fee1a7:0x955cfc8ff5ea8c55!8m2!3d19.0298618!4d73.0153222!16s%2Fg%2F11k434fxvp!19sChIJp-H-wiTD5zsRVYzq9Y_8XJU?authuser=0&hl=en&rclk=1 | E36: 5 | F36: 1 | G36: Medical clinic | H36: Terna Hospital, Plot No 12, Sector 22, opposite Nerul Railway Station | J36: "Clean , smooth consultation process, and a comfortable atmosphere." | K36: High | L36: Both
A37: https://www.drpoojabansal.com/ | B37: Dr Pooja Bansal | C37: https://www.instagram.com/drpoojabansal | D37: https://www.google.com/maps/place/Dr+Pooja+Bansal/data=!4m7!3m6!1s0x3be7c3c6b6dc9349:0x103422387181eb13!8m2!3d19.0274048!4d73.0231625!16s%2Fg%2F11hzxf985w!19sChIJSZPctsbD5zsRE-uBcTgiNBA?authuser=0&hl=en&rclk=1 | E37: 4.9 | F37: 757 | G37: Obstetrician-gynecologist | H37: · | I37: =+91 70453 13773 -> #ERROR! | J37: On-site services | K37: Low | L37: None
A38: Not Found | B38: Dr Rahul Bhatambre | C38: Not Found | D38: https://www.google.com/maps/place/Dr+Rahul+Bhatambre/data=!4m7!3m6!1s0x3be7c26a3fe726fb:0x9f05e057e93983a9!8m2!3d19.0334848!4d73.0655577!16s%2Fg%2F11c74_7fjp!19sChIJ-ybnP2rC5zsRqYM56VfgBZ8?authuser=0&hl=en&rclk=1 | E38: 4.8 | F38: 525 | G38: Psychiatrist | H38: Second Floor ,Shop No 6 and 7, Mansparsh Clinic, Hiranandani Crystal Plaza | I38: =+91 77382 05586 -> #ERROR! | K38: High | L38: Both
A39: https://drrajaeyecare.com/ | B39: Dr Raja | C39: https://www.instagram.com/drrajaeyecare | D39: https://www.google.com/maps/place/Dr+Raja/data=!4m7!3m6!1s0x3be7c717d4113341:0x5a2dbcad616792fc!8m2!3d19.0365259!4d73.017463!16s%2Fg%2F11fkhdl2g6!19sChIJQTMR1BfH5zsR_JJnYa28LVo?authuser=0&hl=en&rclk=1 | E39: 4.9 | F39: 590 | G39: Eye care center | H39: Office 2,3 1st floor, good will building, Station Road | I39: =+91 81044 41581 -> #ERROR! | J39: "Medical facilities are modern, and the staff is professional and supportive." | K39: Low | L39: None
A40: Not Found | B40: Dr Rajendra Patil.Clinic. | C40: Not Found | D40: https://www.google.com/maps/place/Dr+Rajendra+Patil.Clinic./data=!4m7!3m6!1s0x3be7c391b825dab5:0x7c8e84734ab868ca!8m2!3d19.037853!4d73.01539!16s%2Fg%2F11t5jdl1sh!19sChIJtdoluJHD5zsRymi4SnOEjnw?authuser=0&hl=en&rclk=1 | E40: 4.6 | F40: 22 | G40: Doctor | H40: 20.A, 4, West | I40: =+91 98202 59594 -> #ERROR! | J40: "Significant relief from ." | K40: High | L40: Both
A41: https://drsambhajipatil.com/ | B41: Dr Sambhaji Patil | C41: Not Found | D41: https://www.google.com/maps/place/Dr+Sambhaji+Patil/data=!4m7!3m6!1s0x3be7c365162311a5:0xbde12e5eb31f42dd!8m2!3d19.0385757!4d73.0202885!16s%2Fg%2F11nfw46299!19sChIJpREjFmXD5zsR3UIfs14u4b0?authuser=0&hl=en&rclk=1 | E41: 4.8 | F41: 174 | G41: Dermatologist | H41: F2 , Second Floor, Devdarshan Apartment, B 3/2, Aadi Shankracharya Marg, above VIP Showroom | I41: =+91 85914 20077 -> #ERROR! | J41: " was painless and well explained." | K41: Medium | L41: Digital marketing
A42: http://drsangani.in/ | B42: Dr Sangani Diagnostic Centre | C42: Not Found | D42: https://www.google.com/maps/place/Dr+Sangani+Diagnostic+Centre/data=!4m7!3m6!1s0x3be7c3c151abb75d:0x8933c9d50912ed4b!8m2!3d19.0386897!4d73.0202252!16s%2Fg%2F1tr7b8cy!19sChIJXberUcHD5zsRS-0SCdXJM4k?authuser=0&hl=en&rclk=1 | E42: 4.5 | F42: 83 | G42: Diagnostic center | H42: F2 / B2, First Floor, Jagatguru Aadi Shankracharya Marg, above VIP Shop, opp. Taxi Stand | I42: =+91 93230 65562 -> #ERROR! | K42: Medium | L42: Digital marketing
A43: Not Found | B43: Dr Sangram Karandikar | C43: Not Found | D43: https://www.google.com/maps/place/Dr+Sangram+Karandikar/data=!4m7!3m6!1s0x3be7c3bf00bcf087:0x94fd9b290aa28882!8m2!3d19.0269818!4d73.0199724!16s%2Fg%2F113hgr1v1!19sChIJh_C8AL_D5zsRgoiiCimb_ZQ?authuser=0&hl=en&rclk=1 | E43: 4.9 | F43: 170 | G43: Surgeon | H43: 1st Floor, 2, Amba Marg | I43: =+91 90041 31975 -> #ERROR! | J43: On-site services | K43: High | L43: Both
A44: Not Found | B44: Dr Sonam's Skin Clinic | C44: Not Found | D44: https://www.google.com/maps/place/Dr+Sonam%27s+Skin+Clinic/data=!4m7!3m6!1s0x3be7c3c205a51029:0x1989c37affdb48bc!8m2!3d19.0362336!4d73.0125649!16s%2Fg%2F11n0899_r6!19sChIJKRClBcLD5zsRvEjb_3rDiRk?authuser=0&hl=en&rclk=1 | E44: 4.5 | F44: 31 | G44: Skin care clinic | H44: 1st floor, west, above Jinaam mall, next to Poonam Tower | I44: =+91 70211 83353 -> #ERROR! | K44: High | L44: Both
A45: https://drsureshadediabetologist.com/ | B45: Dr Suresh Ade | C45: https://www.instagram.com/drsureshadediabetologist | D45: https://www.google.com/maps/place/Dr+Suresh+Ade/data=!4m7!3m6!1s0x3be7c14b0b438087:0x8a4507f5b2b8135e!8m2!3d19.0418173!4d73.0193001!16s%2Fg%2F11c6pm6_m8!19sChIJh4BDC0vB5zsRXhO4svUHRYo?authuser=0&hl=en&rclk=1 | E45: 4.9 | F45: 330 | G45: Diabetologist | H45: Clinic No.22, Ayush Clinic, Saisthan CHS | J45: "Excellent service, professional care, and a friendly environment." | K45: Low | L45: None
A46: Not Found | B46: Dr Swetha Shetty- Siddhant Clinic | C46: Not Found | D46: https://www.google.com/maps/place/Dr+Swetha+Shetty-+Siddhant+Clinic/data=!4m7!3m6!1s0x3be7c38d78f769df:0x38210c944e9febd3!8m2!3d19.0302055!4d73.0254726!16s%2Fg%2F11xvbdq04d!19sChIJ32n3eI3D5zsR0-ufTpQMITg?authuser=0&hl=en&rclk=1 | E46: 5 | F46: 31 | G46: Dental clinic | H46: Shop no 17, Lenyadri Cooperative Housing Society, Plot no 47/1 | J46: "I came painless & left for home post surgery painless." | K46: High | L46: Both
A47: https://www.apollohospitals.com/doctors/interventional-cardiologist/mumbai/dr-brajesh-kumar-kunwar | B47: Dr. Brajesh Kumar Kunwar - Best Interventional Cardiologist in Navi Mumbai | Apollo Hospitals | C47: Not Found | D47: https://www.google.com/maps/place/Dr.+Brajesh+Kumar+Kunwar+-+Best+Interventional+Cardiologist+in+Navi+Mumbai+%7C+Apollo+Hospitals/data=!4m7!3m6!1s0x3be7c3a055555515:0x3c3f37526a90656a!8m2!3d19.020638!4d73.0291831!16s%2Fg%2F11fz6v4bxx!19sChIJFVVVVaDD5zsRamWQalI3Pzw?authuser=0&hl=en&rclk=1 | E47: 4.9 | F47: 222 | G47: Medical clinic | H47: Apollo Hospitals, Parsik Hill Rd, off Uran Road | I47: =+91 80 6297 2766 -> #ERROR! | J47: "Their timely decisions, expertise, and compassionate care saved my life." | K47: Medium | L47: Digital marketing
A48: https://divyashreeidclinic.com/ | B48: Dr. Divyashree Infectious Diseases & Vaccination Clinic in Nerul, Navi Mumbai | C48: https://www.instagram.com/divyashreeidclinic | D48: https://www.google.com/maps/place/Dr.+Divyashree+Infectious+Diseases+%26+Vaccination+Clinic+in+Nerul,+Navi+Mumbai/data=!4m7!3m6!1s0x3be7c37cc6529ced:0x7d955bb3f3d793cf!8m2!3d19.0237908!4d73.0227001!16s%2Fg%2F11z8symppq!19sChIJ7ZxSxnzD5zsRz5PX87NblX0?authuser=0&hl=en&rclk=1 | E48: 5 | F48: 18 | G48: Infectious disease physician | H48: Sankalp CHS, Shop No-22, Ground Floor, Safal Park | I48: =+91 89763 94839 -> #ERROR! | J48: "The is clean, peaceful, and welcoming, with very polite staff." | K48: Low | L48: None
A49: https://drjainsdentalstudio.com/ | B49: Dr. Jain's Dental & Health Studio | C49: https://www.instagram.com/drjainsdentalstudio | D49: https://www.google.com/maps/place/Dr.+Jain%27s+Dental+%26+Health+Studio/data=!4m7!3m6!1s0x3be7c127bcb832fd:0xf0f9e04a5796e469!8m2!3d19.0956067!4d73.0073283!16s%2Fg%2F11d_9d67l2!19sChIJ_TK4vCfB5zsRaeSWV0rg-fA?authuser=0&hl=en&rclk=1 | E49: 4.8 | F49: 257 | G49: Dental clinic | H49: Shop No. 9 & 10, RAMCHANDRA NIWAS, 400709 | I49: =+91 80970 40495 -> #ERROR! | J49: On-site services | K49: Low | L49: None
A50: https://www.drjanugades.com/ | B50: Dr. Janugade’s Ayurveda | C50: Not Found | D50: https://www.google.com/maps/place/Dr.+Janugade%E2%80%99s+Ayurveda/data=!4m7!3m6!1s0x3be7c12f3ddcfffb:0x5a4c2617fe33ba6a!8m2!3d19.0907804!4d73.0051462!16s%2Fg%2F1tgdm0j9!19sChIJ-__cPS_B5zsRaroz_hcmTFo?authuser=0&hl=en&rclk=1 | E50: 4.8 | F50: 238 | G50: Ayurvedic clinic | H50: Flat No 11, Siddharth Plot Number 183, opposite Blue Diamond Hotel | I50: =+91 99303 06389 -> #ERROR! | J50: "The is clean, well-maintained, and the staff is always welcoming." | K50: Medium | L50: Digital marketing
A51: https://www.drkalpeshmande.com/ | B51: Dr. Kalpesh Mande Ayurvedic & Physiotherapy Clinic | C51: Not Found | D51: https://www.google.com/maps/place/Dr.+Kalpesh+Mande+Ayurvedic+%26+Physiotherapy+Clinic/data=!4m7!3m6!1s0x3be7c1318fb00e69:0xf8bfe3bf2c3b161!8m2!3d19.0821344!4d72.9994654!16s%2Fg%2F11fzf4p481!19sChIJaQ6wjzHB5zsRYbHD8jv-iw8?authuser=0&hl=en&rclk=1 | E51: 4.9 | F51: 157 | G51: Medical clinic | H51: B2, First Floor, Rainbow Shop & Owners Association, F-Type Building, above Shiv Krupa Sweets, near Bikaner | I51: =+91 70213 53437 -> #ERROR! | J51: "The is well-maintained, and the staff is very supportive." | K51: Medium | L51: Digital marketing
A52: https://drmadhavimd.com/ | B52: Dr. Kshitij Thoke | C52: Not Found | D52: https://www.google.com/maps/place/Dr.+Kshitij+Thoke/data=!4m7!3m6!1s0x3be7c217f42b6fc7:0xa25bbaa26d3e13bb!8m2!3d19.0469748!4d73.0700633!16s%2Fg%2F11b7tyswsm!19sChIJx28r9BfC5zsRuxM-baK6W6I?authuser=0&hl=en&rclk=1 | E52: 4.2 | F52: 70 | G52: Orthopedic surgeon | H52: The Pacific, 1101 and 1102, Shilp Chowk | I52: =+91 98203 28487 -> #ERROR! | J52: "The and their staff are extremely friendly and professional." | K52: Medium | L52: Digital marketing
A53: Not Found | B53: Dr. Marwa Deshmukh | MD Dermatology & Venereal Diseases | Navi Mumbai | C53: https://www.instagram.com/bodysculptclinic | D53: https://www.google.com/maps/place/Dr.+Marwa+Deshmukh+%7C+MD+Dermatology+%26+Venereal+Diseases+%7C+Navi+Mumbai/data=!4m7!3m6!1s0x3be7c328737d0557:0xb9b90db7c42db6b8!8m2!3d19.0365552!4d73.0222877!16s%2Fg%2F11n541zw8k!19sChIJVwV9cyjD5zsRuLYtxLcNubk?authuser=0&hl=en&rclk=1 | E53: 5 | F53: 34 | G53: Dermatologist | H53: NL-4/1/3, opp. Shivaji Statue | I53: =+91 80976 34572 -> #ERROR! | J53: "The provided was excellent and effective." | K53: Medium | L53: Web development
A54: https://www.bodysculptclinic.in/ | B54: 𝗗𝗿. 𝗡𝗲𝗲𝘁𝗮'𝘀 𝗕𝗼𝗱𝘆𝘀𝗰𝘂𝗹𝗽𝘁 𝗖𝗹𝗶𝗻𝗶𝗰 | C54: https://www.instagram.com/skinhanceclinic | D54: https://www.google.com/maps/place/%F0%9D%97%97%F0%9D%97%BF.+%F0%9D%97%A1%F0%9D%97%B2%F0%9D%97%B2%F0%9D%98%81%F0%9D%97%AE%27%F0%9D%98%80+%F0%9D%97%95%F0%9D%97%BC%F0%9D%97%B1%F0%9D%98%86%F0%9D%98%80%F0%9D%97%B0%F0%9D%98%82%F0%9D%97%B9%F0%9D%97%BD%F0%9D%98%81+%F0%9D%97%96%F0%9D%97%B9%F0%9D%97%B6%F0%9D%97%BB%F0%9D%97%B6%F0%9D%97%B0/data=!4m7!3m6!1s0x3be7c31cd23bd707:0x95821035fd6ae1a8!8m2!3d19.0386174!4d73.0202805!16s%2Fg%2F11hzc8vzbk!19sChIJB9c70hzD5zsRqOFq_TUQgpU?authuser=0&hl=en&rclk=1 | E54: 4.7 | F54: 108 | G54: Dietitian | H54: Second Floor, B3 F2, Jagatguru Aadi Shankracharya Marg, above VIP Showroom | I54: =+91 93729 22067 -> #ERROR! | K54: Low | L54: None
A55: https://skinhance.co.in/ | B55: Dr. Neetu | C55: Not Found | D55: https://www.google.com/maps/place/Dr.+Neetu/data=!4m7!3m6!1s0x3be7c135f8a410e1:0xbefef6095a5f19be!8m2!3d19.0725692!4d72.9982326!16s%2Fg%2F11c31vp84v!19sChIJ4RCk-DXB5zsRvhlfWgn2_r4?authuser=0&hl=en&rclk=1 | E55: 4.4 | F55: 158 | G55: Dermatologist | H55: Office no 8, 3rd floor, Shanti Center Building, near Navratna Hotel | K55: Medium | L55: Digital marketing
A56: Not Found | B56: DR. PARVEZ UMAR KHAN, ROSHAN UMAR CLINIC,Family Phsician (M.B.B.S)Nerul,Navi Mumbai | C56: Not Found | D56: https://www.google.com/maps/place/DR.+PARVEZ+UMAR+KHAN,+ROSHAN+UMAR+CLINIC,Family+Phsician+%28M.B.B.S%29Nerul,Navi+Mumbai/data=!4m7!3m6!1s0x3be7c36ec80371df:0x5fed2ab38de5bd89!8m2!3d19.0284367!4d73.0181821!16s%2Fg%2F11s2k6tmd9!19sChIJ33EDyG7D5zsRib3ljbMq7V8?authuser=0&hl=en&rclk=1 | E56: 5 | F56: 98 | G56: Medical clinic | H56: SHOP NO. 27 MARY LAND CHS PLOT No. A-7,SECTOR-23,DARAVE,NERUL(E),NAVI MUMBAI PIN- 4000706, NERUL EAST | I56: =+91 98218 22843 -> #ERROR! | J56: "The services that I receive from Dr is excellent." | K56: High | L56: Both
A57: http://www.svdayurved.com/ | B57: Dr. Pratik M. Patil's, Shree Vishwa Dhanvantari Ayurved Chikitsalaya | C57: Not Found | D57: https://www.google.com/maps/place/Dr.+Pratik+M.+Patil%27s,+Shree+Vishwa+Dhanvantari+Ayurved+Chikitsalaya/data=!4m7!3m6!1s0x3be7c3bc3bf6a9ef:0xe985479b3c896555!8m2!3d19.0302183!4d73.0225182!16s%2Fg%2F1tj29gpf!19sChIJ76n2O7zD5zsRVWWJPJtHhek?authuser=0&hl=en&rclk=1 | E57: 4.9 | F57: 101 | G57: Medical clinic | H57: Plot No. 16, Shree Vishwa Dhanvantari Ayurved Chikitsalaya, Flat No. 02, Sai Prem CHS, near Excel Pathology Lab | I57: =+91 97622 24740 -> #ERROR! | J57: On-site services | K57: Medium | L57: Digital marketing
A58: https://www.apollohospitals.com/doctors/medical-oncologist/mumbai/dr-salil-vijay-patkar | B58: Dr. Salil Vijay Patkar - Best Medical Oncologist in Navi Mumbai | Apollo Hospital Navi Mumbai | C58: Not Found | D58: https://www.google.com/maps/place/Dr.+Salil+Vijay+Patkar+-+Best+Medical+Oncologist+in+Navi+Mumbai+%7C+Apollo+Hospital+Navi+Mumbai/data=!4m7!3m6!1s0x3be7c3b0e19e8f69:0xfc48289fde73f93d!8m2!3d19.0231511!4d73.0314235!16s%2Fg%2F11ft5v48j1!19sChIJaY-e4bDD5zsRPflz3p8oSPw?authuser=0&hl=en&rclk=1 | E58: 4.7 | F58: 102 | G58: Oncologist | H58: Apollo Hospitals, Plot # 13, Parsik Hill Rd, off Uran Road, opp. Nerul Wonders Park | I58: =+91 80 6297 2766 -> #ERROR! | J58: "In 24 hours I saw changes, 2% improvement in my symptoms." | K58: Medium | L58: Digital marketing
A59: Not Found | B59: Dr. Salman's Healthcare clinic | C59: Not Found | D59: https://www.google.com/maps/place/Dr.+Salman%27s+Healthcare+clinic/data=!4m7!3m6!1s0x3be7c3e97713dd7f:0x3e624dd525be13e9!8m2!3d19.034756!4d73.01564!16s%2Fg%2F11rmx06x2j!19sChIJf90Td-nD5zsR6RO-JdVNYj4?authuser=0&hl=en&rclk=1 | E59: 4.8 | F59: 41 | G59: Medical clinic | H59: House No. 17,Shop, no. 02, Gaon (West | I59: =+91 87073 40438 -> #ERROR! | J59: "All the staff in the very supportive and helpful." | K59: High | L59: Both
A60: https://www.drsandeeprai.com/ | B60: Dr. Sandeep Rai, | C60: https://www.instagram.com/drsandeeprai | D60: https://www.google.com/maps/place/Dr.+Sandeep+Rai,/data=!4m7!3m6!1s0x3be7c3b76561a75f:0x780d31030d58d861!8m2!3d19.0231511!4d73.0314235!16s%2Fg%2F11j0v0lpr9!19sChIJX6dhZbfD5zsRYdhYDQMxDXg?authuser=0&hl=en&rclk=1 | E60: 4.9 | F60: 68 | G60: Medical clinic | H60: Apollo Hospital,, Parsik Hill Rd | J60: "The was thorough and effective—highly recommended!" | K60: Low | L60: None
A61: https://www.drsanitamishra.com/ | B61: Dr. Sanita's Ananya Women's Clinic, Best Obstetrician & Gynaecologist in Seawoods, Navi Mumbai | Maternity | Abortion Clinic | C61: Not Found | D61: https://www.google.com/maps/place/Dr.+Sanita%27s+Ananya+Women%27s+Clinic,+Best+Obstetrician+%26+Gynaecologist+in+Seawoods,+Navi+Mumbai+%7C+Maternity+%7C+Abortion+Clinic/data=!4m7!3m6!1s0x3be7c3abdfdd49c3:0x90063f53beb57217!8m2!3d19.0119188!4d73.0234878!16s%2Fg%2F11rg6xnq__!19sChIJw0nd36vD5zsRF3K1vlM_BpA?authuser=0&hl=en&rclk=1 | E61: 5 | F61: 110 | G61: Women's health clinic | H61: Shop No. 8, Shree Om Sadguru CHS, Plot No. 122 | I61: =+91 72086 44271 -> #ERROR! | J61: "Helped tackle my dandruff issue and could see considerable growth in hair." | K61: Medium | L61: Digital marketing
A62: https://www.drshalindubey.com/ | B62: Dr. Shalin Dubey, Robotic & Laparoscopic Surgeon | C62: https://www.instagram.com/drshalindubey | D62: https://www.google.com/maps/place/Dr.+Shalin+Dubey,+Robotic+%26+Laparoscopic+Surgeon/data=!4m7!3m6!1s0x3be7c3b75c7e461f:0xf4ccfaf00a176c3a!8m2!3d19.0237437!4d73.0277338!16s%2Fg%2F11gfdbl3_z!19sChIJH0Z-XLfD5zsROmwXCvD6zPQ?authuser=0&hl=en&rclk=1 | E62: 4.9 | F62: 352 | G62: Surgeon | H62: plot no 13, off Uran Road | I62: =+91 99208 53204 -> #ERROR! | J62: "Only in 2 sessions, I feel much relieved and can see the difference." | K62: Low | L62: None
A63: https://www.drshraddhapatil.com/ | B63: Dr. Shraddha Patil - PHYSIOTHERAPY CLINIC in Belapur, Navi Mumbai, Best Physiotherapist in Seawoods, Nerul, Navi Mumbai | C63: https://www.instagram.com/drshraddhapatil | D63: https://www.google.com/maps/place/Dr.+Shraddha+Patil+-+PHYSIOTHERAPY+CLINIC+in+Belapur,+Navi+Mumbai,+Best+Physiotherapist+in+Seawoods,+Nerul,+Navi+Mumbai/data=!4m7!3m6!1s0x3be7c326a9de510f:0xaaa49ab28cdc4da8!8m2!3d19.0302065!4d73.0429263!16s%2Fg%2F11rv8051gh!19sChIJD1HeqSbD5zsRqE3cjLKapKo?authuser=0&hl=en&rclk=1 | E63: 4.9 | F63: 111 | G63: Medical clinic | H63: Shop No. 46/47, Arenja Complex | I63: =+91 86001 42241 -> #ERROR! | J63: "He is truly blessed with excellent skills and clinical knowledge." | K63: Low | L63: None
A64: https://www.drsbansal.com/ | B64: Dr. Sonal Bansal- Orthopedic Doctor - Nerul Navi Mumbai | C64: https://www.instagram.com/drsonalbansal | D64: https://www.google.com/maps/place/Dr.+Sonal+Bansal-+Orthopedic+Doctor+-+Nerul+Navi+Mumbai/data=!4m7!3m6!1s0x3be7c3c3ffffff97:0xd82ee1a7e3b2579!8m2!3d19.0274177!4d73.023155!16s%2Fg%2F11cmcyw79m!19sChIJl____8PD5zsReSU7fhrugg0?authuser=0&hl=en&rclk=1 | E64: 4.8 | F64: 317 | G64: Orthopedic clinic | H64: Shop No 1, Hem Prabat CHS Plot No. 72, opposite Shankaracharya Garden | I64: =+91 70453 13773 -> #ERROR! | J64: "The really listens and creates a plan tailored to your needs." | K64: Low | L64: None
A65: Not Found | B65: Dr. Vaidehi Kulkarni | C65: Not Found | D65: https://www.google.com/maps/place/Dr.+Vaidehi+Kulkarni/data=!4m7!3m6!1s0x3be7c3aad330f82d:0xe317bc62a35333a4!8m2!3d19.025588!4d73.0177972!16s%2Fg%2F11q96lk3n8!19sChIJLfgw06rD5zsRpDNTo2K8F-M?authuser=0&hl=en&rclk=1 | E65: 4.9 | F65: 28 | G65: Diabetologist | H65: Dmart, Shop no 2 pulin tower CHS, plot no 34, opposite to seawood | I65: =+91 93216 55045 -> #ERROR! | J65: "Thanks to their care and guidance, my shoulder feels much better now." | K65: High | L65: Both
A66: Not Found | B66: Dr. Veeral Aliporewala | C66: Not Found | D66: https://www.google.com/maps/place/Dr.+Veeral+Aliporewala/data=!4m7!3m6!1s0x3be7c399471d2bc7:0xfcf2f07f1e421a6e!8m2!3d19.0135779!4d73.011015!16s%2Fg%2F11fp47mwrk!19sChIJxysdR5nD5zsRbhpCHn_w8vw?authuser=0&hl=en&rclk=1 | E66: 4.7 | F66: 50 | G66: Skin care clinic | H66: Shop No 3, Plot 61 BPCL OFFICER'S CHS, Sector 44-A | I66: =+91 99303 59910 -> #ERROR! | J66: "The only drawback of this are the receptionists." | K66: High | L66: Both
A67: http://entnavimumbai.in/ | B67: Dr. Waghela's ENT and Endoscopy Clinic | C67: Not Found | D67: https://www.google.com/maps/place/Dr.+Waghela%27s+ENT+and+Endoscopy+Clinic/data=!4m7!3m6!1s0x3be7c219f60ed645:0xc9edf24c3477faca!8m2!3d19.046816!4d73.069984!16s%2Fg%2F11f08yk6qr!19sChIJRdYO9hnC5zsRyvp3NEzy7ck?authuser=0&hl=en&rclk=1 | E67: 4.5 | F67: 138 | G67: Otolaryngologist | H67: Second floor, 208, Shilp Chowk, opp. Saanvi Children Hospital | I67: =+91 90825 25060 -> #ERROR! | J67: "The is well-managed, and the staff is courteous." | K67: Medium | L67: Digital marketing
A68: Not Found | B68: Dr.Chitra's BellaDerma | C68: Not Found | D68: https://www.google.com/maps/place/Dr.Chitra%27s+BellaDerma/data=!4m7!3m6!1s0x3be7c3f2fe429b63:0xfcbeea04dc4c9309!8m2!3d19.0297471!4d73.025239!16s%2Fg%2F11r_w828f0!19sChIJY5tC_vLD5zsRCZNM3ATqvvw?authuser=0&hl=en&rclk=1 | E68: 4.8 | F68: 512 | G68: Skin care clinic | H68: Shop no 14, Lenyadri Complex, Plot No. 47/1 2, opp. Madhavi CHS | I68: =+91 85915 94849 -> #ERROR! | J68: "Highly skilled specialist." | K68: High | L68: Both
A69: https://www.drgarjeayurved.com/ | B69: Dr.Garje Ayurved Clinic & Panchakarma Centre | C69: https://www.instagram.com/drgarjeayurved | D69: https://www.google.com/maps/place/Dr.Garje+Ayurved+Clinic+%26+Panchakarma+Centre/data=!4m7!3m6!1s0x3be7c3c1e2cd4725:0xe3749dd4caa1bd0a!8m2!3d19.0343512!4d73.0169596!16s%2Fg%2F1hc8421c4!19sChIJJUfN4sHD5zsRCr2hytSddOM?authuser=0&hl=en&rclk=1 | E69: 4.9 | F69: 455 | G69: Ayurvedic clinic | H69: A203, A-Wing, 2nd Floor Om Shivam Centre building , Sector20A, &, Railway Station Rd, above Akash Institute, near LIC of India office | I69: =+91 86521 00501 -> #ERROR! | J69: "Dr. Nitin Tawte combines expertise and a willingness to listen and discuss." | K69: Low | L69: None
A70: http://www.drkamleshgiri.com/ | B70: Dr.Kamlesh Giri ( Dr.Giri's Multispeciality Homeopathic Clinic ,Nerul Branch ) | C70: Not Found | D70: https://www.google.com/maps/place/Dr.Kamlesh+Giri+%28+Dr.Giri%27s+Multispeciality+Homeopathic+Clinic+,Nerul+Branch+%29/data=!4m7!3m6!1s0x3be7c3bf32a5c74b:0x93bad37407fa5af!8m2!3d19.027531!4d73.0226!16s%2Fg%2F11c74ymgxy!19sChIJS8elMr_D5zsRr6V_QDetOwk?authuser=0&hl=en&rclk=1 | E70: 4.8 | F70: 96 | G70: Medical clinic | H70: shop -5, 1st floor, Shivam Park, plot-25 | I70: =+91 80805 41654 -> #ERROR! | J70: "Felt very relaxing in the 1st visit and and staff are very helpful." | K70: Medium | L70: Digital marketing
A71: https://www.drrahulorthocare.com/ | B71: Dr.Rahul Jagtap | Orthopedic Surgeon in Navi Mumbai | Platinum Ortho Clinic | C71: https://www.instagram.com/drrahulorthocare | D71: https://www.google.com/maps/place/Dr.Rahul+Jagtap+%7C+Orthopedic+Surgeon+in+Navi+Mumbai+%7C+Platinum+Ortho+Clinic/data=!4m7!3m6!1s0x3be7c3c0a358b65f:0x47129d144b2b87e7!8m2!3d19.0297274!4d73.0254862!16s%2Fg%2F11mlfzq0tt!19sChIJX7ZYo8DD5zsR54crSxSdEkc?authuser=0&hl=en&rclk=1 | E71: 5 | F71: 33 | G71: Orthopedic surgeon | H71: Shop No-7, Platinum Ortho Clinic Advanced Orthopedic, Xray & Pathology, Lenyadri-2 CHSL, Sector 19A Nerul Rd | I71: =+91 97131 33555 -> #ERROR! | J71: "The was always clean and well-organized." | K71: Low | L71: None
A72: Not Found | B72: Dr.Shende Homoeopathic Clinic | C72: Not Found | D72: https://www.google.com/maps/place/Dr.Shende+Homoeopathic+Clinic/data=!4m7!3m6!1s0x3be7c3c232d64ab7:0x984a5ae1573b328a!8m2!3d19.0364007!4d73.0200049!16s%2Fg%2F11cmdfj53y!19sChIJt0rWMsLD5zsRijI7V-FaSpg?authuser=0&hl=en&rclk=1 | E72: 4.9 | F72: 41 | G72: Medical clinic | H72: NL 2 33 B 4, Sector 15 main station road Navi Mumbai | I72: =+91 98198 25258 -> #ERROR! | J72: "The is clean, well-equipped, and punctual with appointments." | K72: High | L72: Both
A73: https://dypatilhealthcare.com/ | B73: DY Patil Healthcare | C73: https://www.instagram.com/dypatilhealthcare | D73: https://www.google.com/maps/place/DY+Patil+Healthcare/data=!4m7!3m6!1s0x3be7c3db45555555:0xc0630db5ea0b5ed!8m2!3d19.0409427!4d73.0245966!16s%2Fg%2F11fnp9gd3f!19sChIJVVVVRdvD5zsR7bWgXtswBgw?authuser=0&hl=en&rclk=1 | E73: 4.7 | F73: 421 | G73: Private hospital | H73: D-wing, Ayyappa Temple Rd | I73: =+91 22 2773 6901 -> #ERROR! | K73: Low | L73: None
A74: https://www.echelonhospital.com/ | B74: Echelon Hospital | C74: https://www.instagram.com/echelonhospital | D74: https://www.google.com/maps/place/Echelon+Hospital/data=!4m7!3m6!1s0x3be7c0ce2ed4c9cf:0x6f5fc27430527124!8m2!3d19.1085005!4d73.0017709!16s%2Fg%2F1thk764z!19sChIJz8nULs7A5zsRJHFSMHTCX28?authuser=0&hl=en&rclk=1 | E74: 4.5 | F74: 1794 | G74: General hospital | H74: plot no 12/13, near Indian Oil Petrol Pump | I74: =+91 89895 85050 -> #ERROR! | J74: "Way of doing things were professional and have been going for 4 years." | K74: Low | L74: None
A75: Not Found | B75: Family Care Clinic Nerul Navi Mumbai | C75: Not Found | D75: https://www.google.com/maps/place/Family+Care+Clinic+Nerul+Navi+Mumbai/data=!4m7!3m6!1s0x3be7c3c934900977:0x57d39a810a8d346!8m2!3d19.0396026!4d73.017636!16s%2Fg%2F11vm7jbkdb!19sChIJdwmQNMnD5zsRRtOoEKg5fQU?authuser=0&hl=en&rclk=1 | E75: 5 | F75: 9 | G75: Medical clinic | H75: e1/2, Vrindavan apartment, A-4, near Sai baba hotel | I75: =+91 87793 87362 -> #ERROR! | K75: High | L75: Both
A76: Not Found | B76: Family Health Clinic | C76: Not Found | D76: https://www.google.com/maps/place/Family+Health+Clinic/data=!4m7!3m6!1s0x3be7c3751b6a4f49:0x64c685205b2a7c4c!8m2!3d19.0311396!4d73.0268152!16s%2Fg%2F11t6n7_wh9!19sChIJSU9qG3XD5zsRTHwqWyCFxmQ?authuser=0&hl=en&rclk=1 | E76: 5 | F76: 71 | G76: Doctor | H76: Plot no.13, Shop No. 18, Bhima Shankar CHS Shopping Complex, Sector 19A Nerul Rd | I76: =+91 91372 08535 -> #ERROR! | K76: High | L76: Both
A77: Not Found | B77: Health Care Clinic | C77: Not Found | D77: https://www.google.com/maps/place/Health+Care+Clinic/data=!4m7!3m6!1s0x3be7c3bc27753c85:0x6cfb8c05c28a9fb3!8m2!3d19.0245599!4d73.0197486!16s%2Fg%2F1pp2txp0_!19sChIJhTx1J7zD5zsRs5-KwgWM-2w?authuser=0&hl=en&rclk=1 | E77: 4.4 | F77: 15 | G77: Medical clinic | H77: Siddhivinayak Building,Plot No.B-99,Shop No.2, Darave Rd | I77: =+91 99200 84451 -> #ERROR! | J77: "I underwent several procedures, and the results were excellent." | K77: High | L77: Both
A78: https://hridayanavjeevanalaya.com/ | B78: Hridaya Navjeevanlaya Clinic | Dr Bhasker Semitha | CVTS Surgeon |Nerul East, Navi Mumbai | C78: https://www.instagram.com/hridayanavjeevanalaya | D78: https://www.google.com/maps/place/Hridaya+Navjeevanlaya+Clinic+%7C+Dr+Bhasker+Semitha+%7C+CVTS+Surgeon+%7CNerul+East,+Navi+Mumbai/data=!4m7!3m6!1s0x3be7c3fe31da7e97:0xbdfafc351fa089d4!8m2!3d19.0378034!4d73.0189377!16s%2Fg%2F11js9tf2pb!19sChIJl37aMf7D5zsR1ImgHzX8-r0?authuser=0&hl=en&rclk=1 | E78: 5 | F78: 1074 | G78: Cardiovascular and thoracic surgeon | H78: Shop No. 1, Laxcon Plaza, Plot No. 20–21, below Sai Asha Hospital, near Indian Bank | I78: =+91 86550 73438 -> #ERROR! | J78: "The is clean, calming, and the staff is very professional." | K78: Low | L78: None
A79: https://ivoryphysiotherapy.in/ | B79: Ivory Physiotherapy Clinic Nerul Navi Mumbai | C79: https://www.instagram.com/ivoryphysiotherapy | D79: https://www.google.com/maps/place/Ivory+Physiotherapy+Clinic+Nerul+Navi+Mumbai/data=!4m7!3m6!1s0x3be7c357181be0f9:0x43273c8f83a0f300!8m2!3d19.0110622!4d73.013619!16s%2Fg%2F11t5dxshjk!19sChIJ-eAbGFfD5zsRAPOgg488J0M?authuser=0&hl=en&rclk=1 | E79: 4.9 | F79: 537 | G79: Medical clinic | H79: First Floor, NEELKANTH RESIDENCY, Office No, 1-6 | I79: =+91 85911 26927 -> #ERROR! | J79: "The and staff are very friendly, positive and responsive." | K79: Low | L79: None
A80: Not Found | B80: Jalphama Clinic ( Dr. Bhanushali) | C80: Not Found | D80: https://www.google.com/maps/place/Jalphama+Clinic+%28+Dr.+Bhanushali%29/data=!4m7!3m6!1s0x3be7c3c7911986eb:0x74e823347d80b11d!8m2!3d19.031161!4d73.026728!16s%2Fg%2F1pv2l2tyb!19sChIJ64YZkcfD5zsRHbGAfTQj6HQ?authuser=0&hl=en&rclk=1 | E80: 5 | F80: 29 | G80: Medical clinic | H80: Shop No.10, Plot, 13, Annasaheb Urf Blvd Zhute Marg | I80: =+91 93232 05179 -> #ERROR! | J80: "The staff made me feel comfortable throughout the visit." | K80: High | L80: Both
A81: Not Found | B81: Kids Clinic | C81: Not Found | D81: https://www.google.com/maps/place/Kids+Clinic/data=!4m7!3m6!1s0x3be7c3bfc1f5506d:0x1f7ed60cc3af128!8m2!3d19.0240321!4d73.0178303!16s%2Fg%2F1pp2txs04!19sChIJbVD1wb_D5zsRKPE6zGDt9wE?authuser=0&hl=en&rclk=1 | E81: 4.9 | F81: 64 | G81: Medical clinic | H81: Siddhivinayak chs, near Aishwarya hotel, opposite Akash Ganga CHS | I81: =+91 98191 12424 -> #ERROR! | J81: "The staff is professional, polite, and highly knowledgeable." | K81: High | L81: Both
A82: https://navimumbai.kokilabenhospital.com/ | B82: Kokilaben Dhirubhai Ambani Hospital | C82: https://www.instagram.com/kokilabenhospital | D82: https://www.google.com/maps/place/Kokilaben+Dhirubhai+Ambani+Hospital/data=!4m7!3m6!1s0x3be7c0de93e7897b:0x8b1917237744e89b!8m2!3d19.1029024!4d73.012937!16s%2Fg%2F11f4l9rq3d!19sChIJe4nnk97A5zsRm-hEdyMXGYs?authuser=0&hl=en&rclk=1 | E82: 4.6 | F82: 9100 | G82: Hospital | H82: · | I82: =+91 22 7197 9797 -> #ERROR! | J82: "He knowledge and skills are most refined." | K82: Low | L82: None
A83: http://lionshospital.co.in/ | B83: Lions Hospital | C83: Not Found | D83: https://www.google.com/maps/place/Lions+Hospital/data=!4m7!3m6!1s0x3be7c0d766c60807:0xdadd8c3a5ffb464a!8m2!3d19.1005881!4d73.0047438!16s%2Fg%2F1tf7qlnq!19sChIJBwjGZtfA5zsRSkb7XzqM3do?authuser=0&hl=en&rclk=1 | E83: 4.8 | F83: 4169 | G83: Hospital | H83: 101, Vashi Kopar Khairane Rd | I83: =+91 83559 61073 -> #ERROR! | J83: "I would recommend her." | K83: Medium | L83: Digital marketing
A84: http://www.mahavirhospital.in.net/ | B84: Mahavir Maternity and Surgical Hospital | C84: Not Found | D84: https://www.google.com/maps/place/Mahavir+Maternity+and+Surgical+Hospital/data=!4m7!3m6!1s0x3be7c0d0b4206ef5:0xda6ec0849f1733af!8m2!3d19.100912!4d73.0108753!16s%2Fg%2F11b879xbw_!19sChIJ9W4gtNDA5zsRrzMXn4TAbto?authuser=0&hl=en&rclk=1 | E84: 4.8 | F84: 1118 | G84: Maternity hospital | H84: 1st Floor, Sai Vrindavan CHS, Railway Station, Plot No 33, Sector 9 Kopar Khairane Rd, opp. Balaji Movieplex, near Koparkhairne | I84: =+91 96196 38464 -> #ERROR! | J84: "She is beauty with brains." | K84: Medium | L84: Digital marketing
A85: http://www.mgmhospitalvashi.net/ | B85: MGM New Bombay Hospital, Vashi | C85: Not Found | D85: https://www.google.com/maps/place/MGM+New+Bombay+Hospital,+Vashi/data=!4m7!3m6!1s0x3be7c6caa94cef59:0xd2977d80d17491e8!8m2!3d19.072693!4d72.9936479!16s%2Fg%2F1tgy_19j!19sChIJWe9MqcrG5zsR6JF00YB9l9I?authuser=0&hl=en&rclk=1 | E85: 4.4 | F85: 3488 | G85: General hospital | H85: Plot No.35 | I85: =+91 1800 266 5456 -> #ERROR! | J85: "Even keeps prescribed tests to a minimal and what’s neeeded." | K85: Medium | L85: Digital marketing
A86: https://www.motherhoodindia.com/locations/mumbai/?utm_source=mhi&utm_medium=gmb&utm_campaign=mumbai | B86: Motherhood Hospital | C86: https://www.instagram.com/motherhoodhospital | D86: https://www.google.com/maps/place/Motherhood+Hospital/data=!4m7!3m6!1s0x3be7c3a93f6092e5:0x73fab948d50aaf4c!8m2!3d19.0357324!4d73.0632202!16s%2Fg%2F11f6ktmrz6!19sChIJ5ZJgP6nD5zsRTK8K1Ui5-nM?authuser=0&hl=en&rclk=1 | E86: 4.7 | F86: 5380 | G86: Maternity hospital | H86: Motherhood Hospital | I86: =+91 84948 00094 -> #ERROR! | J86: "The are knowledgeable and explains everything in detail." | K86: Low | L86: None
A87: https://suranahospital.in/location/navi-mumbai/mpct | B87: MPCT Hospital | C87: Not Found | D87: https://www.google.com/maps/place/MPCT+Hospital/data=!4m7!3m6!1s0x3be7c15cb5740b23:0xe449834910676dda!8m2!3d19.0630462!4d73.0125691!16s%2Fg%2F11c0xnyl1q!19sChIJIwt0tVzB5zsR2m1nEEmDSeQ?authuser=0&hl=en&rclk=1 | E87: 4.3 | F87: 1293 | G87: Hospital | H87: C7, Budhyadev Mandir Marg | I87: =+91 95136 31880 -> #ERROR! | K87: Medium | L87: Digital marketing
A88: Not Found | B88: MUKTA HOMOEOPATHY CLINIC | C88: Not Found | D88: https://www.google.com/maps/place/MUKTA+HOMOEOPATHY+CLINIC/data=!4m7!3m6!1s0x3be7c3f9b096f1f3:0xbb597a59052a85e6!8m2!3d19.0375523!4d73.019036!16s%2Fg%2F11gj4l5s7_!19sChIJ8_GWsPnD5zsR5oUqBVl6Wbs?authuser=0&hl=en&rclk=1 | E88: 4.9 | F88: 35 | G88: Medical clinic | H88: Shop Number 10, Laxcon Plaza | K88: High | L88: Both
A89: https://nerulpilescenter.com/ | B89: Nerul Piles Center | C89: Not Found | D89: https://www.google.com/maps/place/Nerul+Piles+Center/data=!4m7!3m6!1s0x3be7c3decb7b40fd:0xe36345355c40d88c!8m2!3d19.0441297!4d73.022612!16s%2Fg%2F11c3pwz5kd!19sChIJ_UB7y97D5zsRjNhAXDVFY-M?authuser=0&hl=en&rclk=1 | E89: 4.4 | F89: 27 | G89: Ayurvedic clinic | H89: Bldg No.2, Shivaji Chowk, Shop No.B-4, Sector No.1A, NL2 Rd, near shivaji chowk | I89: =+91 77383 12284 -> #ERROR! | K89: Medium | L89: Digital marketing
A90: https://newskinelixir.com/ | B90: New skin elixir Skin Clinic In Seawoods Navi Mumbai | C90: https://www.instagram.com/newskinelixir | D90: https://www.google.com/maps/place/New+skin+elixir+Skin+Clinic+In+Seawoods+Navi+Mumbai/data=!4m7!3m6!1s0x3be7c351bf1d0ca7:0xdab05449f4b8d65c!8m2!3d19.0125213!4d73.0229314!16s%2Fg%2F11tjlrz3yp!19sChIJpwwdv1HD5zsRXNa49ElUsNo?authuser=0&hl=en&rclk=1 | E90: 5 | F90: 190 | G90: Skin care clinic | H90: Shop No. 5 & 6, Ground Floor Sitai Vihar Co-operative Housing Society Ltd Plot no: 67 - A, Opp EV Homes Orion, Sector - 50, New Seawoods | I90: =+91 91378 02933 -> #ERROR! | J90: "I highly recommend the dr." | K90: Low | L90: None
A91: https://dromprakashj.getmy.clinic/ | B91: Nitai children's Clinic | C91: Not Found | D91: https://www.google.com/maps/place/Nitai+children%27s+Clinic/data=!4m7!3m6!1s0x3be7c3a3064edaff:0x573a3fef53967679!8m2!3d19.030229!4d73.0225636!16s%2Fg%2F11g0s844bj!19sChIJ_9pOBqPD5zsReXaWU-8_Olc?authuser=0&hl=en&rclk=1 | E91: 4.9 | F91: 286 | G91: Medical clinic | H91: Kamladevi birajdar marg, sai prem chs , plot number16, near excel lab | I91: =+91 77100 77873 -> #ERROR! | J91: "The is incredibly kind, friendly, and knowledgeable." | K91: Medium | L91: Digital marketing
A92: Not Found | B92: Om Clinic | C92: Not Found | D92: https://www.google.com/maps/place/Om+Clinic/data=!4m7!3m6!1s0x3be7c1316a7f9e77:0xcab164d190041735!8m2!3d19.080912!4d73.0004416!16s%2Fg%2F11tx_y_c22!19sChIJd55_ajHB5zsRNRcEkNFksco?authuser=0&hl=en&rclk=1 | E92: 5 | F92: 1 | G92: Medical clinic | H92: Sector 15, Vashi, A8-1, Maratha Bhavan Marg, Juhu Nagar, Navi | I92: =+91 76667 62557 -> #ERROR! | J92: "The staff and were incredibly professional and knowledgeable." | K92: High | L92: Both
A93: http://www.omphysiotherapy.com/ | B93: Om Physiotherapy Clinic | C93: https://www.instagram.com/omphysiotherapy | D93: https://www.google.com/maps/place/Om+Physiotherapy+Clinic/data=!4m7!3m6!1s0x3be7c3c0ae5bdad7:0x61938f5a6891e2c8!8m2!3d19.0304069!4d73.0223393!16s%2Fg%2F1thl3x03!19sChIJ19pbrsDD5zsRyOKRaFqPk2E?authuser=0&hl=en&rclk=1 | E93: 4.8 | F93: 459 | G93: Physical therapist | H93: Monil Cottage, Ring Rd 1 | I93: =+91 70455 08488 -> #ERROR! | K93: Low | L93: None
A94: https://oroface.in/ | B94: OroFace® Dental Clinic Seawoods, Navi Mumbai | C94: https://www.instagram.com/oroface.in | D94: https://www.google.com/maps/place/OroFace%C2%AE+Dental+Clinic+Seawoods,+Navi+Mumbai/data=!4m7!3m6!1s0x3be7c3972b48f493:0x6d4dce716f56f618!8m2!3d19.0196096!4d73.0115372!16s%2Fg%2F11c707x3bh!19sChIJk_RIK5fD5zsRGPZWb3HOTW0?authuser=0&hl=en&rclk=1 | E94: 4.9 | F94: 1394 | G94: Dental implants provider | H94: Infront of Ganesh Talav, Shop No. 2,3, H No.529, 6, Gosavi Kruhna Tandel Rd, near Madhusheth Tandel Maidan | I94: =+91 89767 44432 -> #ERROR! | J94: "The was gentle and effective." | K94: Low | L94: None
A95: https://parasnathclinics.com/ | B95: Parasnath Speciality Clinics | Knee and Spine Clinic in Vashi, Navi Mumbai | C95: https://www.instagram.com/parasnathclinics | D95: https://www.google.com/maps/place/Parasnath+Speciality+Clinics+%7C+Knee+and+Spine+Clinic+in+Vashi,+Navi+Mumbai/data=!4m7!3m6!1s0x3be7c1dfafcc8b65:0xbaba3c2e67be05d4!8m2!3d19.0737122!4d72.9992978!16s%2Fg%2F11fk2mhxc4!19sChIJZYvMr9_B5zsR1AW-Zy48uro?authuser=0&hl=en&rclk=1 | E95: 4.8 | F95: 241 | G95: Ayurvedic clinic | H95: 2nd Floor, Mahavir tower, above golden punjab hotel | I95: =+91 90824 00043 -> #ERROR! | J95: "The therapists exhibited a remarkable level of expertise and compassion." | K95: Low | L95: None
A96: Not Found | B96: Prana Shakti Clinic. Dr Ashwini Raval. Best Homeopathic Doctor in Navi Mumbai. | C96: Not Found | D96: https://www.google.com/maps/place/Prana+Shakti+Clinic.+Dr+Ashwini+Raval.+Best+Homeopathic+Doctor+in+Navi+Mumbai./data=!4m7!3m6!1s0x3be7c330780f4c7f:0xf778a5042230e637!8m2!3d19.041258!4d73.010146!16s%2Fg%2F11w3zyl_fm!19sChIJf0wPeDDD5zsRN-YwIgSlePc?authuser=0&hl=en&rclk=1 | E96: 4.8 | F96: 25 | G96: Doctor | H96: chs, Sector 6, Shyam Niwas, Shop no 2, Plot no. 222,223 | I96: =+91 88502 24001 -> #ERROR! | J96: "It’s rare to find a who gives so much attention to patient concerns." | K96: High | L96: Both
A97: https://www.restoreclinics.in/ | B97: Restore Aesthetic Clinic | C97: https://www.instagram.com/restoreclinics | D97: https://www.google.com/maps/place/Restore+Aesthetic+Clinic/data=!4m7!3m6!1s0x3be7c3c0b8bf2fc3:0x6a79483b3aa2c9fc!8m2!3d19.0310537!4d73.0217795!16s%2Fg%2F11ryd8kgq5!19sChIJwy-_uMDD5zsR_MmiOjtIeWo?authuser=0&hl=en&rclk=1 | E97: 4.9 | F97: 118 | G97: Plastic surgery clinic | H97: 4th Floor- Block no-401-Doctors House.Plot-101, Sector 21, Landmark:, behind D’Mart, behind DMart | I97: =+91 86920 99967 -> #ERROR! | J97: "This and staff are professional and knowledgeable about hair." | K97: Low | L97: None
A98: https://www.rivoskin.com/ | B98: Rivo Skin Care Clinic - Laser Hair Removal and Dermatologist in Seawoods, Navi Mumbai | C98: https://www.instagram.com/rivoskin | D98: https://www.google.com/maps/place/Rivo+Skin+Care+Clinic+-+Laser+Hair+Removal+and+Dermatologist+in+Seawoods,+Navi+Mumbai/data=!4m7!3m6!1s0x3be7c3994cdc5325:0x1a3416050ec0c003!8m2!3d19.0116659!4d73.0120266!16s%2Fg%2F11gd1_dbz9!19sChIJJVPcTJnD5zsRA8DADgUWNBo?authuser=0&hl=en&rclk=1 | E98: 4.7 | F98: 409 | G98: Dermatologist | H98: 12, Dhara Complex | I98: =+91 88506 61962 -> #ERROR! | J98: "The advice given was practical, easy to understand, and very well explained." | K98: Low | L98: None
A99: https://www.roselleskinclinic.com/ | B99: Roselle Skin Clinic | C99: https://www.instagram.com/roselleskinclinic | D99: https://www.google.com/maps/place/Roselle+Skin+Clinic/data=!4m7!3m6!1s0x3be7c3d3d69e366f:0xa86c4b8733e4ee99!8m2!3d19.037539!4d73.0189684!16s%2Fg%2F11yjn3xyt5!19sChIJbzae1tPD5zsRme7kM4dLbKg?authuser=0&hl=en&rclk=1 | E99: 5 | F99: 54 | G99: Skin care clinic | H99: SHOP GR-9, Laxcon Plaza, PL-20;21 | I99: =+91 84509 59496 -> #ERROR! | J99: "Dr Omi knowledgeable and took the time to answer all my questions." | K99: Low | L99: None
A100: https://www.sabkadentist.com/dental-clinics-in-navi-mumbai/nerul-east/ | B100: Sabka dentist | C100: https://www.instagram.com/sabkadentist | D100: https://www.google.com/maps/place/Sabka+dentist/data=!4m7!3m6!1s0x3be7c3b8d37805c7:0x6e90345cc2fba1c6!8m2!3d19.0246836!4d73.0216118!16s%2Fg%2F1q675glcp!19sChIJxwV407jD5zsRxqH7wlw0kG4?authuser=0&hl=en&rclk=1 | E100: 4.8 | F100: 2651 | G100: Dental clinic | H100: Shop - G-09K, Hawares Centurion Mall, behind Shop – Ground Floor, near Indian Bank & Federal Bank | I100: =+91 82918 49572 -> #ERROR! | J100: On-site services | K100: Low | L100: None
...

Sheet Clinic Data
A1: S.N | B1: Clinic Names | C1: Specialization | D1: Website | E1: Instagram | F1: Google Maps | G1: Location | H1: Rating | I1: Reviews | J1: Contact | K1: Remarks | L1: Opportunity | M1: Category
A2: 1 | B2: 360 HOMEO CARE CLINIC | C2: Medical clinic | D2: =IF(OR(Cleaned!A2="",LOWER(Cleaned!A2)="not available",LOWER(Cleaned!A2)="not found"),"Not Available",HYPERLINK(Cleaned!A2,"Website")) -> Website | E2: =IF(OR(Cleaned!C2="",LOWER(Cleaned!C2)="not available",LOWER(Cleaned!C2)="not found"),"Not Available",HYPERLINK(Cleaned!C2,"Instagram")) -> Not Available | F2: =IF(OR(Cleaned!D2="",LOWER(Cleaned!D2)="not available",LOWER(Cleaned!D2)="not found"),"Not Available",HYPERLINK(Cleaned!D2,"Maps")) -> Maps | G2: Shop No. 3, Ganpati Complex, Plot No. 105 | H2: 5 | I2: 152 | J2: Not Found | K2: Not Found | L2: Medium | M2: Digital marketing
A3: 2 | B3: Acharya Shri Nanesh Hospital | C3: Private hospital | D3: =IF(OR(Cleaned!A3="",LOWER(Cleaned!A3)="not available",LOWER(Cleaned!A3)="not found"),"Not Available",HYPERLINK(Cleaned!A3,"Website")) -> Website | E3: =IF(OR(Cleaned!C3="",LOWER(Cleaned!C3)="not available",LOWER(Cleaned!C3)="not found"),"Not Available",HYPERLINK(Cleaned!C3,"Instagram")) -> Instagram | F3: =IF(OR(Cleaned!D3="",LOWER(Cleaned!D3)="not available",LOWER(Cleaned!D3)="not found"),"Not Available",HYPERLINK(Cleaned!D3,"Maps")) -> Maps | G3: Plot No 34-37 | H3: 4.7 | I3: 599 | J3: +91 86930 84084 | K3: Not Found | L3: Low | M3: None
A4: 3 | B4: Alpha Dental Clinic | C4: Dental clinic | D4: =IF(OR(Cleaned!A4="",LOWER(Cleaned!A4)="not available",LOWER(Cleaned!A4)="not found"),"Not Available",HYPERLINK(Cleaned!A4,"Website")) -> Website | E4: =IF(OR(Cleaned!C4="",LOWER(Cleaned!C4)="not available",LOWER(Cleaned!C4)="not found"),"Not Available",HYPERLINK(Cleaned!C4,"Instagram")) -> Instagram | F4: =IF(OR(Cleaned!D4="",LOWER(Cleaned!D4)="not available",LOWER(Cleaned!D4)="not found"),"Not Available",HYPERLINK(Cleaned!D4,"Maps")) -> Maps | G4: Shop No.11, Shreeji Seva CHS, Plot No.42 | H4: 5 | I4: 263 | J4: Not Found | K4: Not Found | L4: Low | M4: None
A5: 4 | B5: Anand Clinic | C5: Medical clinic | D5: =IF(OR(Cleaned!A5="",LOWER(Cleaned!A5)="not available",LOWER(Cleaned!A5)="not found"),"Not Available",HYPERLINK(Cleaned!A5,"Website")) -> Not Available | E5: =IF(OR(Cleaned!C5="",LOWER(Cleaned!C5)="not available",LOWER(Cleaned!C5)="not found"),"Not Available",HYPERLINK(Cleaned!C5,"Instagram")) -> Not Available | F5: =IF(OR(Cleaned!D5="",LOWER(Cleaned!D5)="not available",LOWER(Cleaned!D5)="not found"),"Not Available",HYPERLINK(Cleaned!D5,"Maps")) -> Maps | G5: F-3, Jagatguru Aadi Shankracharya Marg | H5: 5 | I5: 5 | J5: Not Found | K5: "The plan was thorough and the results are visible." | L5: High | M5: Both
A6: 5 | B6: Aniruddha Health Clinic | C6: Medical clinic | D6: =IF(OR(Cleaned!A6="",LOWER(Cleaned!A6)="not available",LOWER(Cleaned!A6)="not found"),"Not Available",HYPERLINK(Cleaned!A6,"Website")) -> Not Available | E6: =IF(OR(Cleaned!C6="",LOWER(Cleaned!C6)="not available",LOWER(Cleaned!C6)="not found"),"Not Available",HYPERLINK(Cleaned!C6,"Instagram")) -> Not Available | F6: =IF(OR(Cleaned!D6="",LOWER(Cleaned!D6)="not available",LOWER(Cleaned!D6)="not found"),"Not Available",HYPERLINK(Cleaned!D6,"Maps")) -> Maps | G6: Shop Number 69, Prabhat Centre 1st Floor Plot 7 Sector Number 1a C B D Belapur Navi Mumbai | H6: Not Found | I6: Not Found | J6: +91 97696 95873 | K6: "The is clean, well-organized, and staff is friendly too." | L6: High | M6: Both
A7: 6 | B7: Apollo Hospital | C7: Hospital | D7: =IF(OR(Cleaned!A7="",LOWER(Cleaned!A7)="not available",LOWER(Cleaned!A7)="not found"),"Not Available",HYPERLINK(Cleaned!A7,"Website")) -> Website | E7: =IF(OR(Cleaned!C7="",LOWER(Cleaned!C7)="not available",LOWER(Cleaned!C7)="not found"),"Not Available",HYPERLINK(Cleaned!C7,"Instagram")) -> Instagram | F7: =IF(OR(Cleaned!D7="",LOWER(Cleaned!D7)="not available",LOWER(Cleaned!D7)="not found"),"Not Available",HYPERLINK(Cleaned!D7,"Maps")) -> Maps | G7: Plot no 13, Parsik Hill Rd, off Uran Road | H7: 4.7 | I7: 28262 | J7: +91 80 6297 2766 | K7: "A rare combination of expertise, compassion, and genuine care." | L7: Low | M7: None
A8: 7 | B8: Apollo ProHealth - Navi Mumbai | C8: Health consultant | D8: =IF(OR(Cleaned!A8="",LOWER(Cleaned!A8)="not available",LOWER(Cleaned!A8)="not found"),"Not Available",HYPERLINK(Cleaned!A8,"Website")) -> Website | E8: =IF(OR(Cleaned!C8="",LOWER(Cleaned!C8)="not available",LOWER(Cleaned!C8)="not found"),"Not Available",HYPERLINK(Cleaned!C8,"Instagram")) -> Instagram | F8: =IF(OR(Cleaned!D8="",LOWER(Cleaned!D8)="not available",LOWER(Cleaned!D8)="not found"),"Not Available",HYPERLINK(Cleaned!D8,"Maps")) -> Maps | G8: Plot 13, Parsik Hill Rd, off Uran Road, opp. Nerul Wonders Park | H8: 1 | I8: 1 | J8: +91 80 6942 0449 | K8: "The Receptionist is also very professional and Cooperative." | L8: Low | M8: None
A9: 8 | B9: Arihant Clinic | C9: Doctor | D9: =IF(OR(Cleaned!A9="",LOWER(Cleaned!A9)="not available",LOWER(Cleaned!A9)="not found"),"Not Available",HYPERLINK(Cleaned!A9,"Website")) -> Not Available | E9: =IF(OR(Cleaned!C9="",LOWER(Cleaned!C9)="not available",LOWER(Cleaned!C9)="not found"),"Not Available",HYPERLINK(Cleaned!C9,"Instagram")) -> Not Available | F9: =IF(OR(Cleaned!D9="",LOWER(Cleaned!D9)="not available",LOWER(Cleaned!D9)="not found"),"Not Available",HYPERLINK(Cleaned!D9,"Maps")) -> Maps | G9: 1st floor, Plot No 312 | H9: 4.5 | I9: 10 | J9: +91 90041 31975 | K9: "Great work by dr" | L9: High | M9: Both
A10: 9 | B10: ART Fertility Clinics | C10: Fertility clinic | D10: =IF(OR(Cleaned!A10="",LOWER(Cleaned!A10)="not available",LOWER(Cleaned!A10)="not found"),"Not Available",HYPERLINK(Cleaned!A10,"Website")) -> Website | E10: =IF(OR(Cleaned!C10="",LOWER(Cleaned!C10)="not available",LOWER(Cleaned!C10)="not found"),"Not Available",HYPERLINK(Cleaned!C10,"Instagram")) -> Instagram | F10: =IF(OR(Cleaned!D10="",LOWER(Cleaned!D10)="not available",LOWER(Cleaned!D10)="not found"),"Not Available",HYPERLINK(Cleaned!D10,"Maps")) -> Maps | G10: beside Tata Communications | H10: 4.9 | I10: 580 | J10: 084488 01362 | K10: "Helped me with my neck pain and I got instant relief after visiting her." | L10: Low | M10: None
A11: 10 | B11: ART Fertility Clinics | C11: Fertility clinic | D11: =IF(OR(Cleaned!A11="",LOWER(Cleaned!A11)="not available",LOWER(Cleaned!A11)="not found"),"Not Available",HYPERLINK(Cleaned!A11,"Website")) -> Website | E11: =IF(OR(Cleaned!C11="",LOWER(Cleaned!C11)="not available",LOWER(Cleaned!C11)="not found"),"Not Available",HYPERLINK(Cleaned!C11,"Instagram")) -> Instagram | F11: =IF(OR(Cleaned!D11="",LOWER(Cleaned!D11)="not available",LOWER(Cleaned!D11)="not found"),"Not Available",HYPERLINK(Cleaned!D11,"Maps")) -> Maps | G11: beside Tata Communications | H11: 4.9 | I11: 580 | J11: 084488 01362 | K11: "The staff and are extremely nice, professional, and caring." | L11: Low | M11: None
A12: 11 | B12: ASG Eye Hospital | Best Cataract, Lasik & Retina Centre - Vashi, Mumbai | C12: Hospital | D12: =IF(OR(Cleaned!A12="",LOWER(Cleaned!A12)="not available",LOWER(Cleaned!A12)="not found"),"Not Available",HYPERLINK(Cleaned!A12,"Website")) -> Website | E12: =IF(OR(Cleaned!C12="",LOWER(Cleaned!C12)="not available",LOWER(Cleaned!C12)="not found"),"Not Available",HYPERLINK(Cleaned!C12,"Instagram")) -> Instagram | F12: =IF(OR(Cleaned!D12="",LOWER(Cleaned!D12)="not available",LOWER(Cleaned!D12)="not found"),"Not Available",HYPERLINK(Cleaned!D12,"Maps")) -> Maps | G12: Plot No 88 | H12: 4.9 | I12: 2924 | J12: 0674 617 2480 | K12: Not Found | L12: Low | M12: None
A13: 12 | B13: Ayuramrit Ayurved Clinic | C13: Alternative medicine practitioner | D13: =IF(OR(Cleaned!A13="",LOWER(Cleaned!A13)="not available",LOWER(Cleaned!A13)="not found"),"Not Available",HYPERLINK(Cleaned!A13,"Website")) -> Website | E13: =IF(OR(Cleaned!C13="",LOWER(Cleaned!C13)="not available",LOWER(Cleaned!C13)="not found"),"Not Available",HYPERLINK(Cleaned!C13,"Instagram")) -> Not Available | F13: =IF(OR(Cleaned!D13="",LOWER(Cleaned!D13)="not available",LOWER(Cleaned!D13)="not found"),"Not Available",HYPERLINK(Cleaned!D13,"Maps")) -> Maps | G13: Shop No 66/67, Chaturbhuj CHS, Shilp Chowk | H13: 4.9 | I13: 100 | J13: +91 76668 05588 | K13: "Both the are very polite and knowledgeable." | L13: Medium | M13: Digital marketing
A14: 13 | B14: Ayush Clinic | C14: Medical clinic | D14: =IF(OR(Cleaned!A14="",LOWER(Cleaned!A14)="not available",LOWER(Cleaned!A14)="not found"),"Not Available",HYPERLINK(Cleaned!A14,"Website")) -> Not Available | E14: =IF(OR(Cleaned!C14="",LOWER(Cleaned!C14)="not available",LOWER(Cleaned!C14)="not found"),"Not Available",HYPERLINK(Cleaned!C14,"Instagram")) -> Not Available | F14: =IF(OR(Cleaned!D14="",LOWER(Cleaned!D14)="not available",LOWER(Cleaned!D14)="not found"),"Not Available",HYPERLINK(Cleaned!D14,"Maps")) -> Maps | G14: Sector 20, Nerul, Sion, Number 5 Plot Number, B 49, Nerul East, Navi | H14: 1 | I14: 1 | J14: +91 99672 63283 | K14: "His in depth knowledge has helped me a lot." | L14: High | M14: Both
A15: 14 | B15: Ayushakti Ayurved Health Centre | Panchakarma Clinic in Navi Mumbai | C15: Ayurvedic clinic | D15: =IF(OR(Cleaned!A15="",LOWER(Cleaned!A15)="not available",LOWER(Cleaned!A15)="not found"),"Not Available",HYPERLINK(Cleaned!A15,"Website")) -> Website | E15: =IF(OR(Cleaned!C15="",LOWER(Cleaned!C15)="not available",LOWER(Cleaned!C15)="not found"),"Not Available",HYPERLINK(Cleaned!C15,"Instagram")) -> Instagram | F15: =IF(OR(Cleaned!D15="",LOWER(Cleaned!D15)="not available",LOWER(Cleaned!D15)="not found"),"Not Available",HYPERLINK(Cleaned!D15,"Maps")) -> Maps | G15: h.s, shops, Mahavir Shraddha c, Plot no 11-B, opp. Kendriya Vihar Metro Station Road | H15: 4.9 | I15: 274 | J15: +91 86578 62385 | K15: "The treatments have made a noticeable difference in my skin and hair health." | L15: Low | M15: None
A16: 15 | B16: BCA CLINIC NAVI MUMBAI by Deepali Banerjee | C16: Skin care clinic | D16: =IF(OR(Cleaned!A16="",LOWER(Cleaned!A16)="not available",LOWER(Cleaned!A16)="not found"),"Not Available",HYPERLINK(Cleaned!A16,"Website")) -> Website | E16: =IF(OR(Cleaned!C16="",LOWER(Cleaned!C16)="not available",LOWER(Cleaned!C16)="not found"),"Not Available",HYPERLINK(Cleaned!C16,"Instagram")) -> Instagram | F16: =IF(OR(Cleaned!D16="",LOWER(Cleaned!D16)="not available",LOWER(Cleaned!D16)="not found"),"Not Available",HYPERLINK(Cleaned!D16,"Maps")) -> Maps | G16: PLOT NO.- 88, 18, Palm Beach Rd | H16: Not Found | I16: Not Found | J16: Not Found | K16: "⭐⭐⭐⭐⭐ Dr. FM Chogle is very friendly and highly experienced." | L16: Low | M16: None
A17: 16 | B17: Be You Aesthetics Clinic- Ayurvedic doctor | C17: Skin care clinic | D17: =IF(OR(Cleaned!A17="",LOWER(Cleaned!A17)="not available",LOWER(Cleaned!A17)="not found"),"Not Available",HYPERLINK(Cleaned!A17,"Website")) -> Website | E17: =IF(OR(Cleaned!C17="",LOWER(Cleaned!C17)="not available",LOWER(Cleaned!C17)="not found"),"Not Available",HYPERLINK(Cleaned!C17,"Instagram")) -> Not Available | F17: =IF(OR(Cleaned!D17="",LOWER(Cleaned!D17)="not available",LOWER(Cleaned!D17)="not found"),"Not Available",HYPERLINK(Cleaned!D17,"Maps")) -> Maps | G17: ground floor, Sector 4, Neelkanth Apartments, C-5/8/0:4, beside Akshar investment services | H17: 4.9 | I17: 16 | J17: +91 87796 00322 | K17: "The staff is friendly and the is clean and well-equipped" | L17: Medium | M17: Digital marketing
