Workbook

Sheet Notes
C7: YOGA LEADS MUMBAI - COLLECTED AND PREPARED BY AKISHABHUJEL@GMAIL.COM
C11: YOGA INSTITUTE DATASET
C13: LOCATION - NAVI MUMBAI
C15: TOTAL UNIQUE DATAS - 108. DATA COLLECTED NAMES, CONTACT, WEBSITE, LOCATION, INDUSTRY.
C17: EVERYTHING IN THE SHEET ARE COLLECTED FROM PUBLIC AVAILABLE INFORMATION ON GOOGLE.

Sheet Raw
A1: OSrXXb | B1: rllt__details | C1: yi40Hd | D1: Reviews | E1: rllt__details 2 | F1: rllt__details 3 | G1: rllt__details 4 | H1: rllt__details 5 | I1: uDyWh | J1: yYlJEf href | K1: QuU3Wb | L1: yYlJEf href 2 | M1: QuU3Wb 2 | N1: uDyWh 2
A2: Yog with Sushmita | B2: · Yoga studio | C2: 4.8 | D2: -156 | E2: 7+ years in business · Navi Mumbai, Maharashtra, India | F2: · +91 70453 52810 | G2: · Closes 9:30 PM | H2: Open | I2: "Love the positive energy here & the instructor is very skilled." | J2: https://www.sushmitamukhia.co.in/ | K2: Website | L2: https://www.google.com/maps/dir//Plot+no+18a,+Yog+with+Sushmita,+Shree+Ganesh+CHSL,+Shop+Num+7+%26+8,+Plot+number+18+A,+Sector+14,+Sanpada,+Navi+Mumbai,+Maharashtra+400705,+India/data=!4m6!4m5!1m1!4e2!1m2!1m1!1s0x3be7c11941d09c61:0xdcb3e77543ed6203?sa=X&ved=1t:57443&ictx=111 | M2: Directions
A3: Yoga Vidya Niketan"s "YOG BHAVAN" | B3: · Yoga studio | C3: 4.8 | D3: -263 | E3: 10+ years in business · Navi Mumbai, Maharashtra, India | F3: · +91 93216 43305 | G3: · Closes 8 PM | H3: Open | I3: "The course prepares one as a confident teacher ." | J3: https://yogavidyaniketan.zohocommerce.in/ | K3: Website | L3: https://www.google.com/maps/dir//Yoga+Vidya+Niketan%22s+%22YOG+BHAVAN%22,+Yoga+Vidya+Niketan,+Plot+No:14,+Chowk,+Sector+9A,+Vashi,+Navi+Mumbai,+Maharashtra+400703,+India/data=!4m6!4m5!1m1!4e2!1m2!1m1!1s0x3be7c1338fffffff:0xc7e47b3442ab3ca6?sa=X&ved=1t:57443&ictx=111 | M3: Directions | N3: yoga
A4: International Sahaja Yoga Research and Health Centre | B4: · Yoga studio | C4: 4.8 | D4: -256 | E4: Navi Mumbai, Maharashtra, India | F4: · +91 83691 10612 | G4: · Closes 6 PM | H4: Open | I4: "Adopt Sahaja meditation , elevate your life." | J4: https://www.sahajahealthcentre.com/ | K4: Website | L4: https://www.google.com/maps/dir//International+Sahaja+Yoga+Research+and+Health+Centre,+Plot+No.+1,+Sector+8,+CBD+Belapur,+Navi+Mumbai,+Maharashtra+400614,+India/data=!4m6!4m5!1m1!4e2!1m2!1m1!1s0x3be7c3b535fd037f:0x135a7312f6ca3990?sa=X&ved=1t:57443&ictx=111 | M4: Directions | N4: yoga
A5: Yoga Sadhana Mandir | B5: · Yoga studio | C5: 4.9 | D5: -160 | E5: 10+ years in business · Navi Mumbai, Maharashtra, India | F5: · +91 98673 85786 | G5: · Closes 9 PM | H5: Open | I5: "In this classes, the teachers are really well experienced." | J5: https://www.ysmyoga.com/ | K5: Website | L5: https://www.google.com/maps/dir//Yoga+Sadhana+Mandir,+3+Plot+no.+41,+above+Shree+Krishna+mandir,+Nerul+East,+Sector+19A,+Navi+Mumbai,+Maharashtra+400706,+India/data=!4m6!4m5!1m1!4e2!1m2!1m1!1s0x3be7c3c7243940bd:0x73fbf7448782bc85?sa=X&ved=1t:57443&ictx=111 | M5: Directions | N5: Yoga
A6: Nirvana Yoga Community Studio by Shradha | B6: · Yoga studio | C6: 4.9 | D6: -128 | E6: 10+ years in business · Panvel, Maharashtra, India | F6: · +91 98334 14151 | G6: · Closes 8 PM | H6: Open | I6: "I left each session feeling rejuvenated and more connected to my body." | J6: https://www.youtube.com/watch?v=IOv-F95L3MI | K6: Website | L6: https://www.google.com/maps/dir//Shop+No:+42%2643,+Nirvana+Yoga+Community+Studio+by+Shradha,+KESAR+GARDENS,+Plot+no:+53,+opposite+Ramsheth+Thakur+Public+School,+Sector+20,+Kharghar,+Panvel,+Maharashtra+410210,+India/data=!4m6!4m5!1m1!4e2!1m2!1m1!1s0x3be7c3172175d633:0x6f16cea8ab96d6b3?sa=X&ved=1t:57443&ictx=111 | M6: Directions
A7: Yoga classes offline and online | B7: · Yoga studio | C7: 5.0 | D7: -300 | E7: 7+ years in business · Navi Mumbai, Maharashtra, India | F7: · +91 80555 77374 | G7: · Closes 9 PM | H7: Open | I7: "Easy to follow, gentle stretches, and very relaxing 😌" | J7: http://www.allaboutyoga.in/ | K7: Website | L7: https://www.google.com/maps/dir//Yoga+classes+offline+and+online,+Stree+Mukti+Sanghatana,+Sector+18,+Kopar+Khairane,+Navi+Mumbai,+Maharashtra+400709,+India/data=!4m6!4m5!1m1!4e2!1m2!1m1!1s0x3be7c16c64dc54a3:0x1b1239445ca13076?sa=X&ved=1t:57443&ictx=111 | M7: Directions
A8: Yogam Isha Hatha Yoga - Navi Mumbai | B8: · Yoga studio | C8: 4.5 | D8: -355 | E8: Navi Mumbai, Maharashtra, India | I8: " program conducted by Isha Hatha trained teacher." | J8: https://www.instagram.com/yogam.life?igsh=MXZ5MHdyc2Y5Z3F3cw== | K8: Website | L8: https://www.google.com/maps/dir//Yogam+Isha+Hatha+Yoga+-+Navi+Mumbai,+Mayuresh+Square+301,+Sector+15,+CBD+Belapur,+Navi+Mumbai,+Maharashtra+400614,+India/data=!4m6!4m5!1m1!4e2!1m2!1m1!1s0x3be7c238c251f225:0x7cd21c4ac74648c2?sa=X&ved=1t:57443&ictx=111 | M8: Directions | N8: Yoga
A9: Oshiva Yoga | B9: · Yoga studio | C9: 5.0 | D9: -103 | E9: 10+ years in business · Navi Mumbai, Maharashtra, India | F9: · +91 97693 15233 | G9: · Closes 8 PM | H9: Open | I9: "Their teaching style is calm, clear, and deeply insightful." | J9: https://oshivayoga.in/ | K9: Website | L9: https://www.google.com/maps/dir//Oshiva+Yoga,+Community+Hall,+opp.+Grand+Central+Mall,+Konkan+Rail+Vihar,+Sector+40,+Seawoods,+Navi+Mumbai,+Maharashtra+400706,+India/data=!4m6!4m5!1m1!4e2!1m2!1m1!1s0x3be7c3473a9206b9:0xd4d99c4858521ddb?sa=X&ved=1t:57443&ictx=111 | M9: Directions
A10: Yoga journey | B10: · Yoga studio | C10: 5.0 | D10: -243 | E10: 7+ years in business · Maharashtra, India | G10: · Closes 5 PM Tue | H10: Open | I10: "She taught me various methods of ." | J10: https://www.facebook.com/yoga143/ | K10: Website | L10: https://www.google.com/maps/dir//Yoga+journey,+chowk+multispeciality+hospital,+near+by+tempo+naka,+Chauk,+Maharashtra+410207,+India/data=!4m6!4m5!1m1!4e2!1m2!1m1!1s0x3be7e9b6fb324feb:0x28c6e722717683ac?sa=X&ved=1t:57443&ictx=111 | M10: Directions | N10: yoga
A11: Shunyamudra Yoga & Wellness Centre | B11: · Yoga studio | C11: 4.9 | D11: -88 | E11: 5+ years in business · Navi Mumbai, Maharashtra, India | F11: · +91 77770 16109 | G11: · Closes 9 PM | H11: Open | I11: "Transformative experience with exceptional instructors." | J11: http://www.shunyamudra.com/ | K11: Website | L11: https://www.google.com/maps/dir//Shop+no+21,+Shunyamudra+Yoga+%26+Wellness+Centre,+Bhoomi+Heights,+opposite+Little+World+Mall,+Sector+8,+Kharghar,+Navi+Mumbai,+Maharashtra+410210,+India/data=!4m6!4m5!1m1!4e2!1m2!1m1!1s0x3be7c32836927f6f:0x437bd17bdf179ac6?sa=X&ved=1t:57443&ictx=111 | M11: Directions | N11: yoga
A12: Yoga Asanaaa Traditional Yoga Studio | B12: · Yoga studio | C12: 4.9 | D12: -56 | E12: 3+ years in business · Navi Mumbai, Maharashtra, India | F12: · +91 98671 07899 | G12: · Closes 8 PM | H12: Open | I12: "Very relaxing and body work class, lovely atmosphere and vibe" | J12: https://www.instagram.com/yoga_asanaaa/?hl=en | K12: Website | L12: https://www.google.com/maps/dir//shop+no,+Yoga+Asanaaa+Traditional+Yoga+Studio,+Eurokids,+Plot+44+%26+45,+2+%26+3,+Sector+15,+CBD+Belapur,+Navi+Mumbai,+Maharashtra+400614,+India/data=!4m6!4m5!1m1!4e2!1m2!1m1!1s0x3be7c3aa07aaaaab:0x48f7d935a496d6fc?sa=X&ved=1t:57443&ictx=111 | M12: Directions | N12: yoga
A13: YogAhara | B13: · Yoga retreat center | C13: 4.9 | D13: -87 | E13: Navi Mumbai, Maharashtra, India | F13: · +91 89833 38833 | G13: · Closes 8 PM | H13: Open | I13: "Each class feels safe, positive, and full of good energy." | L13: https://www.google.com/maps/dir//Plot+No.63,+YogAhara,+Progressive+Villa+C,+Sector+20,+CBD+Belapur,+Navi+Mumbai,+Maharashtra+400614,+India/data=!4m6!4m5!1m1!4e2!1m2!1m1!1s0x3be7c3e46c4981d7:0xb7b17a958a6b813f?sa=X&ved=1t:57443&ictx=111 | M13: Directions
A14: Yoga 108 Studio | B14: · Yoga studio | C14: 4.9 | D14: -92 | E14: 7+ years in business · Navi Mumbai, Maharashtra, India | F14: · +91 93722 46727 | G14: · Closes 9 PM | H14: Open | I14: "Your sessions have helped improve my flexibility." | L14: https://www.google.com/maps/dir//Yoga+108+Studio,+Building+A11,+Flat.+1,+Kendriya+Vihar,+Sector+11,+Kharghar,+Navi+Mumbai,+Maharashtra+410210,+India/data=!4m6!4m5!1m1!4e2!1m2!1m1!1s0x3be7e90e1a20009b:0x72983055471418d9?sa=X&ved=1t:57443&ictx=111 | M14: Directions | N14: yoga
A15: Dr. Kalyani's Yoga | B15: · Yoga studio | C15: 4.8 | D15: -81 | E15: 10+ years in business · Navi Mumbai, Maharashtra, India | F15: · +91 76205 95613 | G15: · Closes 10 PM | H15: Open | I15: "I can say that because I was a extremely sceptical about ." | L15: https://www.google.com/maps/dir//Dr.+Kalyani's+Yoga,+Shop+No.+01,+Plot+No.+23,+Ground+Floor,+Sec-18A,+beside+to+Ganesh+Talav,+Nerul,+Navi+Mumbai,+Maharashtra+400706,+India/data=!4m6!4m5!1m1!4e2!1m2!1m1!1s0x3be7c375d063845b:0x91b15efacb3d48c6?sa=X&ved=1t:57443&ictx=111 | M15: Directions | N15: yoga
A16: YogaaNation-Yoga Clasess in Nerul West | B16: · Yoga studio | C16: 4.9 | D16: -57 | E16: 10+ years in business · Navi Mumbai, Maharashtra, India | F16: · +91 96532 10275 | G16: · Closes 8:30 PM | H16: Open | I16: "After the classes, I feel so relaxed, energetic and healthy." | J16: https://www.instagram.com/yogaaanation?igsh=MzJrazR5c2M1Yjlr | K16: Website | L16: https://www.google.com/maps/dir//Shop+C-34,+YogaaNation-Yoga+Clasess+in+Nerul+West,+Neighbourhood+Shopping+Complex,+Plot+10%2F11,+near+SBI+Bank+and+Rasoi+Restaurant,+Sector+4,+Nerul+West,+Navi+Mumbai,+Maharashtra+400706,+India/data=!4m6!4m5!1m1!4e2!1m2!1m1!1s0x3be7c3ca10046b87:0x3214b8bf35a12b3a?sa=X&ved=1t:57443&ictx=111 | M16: Directions | N16: yoga
A17: YOGREEKA YOGA FITNESS STUDIO | B17: · Yoga studio | C17: 4.9 | D17: -59 | E17: 3+ years in business · Navi Mumbai, Maharashtra, India | F17: · +91 99702 63472 | G17: · Closes 8 PM | H17: Open | I17: "The instructor is patient and ensures our posture is correct." | L17: https://www.google.com/maps/dir//Shop+No.+4,+YOGREEKA+YOGA+FITNESS+STUDIO,+Mangal+Krupa+Society,+near+Datta+Mandir,+Sector+11,+Kopar+Khairane,+Navi+Mumbai,+Maharashtra+400709,+India/data=!4m6!4m5!1m1!4e2!1m2!1m1!1s0x3be7c124320dd0f7:0x1290e391d6bde764?sa=X&ved=1t:57443&ictx=111 | M17: Directions
A18: Blue Eye Yoga Studio | B18: · Yoga studio | C18: 5.0 | D18: -131 | E18: 3+ years in business · Navi Mumbai, Maharashtra, India | F18: · +91 98209 28789 | G18: · Closes 9 PM | H18: Open | I18: "Each class leaves me feeling relaxed, energized, and centered." | L18: https://www.google.com/maps/dir//Shop+No.+05,+Blue+Eye+Yoga+Studio,+The+Signature,+Plot+No.+71,+beside+The+Signature,+Sector+44,+Seawoods,+Navi+Mumbai,+Maharashtra+400706,+India/data=!4m6!4m5!1m1!4e2!1m2!1m1!1s0x3be7c37675321a89:0xe6babb6ab317e62b?sa=X&ved=1t:57443&ictx=111 | M18: Directions
A19: YOGA MUDRA FITNESS CLASSES ALIES YOGANESH FITNESS CLASSES | B19: · Yoga studio | C19: 5.0 | D19: -225 | E19: Navi Mumbai, Maharashtra, India | F19: · +91 87792 41367 | G19: · Closes 10 PM | H19: Open | I19: "The teacher is very friendly, helpful, and highly experienced." | J19: https://yogamudrafitnessclasses.com/ | K19: Website | L19: https://www.google.com/maps/dir//901,+902,+YOGA+MUDRA+FITNESS+CLASSES+ALIES+YOGANESH+FITNESS+CLASSES,+Nms+Icon,+PLOT+NO.+194,+Sector+19,+Ulwe,+Navi+Mumbai,+Maharashtra+410206,+India/data=!4m6!4m5!1m1!4e2!1m2!1m1!1s0x3be7c31878a5c22b:0x5e77ef7487ef61f3?sa=X&ved=1t:57443&ictx=111 | M19: Directions | N19: yoga
A20: Yog Sanskruti Studio | B20: · Yoga studio | C20: 4.9 | D20: -43 | E20: Navi Mumbai, Maharashtra, India | F20: · +91 85912 70868 | G20: · Closes 10 PM | H20: Open | I20: "Mamta mam is a talented, motivating and dedicated teacher." | L20: https://www.google.com/maps/dir//Yog+Sanskruti+Studio,+Megh+Malhar+society+building+no+L02,+shop+02,+Sector+11,+Jijamata+Nagar,+Ghansoli,+Navi+Mumbai,+Maharashtra+400701,+India/data=!4m6!4m5!1m1!4e2!1m2!1m1!1s0x3be7c100228a3da1:0xa695e6c700aaafbb?sa=X&ved=1t:57443&ictx=111 | M20: Directions | N20: yoga
A21: The Yoga Institute | B21: · Yoga studio | C21: 4.8 | D21: (1.1K) | E21: 105+ years in business · Mumbai, Maharashtra, India | F21: · +91 70455 58181 | G21: · Closes 8 PM | H21: Open | I21: "A life changing experience that nurtures the body, mind and spirit 🙏🙏" | J21: http://theyogainstitute.org/ | K21: Website | L21: https://www.google.com/maps/dir//The+Yoga+Institute,+Sri+Yogendra+Marg,+Prabhat+Colony,+Santacruz+East,+Mumbai,+Maharashtra+400055,+India/data=!4m6!4m5!1m1!4e2!1m2!1m1!1s0x3be7c9a916aaaaab:0xb1b1dcb9c91cb9a?sa=X&ved=1t:57443&ictx=111 | M21: Directions
A22: Shri Ambika Yoga Kutir, CBD Belapur Navi Mumbai | B22: · Yoga retreat center | C22: 5.0 | D22: -51 | E22: Navi Mumbai, Maharashtra, India | F22: · +91 98196 79480 | G22: · Closes 7 PM | H22: Open | I22: "Class is free of cost due to their devoted & dedicated Teacher." | J22: http://ambikayogkutir.org/ | K22: Website | L22: https://www.google.com/maps/dir//Shri+Ambika+Yoga+Kutir,+CBD+Belapur+Navi+Mumbai,+Shri+Ambika+yog+Vanousadhi,+medicinal+plant+nursery)+kendra,+Sector+9N,+CBD+Belapur,+Navi+Mumbai,+Maharashtra+400614,+India/data=!4m6!4m5!1m1!4e2!1m2!1m1!1s0x3be7c3b56ce4f723:0x14ec6f5e2d6c2e3c?sa=X&ved=1t:57443&ictx=111 | M22: Directions | N22: Yoga
A23: Drona Yoga | B23: · Yoga instructor | C23: 5.0 | D23: -88 | E23: Navi Mumbai, Maharashtra, India | F23: · +91 95400 04700 | G23: · Closes 9 PM | H23: Open | I23: "Perfect teacher with true passion and great teaching style." | J23: https://youtube.com/shorts/fjfV47qOJ4s?feature=shared | K23: Website | L23: https://www.google.com/maps/dir//Drona+Yoga,+Parsik+Hill+Rd,+Sector+30,+CBD+Belapur,+Navi+Mumbai,+Maharashtra+400614,+India/data=!4m6!4m5!1m1!4e2!1m2!1m1!1s0x3be7c3048598dcb3:0xb2a5c6f6c0b93ecf?sa=X&ved=1t:57443&ictx=111 | M23: Directions | N23: yoga
A24: Swami Vivekananda Yoga Kendra - Online Mediation Classes & online Yoga Courses | B24: · Yoga studio | C24: 4.8 | D24: -260 | E24: 15+ years in business · Navi Mumbai, Maharashtra, India | G24: · Closes 9 PM | H24: Open | I24: "Very nice way of teaching online..." | J24: http://www.vivekanandayoga.in/ | K24: Website | L24: https://www.google.com/maps/dir//Plot+No+20,+Swami+Vivekananda+Yoga+Kendra+-+Online+Mediation+Classes+%26+online+Yoga+Courses,+Indian+Welfare+Association+SIWA,+Swami+Vivekananda+Yoga+Kendra,+South,+Sector+14,+Kopar+Khairane,+Navi+Mumbai,+Maharashtra+400709,+India/data=!4m6!4m5!1m1!4e2!1m2!1m1!1s0x3be7c0d6ffffffff:0x8a34b8cef9ecbc2?sa=X&ved=1t:57443&ictx=111 | M24: Directions | N24: yoga
A25: Vitalis - Pilates Yoga & Physiotherapy | B25: · Yoga studio | C25: 4.9 | D25: -81 | E25: Navi Mumbai, Maharashtra, India | F25: · +91 85912 82742 | G25: · Closes 10 PM | H25: Open | I25: "... experience,feel great 👍 good class &with proper coach 😊" | J25: https://vitalismove.com/ | K25: Website | L25: https://www.google.com/maps/dir//Shop+No.+20+%26+21,+Vitalis+-+Pilates+Yoga+%26+Physiotherapy,+Dhara+Complex,+Sector+44A,+Seawoods,+Navi+Mumbai,+Maharashtra+400706,+India/data=!4m6!4m5!1m1!4e2!1m2!1m1!1s0x3be7c385e3cc0ea3:0xcc20adc45d70bff8?sa=X&ved=1t:57443&ictx=111 | M25: Directions | N25: yoga
A26: YOGA CLASS (Shakti Yog Sadhana) | B26: · Yoga studio | C26: 4.9 | D26: -108 | E26: 5+ years in business · Navi Mumbai, Maharashtra, India | F26: · +91 98199 95302 | G26: · Opens 6 AM Tue | H26: Closed | I26: "The sessions conducted by Nisha and Kavita madam are very effective." | J26: https://www.instagram.com/shakti_yog_sadhana?igsh=dnV2OTljbHVhaWV5 | K26: Website | L26: https://www.google.com/maps/dir//YOGA+CLASS+(Shakti+Yog+Sadhana),+Nurturing+roots+Yoga+Class+Hari+Dharshan+society,+Plot+No.+1,+Sector+9,+Ulwe,+Navi+Mumbai,+Maharashtra+410206,+India/data=!4m6!4m5!1m1!4e2!1m2!1m1!1s0x3be7c316baf3143f:0x9a486465b9ad34e1?sa=X&ved=1t:57443&ictx=111 | M26: Directions | N26: yoga
A27: Healing Soul Studio | B27: · Yoga studio | C27: 4.9 | D27: -47 | E27: 3+ years in business · Navi Mumbai, Maharashtra, India | F27: · +91 84540 05360 | G27: · Closes 7 PM | H27: Open | I27: "My body felt lighter, my breath deeper, and my heart more open." | L27: https://www.google.com/maps/dir//Healing+Soul+Studio,+Shop+No.26,+Neelkanth+Pride,+Plot+No.+35,+36,+Seawoods+West,+Sector+42A,+Navi+Mumbai,+Maharashtra+400706,+India/data=!4m6!4m5!1m1!4e2!1m2!1m1!1s0x3be7c3fd8240ffa9:0xfccd3785b9b521e8?sa=X&ved=1t:57443&ictx=111 | M27: Directions
A28: New Aura Health & Fitness Institute | Yoga Classes in Kharghar Navi Mumbai | B28: · Yoga studio | C28: 5.0 | D28: -87 | E28: Panvel, Maharashtra, India | F28: · +91 89286 81639 | H28: Open 24 hours | I28: "I feel so stress-free, relaxed, and energetic after joining this class." | L28: https://www.google.com/maps/dir//H5,+New+Aura+Health+%26+Fitness+Institute+%7C+Yoga+Classes+in+Kharghar+Navi+Mumbai,+Chs,+1403,+Sector+36,+Kharghar,+Panvel,+Maharashtra+410210,+India/data=!4m6!4m5!1m1!4e2!1m2!1m1!1s0x3be7c1e0752b931d:0x3d252f3af340a1f8?sa=X&ved=1t:57443&ictx=111 | M28: Directions | N28: yoga
A29: RFSS Yoga & Fitness Academy | B29: · Yoga studio | C29: 5.0 | D29: -36 | E29: Navi Mumbai, Maharashtra, India | F29: · +91 75459 20285 | G29: · Closes 10 PM | H29: Open | I29: "Amazing classes Sir is polite and teaches really well 👍" | J29: https://www.rfss.co.in/ | K29: Website | L29: https://www.google.com/maps/dir//Shop+No.3,+RFSS+Yoga+%26+Fitness+Academy,+Tricity+Panache,+Plot+no+7,+Sector+38,+Seawoods,+Navi+Mumbai,+Maharashtra+400706,+India/data=!4m6!4m5!1m1!4e2!1m2!1m1!1s0x3be7c3c152d1ad4b:0x235ebb44e1a3d097?sa=X&ved=1t:57443&ictx=111 | M29: Directions
A30: Yoga With Indra | B30: · Yoga instructor | C30: 5.0 | D30: -14 | E30: Navi Mumbai, Maharashtra, India | F30: · +91 81087 70760 | H30: Open 24 hours | I30: "An amazing instructor who teaches with so much dedication and detail." | J30: https://www.instagram.com/the_yoga_granny?igsh=OWg2Y3A0eDdyNGJh | K30: Website | L30: https://www.google.com/maps/dir//a+and+b,+Yoga+With+Indra,+Twins+Heritage+CHS,+Plot+79,+Sector+19A,+Nerul,+Navi+Mumbai,+Maharashtra+400706,+India/data=!4m6!4m5!1m1!4e2!1m2!1m1!1s0x3be7c323ba56a39d:0x4c18dec19ebbc8c7?sa=X&ved=1t:57443&ictx=111 | M30: Directions | N30: yoga
A31: GREEN TARA YOGA AND WELLNESS | B31: · Yoga studio | C31: 5.0 | D31: -11 | E31: Kharghar, Navi Mumbai, Maharashtra, India | G31: · Closes 8:30 PM | H31: Open | I31: "Amazing teacher with positive energy and great guidance." | J31: http://www.greentarayogastudio.com/ | K31: Website | L31: https://www.google.com/maps/dir//Office+129+,1st+Floor,+GREEN+TARA+YOGA+AND+WELLNESS,+Grow+More+Tower,+Plot+no+5,+Sector+2,+Kharghar,+Navi+Mumbai,+Maharashtra+410210,+India/data=!4m6!4m5!1m1!4e2!1m2!1m1!1s0x3be7c3007383a603:0xbbc2f3c69d8df00f?sa=X&ved=1t:57443&ictx=111 | M31: Directions | N31: yoga
A32: Rising yoga Studio | B32: · Yoga studio | C32: 4.9 | D32: -13 | E32: Panvel, Maharashtra, India | G32: · Opens 11 AM Tue | H32: Closed | I32: "The class with the kind and supportive instructor was wonderful." | L32: https://www.google.com/maps/dir//Ground+Floor,+Rising+yoga+Studio,+Om+Harmony,+Ultra+Instinct+Fitness+Chamber,+Sector+10,+Kharghar,+Panvel,+Maharashtra+410210,+India/data=!4m6!4m5!1m1!4e2!1m2!1m1!1s0x3be7c3a676064f0f:0x253dba676d84c98a?sa=X&ved=1t:57443&ictx=111 | M32: Directions | N32: yoga
A33: YogAmbika | B33: · Yoga studio | C33: 5.0 | D33: -117 | E33: 10+ years in business · Panvel, Maharashtra, India | F33: · +91 95570 36487 | G33: · Closes 8 PM | H33: Open | I33: "It is very calm and quiet and the practices are really good." | J33: http://www.yogambika.in/ | K33: Website | L33: https://www.google.com/maps/dir//YogAmbika,+Srujan+Kids,+Anushaktinagar,+Sector+10,+Kharghar,+Panvel,+Maharashtra+410210,+India/data=!4m6!4m5!1m1!4e2!1m2!1m1!1s0x3be7c36b6841cd9f:0x9f9680c110476cb4?sa=X&ved=1t:57443&ictx=111 | M33: Directions | N33: yoga
A34: MAHESHWARI YOGA | B34: · Yoga studio | C34: 4.9 | D34: -228 | E34: 7+ years in business · Navi Mumbai, Maharashtra, India | F34: · +91 93218 50787 | G34: · 5 PM | H34: Opens soon | I34: "Great institute with skilled and supportive instructors." | J34: https://maheshwariyoga.com/ | K34: Website | L34: https://www.google.com/maps/dir//Shop+18%2619,+MAHESHWARI+YOGA,+Green+Palms,+Sector+15,+Ghansoli,+Navi+Mumbai,+Maharashtra+400701,+India/data=!4m6!4m5!1m1!4e2!1m2!1m1!1s0x3be7c1f452fb94ab:0x9eb3dea611053b?sa=X&ved=1t:57443&ictx=111 | M34: Directions | N34: yoga
A35: Zumba Fitness With Raksha and Neha | B35: · Fitness center | C35: 5.0 | D35: -12 | E35: 3+ years in business · Navi Mumbai, Maharashtra, India | F35: · +91 88284 02238 | G35: · Closes 10 PM | H35: Open | I35: "Amazing work out and classes feel so great and relaxed after class" | L35: https://www.google.com/maps/dir//second+Floor,+Zumba+Fitness+With+Raksha+and+Neha,+Orkid+academy,+Merchant+Classic+Building,+Plot+No.3,+above+Ratna+Konkan+restaurant,+Sector+48-A,+Seawoods,+Navi+Mumbai,+Maharashtra+400706,+India/data=!4m6!4m5!1m1!4e2!1m2!1m1!1s0x3be7c38fcd47c2ab:0xe85ec1e08a0a1355?sa=X&ved=1t:57443&ictx=111 | M35: Directions | N35: yoga
A36: Vimukti Yoga and Wellness center | B36: · Yoga studio | C36: 5.0 | D36: -50 | E36: 10+ years in business · Navi Mumbai, Maharashtra, India | F36: · +91 80975 08815 | G36: · Closes 8 PM | H36: Open | I36: "Me and my wife are taking sessions regularly from him for past 3 years" | J36: https://vimuktiyoga.com/ | K36: Website | L36: https://www.google.com/maps/dir//4th+floor,+Vimukti+Yoga+and+Wellness+center,+Ashram+kant+darshan+Darbar,+plot+no+315-316,+Sector+6,+Nerul,+Navi+Mumbai,+Maharashtra+400706,+India/data=!4m6!4m5!1m1!4e2!1m2!1m1!1s0x3be7c30d8684ee45:0x6a1ae50221a6fe0b?sa=X&ved=1t:57443&ictx=111 | M36: Directions | N36: yoga
A37: AnandaLaxmi Yoga | B37: · Yoga studio | C37: 4.9 | D37: -12 | E37: 3+ years in business · Navi Mumbai, Maharashtra, India | F37: · +91 91672 00801 | H37: Open 24 hours | I37: "Excellent classes with a calm and welcoming atmosphere." | J37: https://www.anandalaxmiyoga.co.in/ | K37: Website | L37: https://www.google.com/maps/dir//%2628,+AnandaLaxmi+Yoga,+coming+soon,+First+Floor+Vitthal+Rukmini+Mandir+opp+nerul+gymkhana+sector+28+nerul+Location+1+sector+28,+location+2+sector+22+Branch:+vashi,+Nerul+22,+Kharghar,+Navi+Mumbai,+Maharashtra+400706,+India/data=!4m6!4m5!1m1!4e2!1m2!1m1!1s0x3be7c3abba0597d3:0x1403a4d9a0f4c1aa?sa=X&ved=1t:57443&ictx=111 | M37: Directions | N37: Yoga
A38: THE YOGA ART - Seawoods | B38: · Yoga studio | C38: 4.8 | D38: -45 | E38: Panvel, Maharashtra, India | G38: · Closes 8 PM | H38: Open | I38: "Joining the art for weight loss." | J38: https://theyoga.artcastle.org.in/ | K38: Website | L38: https://www.google.com/maps/dir//C%2Fo+Mindseed,+THE+YOGA+ART+-+Seawoods,+Lakhani's+Palm+view,+Plot+12,+Sector-48,+Seawoods,+Panvel,+Maharashtra+400706,+India/data=!4m6!4m5!1m1!4e2!1m2!1m1!1s0x3be7c344bae2688f:0x98eab19e9a451f41?sa=X&ved=1t:57443&ictx=111 | M38: Directions | N38: yoga
A39: Female yoga teacher at home in Kharghar | B39: · Yoga instructor | C39: 4.9 | D39: -44 | E39: · +91 96532 37116 | G39: · Closes 9 PM | H39: Open | I39: "Your sessions are a wonderful combination of stress relief and fitness." | J39: http://swamiyogi.com/ | K39: Website | N39: yoga
A40: Acarya Yoga | B40: · Yoga instructor | C40: 5.0 | D40: -41 | E40: +91 99208 00193 | I40: "She is not just instructor but also very talented and good human being." | J40: https://instagram.com/acaryayoga?igshid=YmMyMTA2M2Y= | K40: Website | N40: yoga
A41: Yogaa for all | B41: · Health consultant | C41: 4.3 | D41: -262 | E41: Navi Mumbai, Maharashtra, India | F41: · +91 90226 62895 | G41: · Closes 7 PM | H41: Open | I41: "This class very nice and effective, it’s productive" | L41: https://www.google.com/maps/dir//Yogaa+for+all,+Baps+swaminarayan+mandir+sect+20,+near+Balaji+Mandir+Road,+w,+Nerul,+Navi+Mumbai,+Maharashtra+400706,+India/data=!4m6!4m5!1m1!4e2!1m2!1m1!1s0x3be7c314657a7a95:0x6e736a99198a2842?sa=X&ved=1t:57443&ictx=111 | M41: Directions | N41: yoga
A42: New Age Yoga | B42: · Yoga studio | C42: 4.9 | D42: -273 | E42: 30+ years in business · Mumbai, Maharashtra, India | F42: · +91 93201 79320 | G42: · Closes 7:30 PM | H42: Open | I42: "The classes are calming, introspective, and perfect for stress relief." | J42: https://newageyoga.in/ | K42: Website | L42: https://www.google.com/maps/dir//New+Age+Yoga,+Hedgewar+Studio,+Hanuman+Rd,+opp.+Janata+Sahakari+Bank+Ltd,+Vile+Parle+East,+Vile+Parle,+Mumbai,+Maharashtra+400057,+India/data=!4m6!4m5!1m1!4e2!1m2!1m1!1s0x3be7c9b514b52cab:0xa97af96a67171e96?sa=X&ved=1t:57443&ictx=111 | M42: Directions
A43: Aarambh Yoga Institute | B43: · Yoga studio | C43: 4.9 | D43: -14 | E43: 10+ years in business · Mumbai, Maharashtra, India | F43: · +91 91361 22892 | G43: · Closes 6 PM | H43: Open | I43: "All the teachers are incredibly warm, knowledgeable, and notably patient." | J43: https://www.aarambhyoga.org/ | K43: Website | L43: https://www.google.com/maps/dir//Aarambh+Yoga+Institute,+Akshara+High+School,+Plot+No.124,+RSC+12+%26+13,+Sector+8,+Kandivali+West,+Mumbai,+Maharashtra+400067,+India/data=!4m6!4m5!1m1!4e2!1m2!1m1!1s0x3be7b145c0fd066f:0x953e5cc142cab9bc?sa=X&ved=1t:57443&ictx=111 | M43: Directions
A44: The Yoga Art - Cbd Belapur | B44: · Yoga studio | C44: 4.8 | D44: -35 | E44: Navi Mumbai, Maharashtra, India | G44: · Closes 10 PM | H44: Open | I44: "I have recently joined classes and have seen amazing results" | J44: https://www.theyoga.artcastle.org.in/ | K44: Website | L44: https://www.google.com/maps/dir//The+Yoga+Art+-+Cbd+Belapur,+Decathlon,+Trishul+Goldmine,+C%2Fo,+Sector+15,+CBD+Belapur,+Navi+Mumbai,+Maharashtra+400614,+India/data=!4m6!4m5!1m1!4e2!1m2!1m1!1s0x3be7c3074e36aa21:0x971871bf584634c8?sa=X&ved=1t:57443&ictx=111 | M44: Directions | N44: yoga
A45: Swasthya Medical Yoga Clinic Nerul | B45: · Yoga retreat center | C45: 5.0 | D45: -44 | E45: Navi Mumbai, Maharashtra, India | F45: · +91 93554 41199 | G45: · Opens 7 AM Tue | H45: Closed | I45: "Their expertise and guidance made every session enjoyable and rewarding." | J45: https://www.swasthya4everyone.com/ | K45: Website | L45: https://www.google.com/maps/dir//3rd+Floor,+Swasthya+Medical+Yoga+Clinic+Nerul,+Swasthya+Medical+Yoga+Clinic,+Shree+Ganapati+Ayyappa+Durgadevi+Kshetra,+Nerul+East,+Sector+29,+Nerul,+Navi+Mumbai,+Maharashtra+400706,+India/data=!4m6!4m5!1m1!4e2!1m2!1m1!1s0x3be7c367390c3a19:0x2d88d9ff7a65a137?sa=X&ved=1t:57443&ictx=111 | M45: Directions
A46: Yoga - We Live Yoga | B46: · Wellness program | C46: 5.0 | D46: -3 | E46: 3+ years in business · Navi Mumbai, Maharashtra, India | J46: http://www.weliveyoga.com/ | K46: Website | L46: https://www.google.com/maps/dir//Yoga+-+We+Live+Yoga,+Rajesh+Nayar+Marg,+Sector+4,+Nerul,+Navi+Mumbai,+Maharashtra+400706,+India/data=!4m6!4m5!1m1!4e2!1m2!1m1!1s0x3be7c376f2daa22f:0xb13b2245e4ef31cf?sa=X&ved=1t:57443&ictx=111 | M46: Directions
A47: YOG MUDRA FITNESS CLASSES | B47: · Yoga studio | C47: 5.0 | D47: -4 | E47: Navi Mumbai, Maharashtra, India | F47: · +91 96045 10493 | G47: · Closes 9:30 PM | H47: Open | I47: "The sessions are well-guided, calming, and full of positive energy." | J47: https://instagram.com/yogmudrafitness | K47: Website | L47: https://www.google.com/maps/dir//Office-602,603,+YOG+MUDRA+FITNESS+CLASSES,+Shagun+Realty+Insignia,+Plot.+195,+Navi+Mumbai,+Maharashtra+410206,+India/data=!4m6!4m5!1m1!4e2!1m2!1m1!1s0x3be7c3dfcca95fed:0xe804d57e15615da0?sa=X&ved=1t:57443&ictx=111 | M47: Directions
A48: Shri Mataji Shri Nirmala devi Sahaja yoga center | B48: · Yoga retreat center | C48: 5.0 | D48: -196 | E48: Navi Mumbai, Maharashtra, India | I48: "Must visit, all new people are welcome..." | L48: https://www.google.com/maps/dir//Shri+Mataji+Shri+Nirmala+devi+Sahaja+yoga+center,+1,+Sector+8A,+CBD+Belapur,+Navi+Mumbai,+Maharashtra+400614,+India/data=!4m6!4m5!1m1!4e2!1m2!1m1!1s0x3be7c3b2790c24e9:0x9983320ac5a159f7?sa=X&ved=1t:57443&ictx=111 | M48: Directions
A49: SPAARSH2FLY | B49: · Yoga studio | C49: 5.0 | D49: -182 | E49: 15+ years in business · Navi Mumbai, Maharashtra, India | I49: "The classes are fun, well-structured, and always leave me feeling motivated." | L49: https://www.google.com/maps/dir//SPAARSH2FLY,+Shah+heritage,218,2nd+floor,+seawoods+w,+opp.+DMart,+Navi+Mumbai,+Maharashtra+400706,+India/data=!4m6!4m5!1m1!4e2!1m2!1m1!1s0x3be7c3437346b8ef:0x7135871b93837ca4?sa=X&ved=1t:57443&ictx=111 | M49: Directions
A50: YOGA & ZUMBA CLASS CBD,BELAPUR WELLNESS,FITNESS CENTER | B50: · Health consultant | C50: 5.0 | D50: -69 | E50: Navi Mumbai, Maharashtra, India | F50: · +91 98702 80348 | G50: · Opens 7:30 PM | H50: Closed | I50: "Best place in CBD…Sunita maam is best teacher.." | L50: https://www.google.com/maps/dir//YOGA+%26+ZUMBA+CLASS+CBD,BELAPUR+WELLNESS,FITNESS+CENTER,+inside+Saibaba+mandir,+Artist+Village,+Sector+8,+CBD+Belapur,+Navi+Mumbai,+Maharashtra+400614,+India/data=!4m6!4m5!1m1!4e2!1m2!1m1!1s0x3be7c3c80c468201:0x16207a3c5d95526e?sa=X&ved=1t:57443&ictx=111 | M50: Directions | N50: yoga
A51: Best yoga Classes - Yogawithrajani | B51: · Yoga studio | C51: 4.8 | D51: -13 | E51: 10+ years in business · Mumbai, Maharashtra, India | F51: · +91 98193 33241 | H51: Open 24 hours | I51: "The instructor explains each pose clearly and encourages us throughout." | J51: http://www.yogawithrajani.com/ | K51: Website | L51: https://www.google.com/maps/dir//Best+yoga+Classes+-+Yogawithrajani,+Adarsh+krida+Mandal+Hall,+Kedarnath+temple,+near+by+Pinnacle+gym,+Nehru+Nagar,+Kurla,+Mumbai,+Maharashtra+400024,+India/data=!4m6!4m5!1m1!4e2!1m2!1m1!1s0x3be7c9b11a276853:0xd525b30dfe412e9f?sa=X&ved=1t:57443&ictx=111 | M51: Directions
A52: Namaste Yoga Classes | B52: · Yoga studio | C52: 5.0 | D52: -44 | E52: 10+ years in business · Mumbai, Maharashtra, India | F52: · +91 99303 99993 | G52: · Closes 7 PM | H52: Open | I52: "The instructor explains poses clearly and keeps the session well-paced." | J52: https://www.namasteyogaclasses.com/ | K52: Website | L52: https://www.google.com/maps/dir//Namaste+Yoga+Classes,+Jeevan+Bharat,+302+A,+17th+Rd,+near+Khar+Gymkhana,+Khar+West,+Mumbai,+Maharashtra+400052,+India/data=!4m6!4m5!1m1!4e2!1m2!1m1!1s0x3be7c90cfa878b01:0x6b5414b23b6532ba?sa=X&ved=1t:57443&ictx=111 | M52: Directions
A53: Mindful Yoga by Hema Shankar | B53: · Physical fitness program | C53: 5.0 | D53: -83 | E53: · +91 80808 99866 | G53: · Closes 7:15 PM | H53: Open | I53: "Ms. Hema, my instructor has helped me gain confidence in life." | J53: https://www.ivoryohysiotherapy.in/ | K53: Website | N53: yoga
A54: Sayyam By Prerna | B54: · Yoga instructor | C54: 5.0 | D54: -26 | E54: Navi Mumbai, Maharashtra, India | F54: · +91 96996 02220 | G54: · 5 PM | H54: Closes soon | I54: "Attended some sessions and thoroughly enjoyed them!" | J54: https://sayyambyprerna.com/ | K54: Website | L54: https://www.google.com/maps/dir//Sayyam+By+Prerna,+Seawoods,+Navi+Mumbai,+Maharashtra+400706,+India/data=!4m6!4m5!1m1!4e2!1m2!1m1!1s0x3be7c3be82c92ffd:0x93abaab4c77f04cd?sa=X&ved=1t:57443&ictx=111 | M54: Directions | N54: yoga
A55: Big Breathe Yoga and Fitness Studio|Best Yoga Classes In Near Kharghar-Zumba Classes Kharghar-Fitness Studio Near Me Kharghar | B55: · Yoga studio | C55: 4.8 | D55: -177 | E55: 7+ years in business · Panvel, Maharashtra, India | F55: · +91 93720 54498 | G55: · Closes 9 PM | H55: Open | I55: "Very good classes, gives equal attention to each student!" | J55: https://bigbreatheyoga.in/ | K55: Website | L55: https://www.google.com/maps/dir//Big+Breathe+Yoga+and+Fitness+Studio%7CBest+Yoga+Classes+In+Near+Kharghar-Zumba+Classes+Kharghar-Fitness+Studio+Near+Me+Kharghar,+The+Pacific+Building,+Sector+13,+Kharghar,+Panvel,+Maharashtra+410210,+India/data=!4m6!4m5!1m1!4e2!1m2!1m1!1s0x3be7c354f49dc047:0xa6f34be1e133d51f?sa=X&ved=1t:57443&ictx=111 | M55: Directions
A56: Rishi Yog - Yoga Classes At Home in Mumbai | B56: · Yoga studio | C56: 5.0 | D56: -219 | E56: 7+ years in business · Mumbai, Maharashtra, India | F56: · +91 89389 31515 | G56: · Closes 10 PM | H56: Open | I56: "Perfect for beginners who want to learn about the practice." | J56: https://rishiyogofficial.com/ | K56: Website | L56: https://www.google.com/maps/dir//Flat+no+72,+4th+floor,+Rishi+Yog+-+Yoga+Classes+At+Home+in+Mumbai,+Shiv+Sadan,+12,+Navi+Wadi,+Chira+Bazaar,+Mumbai,+Maharashtra+400002,+India/data=!4m6!4m5!1m1!4e2!1m2!1m1!1s0x3be7cf535f026753:0x3e3265e8e1b2a3a2?sa=X&ved=1t:57443&ictx=111 | M56: Directions | N56: yoga
A57: Soul Stream Studio | B57: · Yoga instructor | C57: 4.8 | D57: -56 | E57: 10+ years in business | G57: · Closes 8 PM | H57: Open | I57: " really transformed me and now it has become part of my daily routine." | J57: http://soulstreamstudio.org/ | K57: Website | N57: Yoga
A58: Yoga By SuRavi - Yoga Classes at Home in Mumbai | Expert Yoga Trainers at Home | B58: · Yoga instructor | C58: 5.0 | D58: -739 | E58: Mumbai, Maharashtra, India | F58: · +91 85919 81177 | G58: · Closes 9 PM | H58: Open | I58: "Amisha’s prenatal classes are calming, safe, and well-guided." | J58: https://yogabysuravi.com/ | K58: Website | L58: https://www.google.com/maps/dir//2nd+floor,+Yoga+By+SuRavi+-+Yoga+Classes+at+Home+in+Mumbai+%7C+Expert+Yoga+Trainers+at+Home,+Yunus+Building,+opposite+Atul+Project+Building,+near+metro+inox,+Navajeevan+Wadi,+Sonapur,+Marine+Lines,+Mumbai,+Maharashtra+400002,+India/data=!4m6!4m5!1m1!4e2!1m2!1m1!1s0x3be7cfd747d71dfb:0x74d77d2a986c583b?sa=X&ved=1t:57443&ictx=111 | M58: Directions | N58: yoga
A59: Adi Yoga - Yoga classes Mumbai | Yoga at Home | B59: · Yoga studio | C59: 4.9 | D59: -72 | E59: Mumbai, Maharashtra, India | F59: · +91 89286 81840 | G59: · Closes 10 PM | H59: Open | I59: "Very help full for health and really awesome teachers in Adi ." | J59: https://adiyoga.in/ | K59: Website | L59: https://www.google.com/maps/dir//Adi+Yoga+-+Yoga+classes+Mumbai+%7C+Yoga+at+Home,+Building+No.+8,+Jashoda+Mansions+3rd+Floor,+Marine+Lines+East,+Kalbadevi,+Mumbai,+Maharashtra+400002,+India/data=!4m6!4m5!1m1!4e2!1m2!1m1!1s0x3be7cf0580a2021b:0x49a1d25a92f86a35?sa=X&ved=1t:57443&ictx=111 | M59: Directions | N59: yoga
A60: The Yoga Institute, Vikhroli | B60: · Yoga studio | C60: 4.8 | D60: -10 | E60: 7+ years in business · Mumbai, Maharashtra, India | F60: · +91 98206 96800 | G60: · Closes 6 PM | H60: Open | I60: "Rahul is a fantastic teacher and also a great person." | L60: https://www.google.com/maps/dir//Unit+1,+The+Yoga+Institute,+Vikhroli,+Mahajan+Silk+Compound,+Lal+Bahadur+Shastri+Marg,+Surya+Nagar,+Vikhroli+West,+Mumbai,+Maharashtra+400079,+India/data=!4m6!4m5!1m1!4e2!1m2!1m1!1s0x3be7c751aec1e14f:0xfcfef5f71fee19b1?sa=X&ved=1t:57443&ictx=111 | M60: Directions
A61: NatureFit | B61: · Health consultant | C61: 4.7 | D61: -17 | E61: Navi Mumbai, Maharashtra, India | F61: · +91 89768 21409 | G61: · Closes 7:30 PM | H61: Open | I61: "Good informative and useful session by Nature fit team." | J61: https://naturefit.in/ | K61: Website | L61: https://www.google.com/maps/dir//Office+No+1508,+NatureFit,+Plan+S+Business+Park,+Plot+180%2F1,+opp.+to+D+Y+Patil+Stadium,+MIDC+Industrial+Area,+Shiravane,+Nerul,+Navi+Mumbai,+Maharashtra+400705,+India/data=!4m6!4m5!1m1!4e2!1m2!1m1!1s0x3be7c1a1e25f9659:0xcdc16b588b3d245f?sa=X&ved=1t:57443&ictx=111 | M61: Directions
A62: Fitness with Shikha | B62: · Fitness center | C62: 5.0 | D62: -115 | E62: 7+ years in business · Navi Mumbai, Maharashtra, India | F62: · +91 99305 61765 | G62: · Closes 9 PM | H62: Open | I62: "My stretching ability has improved a lot and she is a superb instructor" | L62: https://www.google.com/maps/dir//Fitness+with+Shikha,+Sector+46+A,+Seawoods,+Navi+Mumbai,+Maharashtra+400706,+India/data=!4m6!4m5!1m1!4e2!1m2!1m1!1s0x3be7c38ae6d67e11:0x66da936966d6de0e?sa=X&ved=1t:57443&ictx=111 | M62: Directions
A63: YOGA SUNITA'S FITNESS STUDIO IN NERUL | B63: · Yoga studio | C63: 4.1 | D63: -58 | E63: 3+ years in business · Navi Mumbai, Maharashtra, India | F63: · +91 98702 80348 | G63: · Closes 9 PM | H63: Open | I63: "It was amazing class amazing effect in just 1 months" | J63: https://chat.whatsapp.com/LFS0IrRGrHbFTWZi3jHY0j | K63: Website | L63: https://www.google.com/maps/dir//YOGA+SUNITA'S+FITNESS+STUDIO+IN+NERUL,+MADAN+BHOPI+BLG,+near+N+M+M+C+School,+Sector+20,+W,+Navi+Mumbai,+Maharashtra+400706,+India/data=!4m6!4m5!1m1!4e2!1m2!1m1!1s0x3be7c3c7f71332a1:0x99b8d5caa0128263?sa=X&ved=1t:57443&ictx=111 | M63: Directions | N63: yoga
A64: Aayurvati yoga classes | B64: · Yoga instructor | C64: 4.9 | D64: -5 | E64: Navi Mumbai, Maharashtra, India | F64: · +91 93260 64014 | G64: · Opens 7 AM Tue | H64: Closed | I64: "They will teach you exercises to maintain your health and body." | L64: https://www.google.com/maps/dir//Aayurvati+yoga+classes,+Sector+1,+Shiravane,+Nerul,+Navi+Mumbai,+Maharashtra+400706,+India/data=!4m6!4m5!1m1!4e2!1m2!1m1!1s0x3be7c3007e981c51:0xef653fe2dd429fb8?sa=X&ved=1t:57443&ictx=111 | M64: Directions | N64: yoga
A65: Regular Yoga Classes | B65: · Yoga studio | C65: 5.0 | E65: Navi Mumbai, Maharashtra, India | G65: · Opens 6:30 PM | H65: Closed | I65: "Durgadas Sawant Sir has been an exceptional guru and a holistic healer." | L65: https://www.google.com/maps/dir//3rd+Floor,+Regular+Yoga+Classes,+Shri+Ayyappa+Mandir,+opposite+Shani+Mandir,+Sector+17,+Nerul,+Navi+Mumbai,+Maharashtra+400706,+India/data=!4m6!4m5!1m1!4e2!1m2!1m1!1s0x3be7c300658e63b5:0xda87536440f90a5a?sa=X&ved=1t:57443&ictx=111 | M65: Directions | N65: yoga
A66: Isha Yoga Center, Mumbai (Yoga Classes designed by Sadhguru) | B66: · Yoga studio | C66: 4.7 | D66: -102 | E66: Mumbai, Maharashtra, India | F66: · +91 83000 14333 | G66: · 5:30 PM | H66: Closes soon | I66: "Quite,green,great revebration, Isha shoppee, Classical Hatha classes" | J66: https://isha.sadhguru.org/mumbai | K66: Website | L66: https://www.google.com/maps/dir//Isha+Yoga+Center,+Mumbai+(Yoga+Classes+designed+by+Sadhguru),+Theosophical+Society,+B-6,+Juhu+Tara+Rd,+near+J.+W.+Marriott+Hotel+Juhu,+Mumbai,+Maharashtra+400049,+India/data=!4m6!4m5!1m1!4e2!1m2!1m1!1s0x3be7ce1f91e98b49:0xc89890acf1ed670?sa=X&ved=1t:57443&ictx=111 | M66: Directions | N66: yoga
A67: Breath & Balance with Pradip (Home Yoga Class) | B67: · Yoga instructor | C67: 5.0 | D67: -1 | E67: · +91 95948 62844 | G67: · Closes 10 PM | H67: Open | I67: "Very supportive and encouraging instructor and motivate a lot"
A68: The Yoga Institute Andheri-Lokhandwala | Best Yoga Classes & Teacher Training Course in Mumbai | B68: · Yoga studio | C68: 4.7 | D68: -76 | E68: 3+ years in business · Mumbai, Maharashtra, India | F68: · +91 98338 64964 | G68: · Closes 6 PM | H68: Open | I68: "The instructors are kind and helpful." | J68: https://juhuandheri.theyogainstitute.org/ | K68: Website | L68: https://www.google.com/maps/dir//The+Yoga+Institute+Andheri-Lokhandwala+%7C+Best+Yoga+Classes+%26+Teacher+Training+Course+in+Mumbai,+Metro+station,+The+Classique+Club,+behind+Infiniti+Mall,+New+Link+Road+Shastri+Nagar,+next+to+Lower+Oshiwara,+Lokhandwala+Complex,+Andheri+West,+Mumbai,+Maharashtra+400053,+India/data=!4m6!4m5!1m1!4e2!1m2!1m1!1s0x3be7b7411b3a6c11:0x5de39d582b95e03?sa=X&ved=1t:57443&ictx=111 | M68: Directions
A69: Gauri's Yoga Studio | B69: · Yoga studio | C69: 5.0 | D69: -9 | E69: Navi Mumbai, Maharashtra, India | F69: · +91 98198 15151 | G69: · Opens 6:30 AM Tue | H69: Closed | J69: https://www.gaurisyogastudio.in/ | K69: Website | L69: https://www.google.com/maps/dir//Gauri's+Yoga+Studio,+Shree+Chatrapati+Shivaji+Maharaj+Samaj+Mandir+Hall,+Nerul+East,+Sector+3,+Navi+Mumbai,+Maharashtra+400706,+India/data=!4m6!4m5!1m1!4e2!1m2!1m1!1s0x3be7c36ea39d16ed:0xae2e59b8213796db?sa=X&ved=1t:57443&ictx=111 | M69: Directions
A70: Shaktitva Academy | B70: · Yoga studio | D70: -4 | E70: Navi Mumbai, Maharashtra, India | G70: · Closes 10 PM | H70: Open | J70: https://shaktitvaacademy.com/ | K70: Website | L70: https://www.google.com/maps/dir//Shaktitva+Academy,+Samudaya+Bhavan+%26+Guru+Mandir,+Plot+32,+near+Juinagar+Railway+Station,+Sector+10,+Sanpada,+Navi+Mumbai,+Maharashtra+400705,+India/data=!4m6!4m5!1m1!4e2!1m2!1m1!1s0x3be7c136c86471d3:0xcbbf16d949fab9a0?sa=X&ved=1t:57443&ictx=111 | M70: Directions
A71: Yoga at Belapur AUMTARA | B71: · Yoga studio | C71: 4.3 | D71: -43 | E71: Navi Mumbai, Maharashtra, India | I71: "Wonderful teachers." | L71: https://www.google.com/maps/dir//Yoga+at+Belapur+AUMTARA,+Mayuresh+Square,+301,+Sector+15,+CBD+Belapur,+Navi+Mumbai,+Maharashtra+400614,+India/data=!4m6!4m5!1m1!4e2!1m2!1m1!1s0x3be7c3d782216019:0xa96b23103f9472a2?sa=X&ved=1t:57443&ictx=111 | M71: Directions
A72: Flawless Dance & Fitness Studio | B72: · Yoga studio | C72: 4.9 | D72: -159 | E72: 10+ years in business · Navi Mumbai, Maharashtra, India | F72: · +91 88501 20018 | G72: · Closes 10 PM | H72: Open | I72: "Super supportive instructors, fun classes and a chill vibes ....✨" | L72: https://www.google.com/maps/dir//First+Floor,+Flawless+Dance+%26+Fitness+Studio,+Krishna+Vihar,+opp.+Bus+Stop,+Sector+16,+Ghansoli,+Navi+Mumbai,+Maharashtra+400701,+India/data=!4m6!4m5!1m1!4e2!1m2!1m1!1s0x3be7c36e74e15251:0x7684056cc42e3947?sa=X&ved=1t:57443&ictx=111 | M72: Directions
A73: TOUGHTRIBE FITNESS | B73: · Gym | C73: 4.8 | D73: -13 | E73: 10+ years in business · Navi Mumbai, Maharashtra, India | G73: · Closes 11 PM | H73: Open | I73: "Great environment, good equipment, and very motivating atmosphere." | L73: https://www.google.com/maps/dir//TOUGHTRIBE+FITNESS,+Shop+No+7,8,9,+Akhurath+Bldg,+Palm+Beach+Rd,+Sector+14,+Sanpada,+Navi+Mumbai,+Maharashtra+400705,+India/data=!4m6!4m5!1m1!4e2!1m2!1m1!1s0x3be7c15031855ded:0x2d40f92b0c408420?sa=X&ved=1t:57443&ictx=111 | M73: Directions
A74: AndFit | B74: · Fitness center | C74: 5.0 | D74: -23 | E74: 3+ years in business · Navi Mumbai, Maharashtra, India | G74: · 5 PM | H74: Closes soon | L74: https://www.google.com/maps/dir//AndFit,+Tower+1,+Seawoods+Grand+Central+Sector+40,+Seawoods+Railway+Station+10th+Floor,+Navi+Mumbai,+Maharashtra+400706,+India/data=!4m6!4m5!1m1!4e2!1m2!1m1!1s0x3be7c3efa1e373a9:0x2711c705859c917f?sa=X&ved=1t:57443&ictx=111 | M74: Directions
A75: The Art of Living Yoga and Meditation Center | B75: · Yoga studio | C75: 5.0 | D75: -9 | E75: 7+ years in business · Panvel, Maharashtra, India | F75: · +91 93229 45514 | G75: · Closes 8 PM | H75: Open | I75: "Superb and Serene place to learn Meditation and " | J75: http://www.artofliving.org/in-en | K75: Website | L75: https://www.google.com/maps/dir//The+Art+of+Living+Yoga+and+Meditation+Center,+Adhiraj+Garden+Society,+Club+House+Sector+5,+Nr+Harmony+School+Kharghar,+Panvel,+Maharashtra+410210,+India/data=!4m6!4m5!1m1!4e2!1m2!1m1!1s0x3be7c300bf8c1a15:0x930ab47e57676406?sa=X&ved=1t:57443&ictx=111 | M75: Directions | N75: Yoga
A76: Shiv Holistic Yoga | Yoga at Home Mumbai | Online Courses - Yoga, Ayurveda, Naturopathy, Dietician | Holistic Healing | B76: · Yoga retreat center | C76: 4.7 | D76: -7 | E76: Mumbai, Maharashtra, India | F76: · +91 93221 20332 | G76: · Opens 10 AM Tue | H76: Closed | I76: "Very Good Experience Teacher Team at Shiv Holistic 🧘🧘🙏🙏" | J76: https://shivholisticyoga.com/ | K76: Website | L76: https://www.google.com/maps/dir//No.+12%2F28,+12th+Floor,+Bldg+3,+Shiv+Holistic+Yoga+%7C+Yoga+at+Home+Mumbai+%7C+Online+Courses+-+Yoga,+Ayurveda,+Naturopathy,+Dietician+%7C+Holistic+Healing,+Office+No.+12%2F28,+12th+Floor,+Bldg+No.+3,+Navjivan+Commercial+Society,+Patthe+Bapurao+Marg,+Navjeevan+Society,+Dalal+Estate,+Mumbai+Central,+Mumbai,+Maharashtra+400008,+India/data=!4m6!4m5!1m1!4e2!1m2!1m1!1s0x3be7bf58aacf2cf9:0x76aeb97651968a48?sa=X&ved=1t:57443&ictx=111 | M76: Directions | N76: Yoga
A77: Bharatiya Yog Sansthan (Free Yoga Sessions near Nageshwar Temple CBD Belapur) | B77: · Yoga studio | C77: 5.0 | D77: -15 | E77: 3+ years in business · Navi Mumbai, Maharashtra, India | F77: · +91 96532 35405 | G77: · Opens 6 AM Tue | H77: Closed | I77: "Early morning has its own unique amazing benefits." | J77: https://www.instagram.com/yogacbdbelapur/ | K77: Website | L77: https://www.google.com/maps/dir//22HW%2B42W+Bharatiya+Yog+Sansthan+(Free+Yoga+Sessions+near+Nageshwar+Temple+CBD+Belapur),+near+Nageshwar+Mandir,+Sector+3A,+CBD+Belapur,+Navi+Mumbai,+Maharashtra+400614,+India/data=!4m6!4m5!1m1!4e2!1m2!1m1!1s0x3be7c3007b1dd9ff:0xb47f200ec77e8ab3?sa=X&ved=1t:57443&ictx=111 | M77: Directions | N77: yoga
A78: Art of Living - Nerul West, Navi Mumbai | B78: · Meditation center | C78: 4.8 | D78: -8 | E78: Navi Mumbai, Maharashtra, India | F78: · +91 98198 40320 | G78: · Closes 10 PM | H78: Open | J78: http://www.artofliving.org/ | K78: Website | L78: https://www.google.com/maps/dir//Art+of+Living+-+Nerul+West,+Navi+Mumbai,+Sea+Spring,+5th+Floor,+Sector+6,+near+D'mart+Ready,+Nerul+West,+Navi+Mumbai,+Maharashtra+400706,+India/data=!4m6!4m5!1m1!4e2!1m2!1m1!1s0x3be7c314c3fcd80b:0xbddc4a5aa19c831e?sa=X&ved=1t:57443&ictx=111 | M78: Directions
A79: Divas & Dudes - Online Fitness & Yoga Studio | B79: · Health consultant | C79: 4.9 | D79: -2 | E79: · +91 98203 72995 | G79: · Closes 8 PM | H79: Open
A80: SFC Fitness - Zumba | Dance | Yoga | B80: · Fitness center | C80: 4.6 | D80: -226 | E80: 10+ years in business · Navi Mumbai, Maharashtra, India | F80: · +91 97695 57157 | G80: · Closes 10 PM | H80: Open | I80: "His classes are enjoyable as well as result bearing !" | L80: https://www.google.com/maps/dir//Shop+no.+11+%2F+15,+SFC+Fitness+-+Zumba+%7C+Dance+%7C+Yoga,+Plot+no.+25,+Nerul+East,+Sector+21,+Navi+Mumbai,+Maharashtra+400706,+India/data=!4m6!4m5!1m1!4e2!1m2!1m1!1s0x3be7c3953789318b:0xf5f26b6f28af96a1?sa=X&ved=1t:57443&ictx=111 | M80: Directions
A81: Yog with Sushmita (A Traditional Hatha Yog center) | B81: · Fitness center | C81: 4.7 | D81: -14 | E81: 3+ years in business · Navi Mumbai, Maharashtra, India | G81: · Closes 8:45 PM | H81: Open | I81: "Highly dedicated teachers Suits the beginners as well advanced ones" | L81: https://www.google.com/maps/dir//227F%2BH56+Yog+with+Sushmita+(A+Traditional+Hatha+Yog+center),+Seawoods,+Navi+Mumbai,+Maharashtra+400706,+India/data=!4m6!4m5!1m1!4e2!1m2!1m1!1s0x3be7c3051f8b55f9:0xc0bdb5dcda9ecc97?sa=X&ved=1t:57443&ictx=111 | M81: Directions
A82: Aqua Fitness Club | B82: · Fitness center | C82: 4.6 | D82: -92 | E82: Navi Mumbai, Maharashtra, India | F82: · +91 85915 03535 | G82: · Closes 11 PM | H82: Open | I82: "Swimming, zumba, kick boxing, steam, shower facility, ." | J82: https://www.instagram.com/aquafitnessclubvashi?igsh=eWFrM3B2NGM2amI2&utm_source=qr | K82: Website | L82: https://www.google.com/maps/dir//1st+Floor,+Aqua+Fitness+Club,+Marine+Street,+Juhu+Nagar+Rd,+Juhu+Village,+Sector+11,+Navi+Mumbai,+Maharashtra+400703,+India/data=!4m6!4m5!1m1!4e2!1m2!1m1!1s0x3be7c13140e69777:0x82b563220fd547c4?sa=X&ved=1t:57443&ictx=111 | M82: Directions | N82: yoga
A83: First Light Yoga | B83: · Yoga studio | C83: 4.9 | D83: -6 | E83: 3+ years in business · Panvel, Maharashtra, India | F83: · +91 99304 85255 | G83: · Opens 6 AM Tue | H83: Closed | I83: "Very good, experienced qualified teacher." | L83: https://www.google.com/maps/dir//First+Light+Yoga,+Nimisha+hospital+building,+Block+G,+Sector+12,+Kharghar,+Panvel,+Maharashtra+410210,+India/data=!4m6!4m5!1m1!4e2!1m2!1m1!1s0x3be7c35930324145:0xd7a8cbabf20aa02f?sa=X&ved=1t:57443&ictx=111 | M83: Directions | N83: yoga
A84: Vyana Skin Clinic and Yoga Center (Navi Mumbai) | B84: · Skin care clinic | C84: 5.0 | D84: -62 | E84: Navi Mumbai, Maharashtra, India | F84: · +91 99673 29119 | G84: · Closes 8 PM | H84: Open | L84: https://www.google.com/maps/dir//Shop+No.+1,+Vyana+Skin+Clinic+and+Yoga+Center+(Navi+Mumbai),+PLot+no+62,+Sector+44A,+Seawoods,+Navi+Mumbai,+Maharashtra+400706,+India/data=!4m6!4m5!1m1!4e2!1m2!1m1!1s0x3be7c3997d07c021:0xb37297c118b5ff4d?sa=X&ved=1t:57443&ictx=111 | M84: Directions
A85: Niramaya yoga | B85: · Wellness center | C85: 5.0 | D85: -80 | E85: 15+ years in business · Navi Mumbai, Maharashtra, India | F85: · +91 89763 28557 | G85: · Closes 9 PM | H85: Open | L85: https://www.google.com/maps/dir//P+No.11,+F.No.+3,+Niramaya+yoga,+near+white+House,+Nerul+East,+Sector+19,+Navi+Mumbai,+Maharashtra+400706,+India/data=!4m6!4m5!1m1!4e2!1m2!1m1!1s0x3be7c305dd53ea8b:0x763178debc0eb655?sa=X&ved=1t:57443&ictx=111 | M85: Directions
A86: Art of Living - Nerul East, Navi Mumbai | B86: · Meditation center | C86: 4.9 | D86: -113 | E86: Navi Mumbai, Maharashtra, India | F86: · +91 98199 24757 | H86: Open 24 hours | I86: "This is very good place for & MEDITATION" | J86: https://www.artofliving.org/in-en | K86: Website | L86: https://www.google.com/maps/dir//22Q9%2BPJ8+Art+of+Living+-+Nerul+East,+Navi+Mumbai,+opp.+Best+Bus+Depot+Road,+Nerul+East,+Sector+29,+Nerul,+Navi+Mumbai,+Maharashtra+400706,+India/data=!4m6!4m5!1m1!4e2!1m2!1m1!1s0x3be7c30046139d4f:0x670f1ec4c88d30a4?sa=X&ved=1t:57443&ictx=111 | M86: Directions | N86: YOGA
A87: Yoga Studio in Mumbai - Yoga by SuRavi | B87: · Yoga studio | C87: 5.0 | D87: -41 | E87: Mumbai, Maharashtra, India | F87: · +91 81696 93536 | G87: · 5 PM | H87: Opens soon | I87: "Certified and experienced instructor with personalized guidance." | L87: https://www.google.com/maps/dir//Yoga+Studio+in+Mumbai+-+Yoga+by+SuRavi,+Shop+Number+3,+Ground+Floor,+Daruwala+Building+Dhobitalav,+Sonapur,+near+Marine+Lines,+Station,+Mumbai,+Maharashtra+400002,+India/data=!4m6!4m5!1m1!4e2!1m2!1m1!1s0x3be7cf70e3252a07:0x123031c5f5194004?sa=X&ved=1t:57443&ictx=111 | M87: Directions | N87: yoga
A88: Yogdhara yoga studio | B88: · Yoga studio | C88: 5.0 | D88: -26 | E88: Navi Mumbai, Maharashtra, India | F88: · +91 88247 62892 | G88: · Closes 9 PM | H88: Open | I88: "After every class I feel more relaxed nd energetic." | J88: https://www.instagram.com/yogdhara_8586 | K88: Website | L88: https://www.google.com/maps/dir//shop+no.7,+Yogdhara+yoga+studio,+ICACT+Dance+studio,+shree+bhagwan+chs,+plot+no.+72,+near+hp+petrol+pump,+Seawoods+West,+Sector+44A,+Navi+Mumbai,+Maharashtra+400706,+India/data=!4m6!4m5!1m1!4e2!1m2!1m1!1s0x3be7c30ae8b8250b:0x8cb260a352c28aad?sa=X&ved=1t:57443&ictx=111 | M88: Directions
A89: anu's yoga classes | B89: · Yoga studio | D89: -110 | E89: Navi Mumbai, Maharashtra, India | G89: · 5 PM | H89: Closes soon | L89: https://www.google.com/maps/dir//anu's+yoga+classes,+Badam+Marg,+Nerul,+Navi+Mumbai,+Maharashtra+400706,+India/data=!4m6!4m5!1m1!4e2!1m2!1m1!1s0x3be7c3cbe3fddc15:0x52700726bec9f94f?sa=X&ved=1t:57443&ictx=111 | M89: Directions
A90: Yoga For Life by Anita | B90: · Yoga studio | C90: 4.5 | D90: -181 | E90: Navi Mumbai, Maharashtra, India | F90: +91 90047 91761 | L90: https://www.google.com/maps/dir//Shop+no+2,+Yoga+For+Life+by+Anita,+Mauli+CHS,+Yoga+For+Life,+Plot+no+81,+New+Sector-50,+Seawoods,+Navi+Mumbai,+Maharashtra+400706,+India/data=!4m6!4m5!1m1!4e2!1m2!1m1!1s0x3be7c3004fa1813f:0xb79a5cf61ae358cf?sa=X&ved=1t:57443&ictx=111 | M90: Directions
A91: Shri Ambika Yoga Kutir | B91: · Educational institution | C91: 4.9 | D91: -5 | E91: Thane, Maharashtra, India | G91: · Closes 6 PM | H91: Open | I91: "Free classes for all age groups at free of cost" | J91: http://saykutir.edu.in/ | K91: Website | L91: https://www.google.com/maps/dir//Shri+Ambika+Yoga+Kutir,+Kadava+Patidar+Samaj+hall,+Gokul+Nagar,+Thane+West,+Thane,+Maharashtra+400601,+India/data=!4m6!4m5!1m1!4e2!1m2!1m1!1s0x3be7b9396c8e6e17:0x1bfa3d7fa1315caa?sa=X&ved=1t:57443&ictx=111 | M91: Directions | N91: yoga
A92: Ancient Martial Arts & Yoga Studio | B92: · Martial arts club | C92: 5.0 | D92: -299 | E92: Navi Mumbai, Maharashtra, India | F92: · +91 98212 35167 | G92: · Closes 10 PM | H92: Open | L92: https://www.google.com/maps/dir//Shop+No.+05,+Ancient+Martial+Arts+%26+Yoga+Studio,+The+Signature,+Plot+No.+71,+Seawoods+West,+Sector+44A,+Seawoods,+Navi+Mumbai,+Maharashtra+400706,+India/data=!4m6!4m5!1m1!4e2!1m2!1m1!1s0x3be7c3006a15db57:0x59b121b3d07426ce?sa=X&ved=1t:57443&ictx=111 | M92: Directions
A93: The Yoga Vidya Pranic Healing Foundation of South Mumbai | B93: · Wellness center | C93: 4.9 | D93: -235 | E93: Mumbai, Maharashtra, India | F93: · +91 99203 22201 | G93: · Closes 6 PM | H93: Open | J93: http://pranichealingmumbai.com/ | K93: Website | L93: https://www.google.com/maps/dir//The+Yoga+Vidya+Pranic+Healing+Foundation+of+South+Mumbai,+75,+Rasik+Nivas,+Ground+FLOOR,+Flat+No.+1,+F+Road,+Marine+Drive,+Mumbai+%E2%80%93+400020+Marine+lines,+Churchgate,+Mumbai,+Maharashtra+400020,+India/data=!4m6!4m5!1m1!4e2!1m2!1m1!1s0x3be7ced03a4f88c9:0x5537e17e8dd0f9f6?sa=X&ved=1t:57443&ictx=111 | M93: Directions
A94: Swasta - (Yoga classes,Mat pilates and Zumba) | B94: · Yoga studio | C94: 5.0 | D94: -41 | E94: Navi Mumbai, Maharashtra, India | F94: · +91 63662 86382 | G94: · Closes 8 PM | H94: Open | I94: "Small classes, friendly faces, and lots of chit-chat." | L94: https://www.google.com/maps/dir//Swasta+-+(Yoga+classes,Mat+pilates+and+Zumba),+Eurokids,+sector+6,+Nerul+West,+Navi+Mumbai,+Maharashtra+400706,+India/data=!4m6!4m5!1m1!4e2!1m2!1m1!1s0x3be7c3aa4e6bb6e3:0xcb654274dacf5362?sa=X&ved=1t:57443&ictx=111 | M94: Directions
A95: Sahaja Yoga Centre - Mumbai | B95: · Yoga retreat center | C95: 4.7 | D95: -98 | E95: 7+ years in business · Mumbai, Maharashtra, India | F95: · +91 22 2684 3169 | G95: · Closes 6 PM | H95: Open | J95: http://www.sahajayogamumbai.org/ | K95: Website | L95: https://www.google.com/maps/dir//Sahaja+Yoga+Centre+-+Mumbai,+Hubtown+Solaris,+1111,+Professor+NS+Phadke+Rd,+opp.+Teli+Gali,+Vijay+Nagar,+Andheri+East,+Mumbai,+Maharashtra+400069,+India/data=!4m6!4m5!1m1!4e2!1m2!1m1!1s0x3be7c98099c7bccd:0xafb716af3c8f8107?sa=X&ved=1t:57443&ictx=111 | M95: Directions
A96: Dog Park | B96: · Dog park | C96: 4.6 | D96: -109 | E96: Navi Mumbai, Maharashtra, India | G96: · Closes 7 PM | H96: Open | L96: https://www.google.com/maps/dir//Dog+Park,+opposite+Jimmy+Park+II,+CHSL,+Nerul+East,+Sector+19A,+Navi+Mumbai,+Maharashtra+400706,+India/data=!4m6!4m5!1m1!4e2!1m2!1m1!1s0x3be7c3e861c12c07:0x646592c6c6c13ad0?sa=X&ved=1t:57443&ictx=111 | M96: Directions
A97: Ekatvam Yoga Classes | B97: · Physical fitness program | C97: 5.0 | D97: -57 | E97: 5+ years in business · Mumbai, Maharashtra, India | F97: · +91 98207 72757 | G97: · Closes 7:30 PM | H97: Open | I97: " has given me a sense of peace and has improved my health and fitness." | L97: https://www.google.com/maps/dir//Ekatvam+Yoga+Classes,+Vile+Parle+East,+Mumbai,+Maharashtra+400057,+India/data=!4m6!4m5!1m1!4e2!1m2!1m1!1s0x3be7c9419e662a53:0xea4e2c1fd7080d91?sa=X&ved=1t:57443&ictx=111 | M97: Directions | N97: Yoga
A98: Yogalay - Yoga and Wellness Center | B98: · Health consultant | D98: -2 | E98: Navi Mumbai, Maharashtra, India | G98: · Opens 7 AM Tue | H98: Closed | L98: https://www.google.com/maps/dir//2287%2BGVP+Yogalay+-+Yoga+and+Wellness+Center,+Jairam+Tukaram+Tandel+Marg,+Seawoods+West,+Karave+Village,+Karave+Nagar,+Nerul,+Navi+Mumbai,+Maharashtra+400706,+India/data=!4m6!4m5!1m1!4e2!1m2!1m1!1s0x3be7c30040033b5b:0x24cf7bb455e36587?sa=X&ved=1t:57443&ictx=111 | M98: Directions
A99: Vogue The Yoga Studio | B99: · Yoga studio | C99: 5.0 | D99: -60 | E99: Mumbai, Maharashtra, India | F99: · +91 98210 86860 | G99: · Closes 10 PM | H99: Open | I99: "Great experience, wonderful teacher and a perfect place for and growth." | J99: http://voguetheyogastudio.com/ | K99: Website | L99: https://www.google.com/maps/dir//1st+Floor,+Vogue+The+Yoga+Studio,+A+Wing,+Marzban+Parsi+Colony,+Dalal+Estate+Nathani+Heights+Nathani+Heights+Commercial,+102,+Mumbai+Central,+Mumbai,+Maharashtra+400008,+India/data=!4m6!4m5!1m1!4e2!1m2!1m1!1s0x3be7cffd8b418133:0x3fc11ecdf8e3464d?sa=X&ved=1t:57443&ictx=111 | M99: Directions | N99: yoga
A100: Zumba with Shree | B100: · Fitness center | C100: 5.0 | D100: -9 | E100: Navi Mumbai, Maharashtra, India | F100: · +91 98672 97207 | G100: · Closes 12 AM | H100: Open | I100: "With regular sessions, pain and stiffness have reduced ." | L100: https://www.google.com/maps/dir//shop+no.+108+,+seawood,+Zumba+with+Shree,+Slin+tech,+Sector+50,+Navi+Mumbai,+Maharashtra+400706,+India/data=!4m6!4m5!1m1!4e2!1m2!1m1!1s0x3be7c35fd60ceea5:0xdb0410c332f55c53?sa=X&ved=1t:57443&ictx=111 | M100: Directions
...

Sheet Final
A1: S.N | B1: Institute Name | C1: Industry | D1: Rating | E1: Total Reviews | F1: Contact | G1: Top Reviews | H1: Website | I1: Google Maps
A2: 1 | B2: Aarambh Yoga Institute | C2: Yoga studio | D2: 4.9 | E2: =SUBSTITUTE(SUBSTITUTE(SUBSTITUTE(Raw!D42,"-",""),"(",""),")","") -> 273 | F2: +91 91361 22892 | G2: "All the teachers are incredibly warm, knowledgeable, and notably patient." | H2: Aarambh Yoga Institute | I2: =IF(Raw!L42="","Not Available",HYPERLINK(Raw!L42,"Maps")) -> Maps
A3: 2 | B3: Aayurvati yoga classes | C3: Yoga instructor | D3: 4.9 | E3: =SUBSTITUTE(SUBSTITUTE(SUBSTITUTE(Raw!D61,"-",""),"(",""),")","") -> 17 | F3: +91 93260 64014 | G3: "They will teach you exercises to maintain your health and body." | H3: Not Available | I3: =IF(Raw!L61="","Not Available",HYPERLINK(Raw!L61,"Maps")) -> Maps
A4: 3 | B4: Acarya Yoga | C4: Yoga instructor | D4: 5 | E4: =SUBSTITUTE(SUBSTITUTE(SUBSTITUTE(Raw!D39,"-",""),"(",""),")","") -> 44 | G4: "She is not just instructor but also very talented and good human being." | H4: Not Available | I4: =IF(Raw!L39="","Not Available",HYPERLINK(Raw!L39,"Maps")) -> Not Available
A5: 4 | B5: Adi Yoga - Yoga classes Mumbai | Yoga at Home | C5: Yoga studio | D5: 4.9 | E5: =SUBSTITUTE(SUBSTITUTE(SUBSTITUTE(Raw!D56,"-",""),"(",""),")","") -> 219 | F5: +91 89286 81840 | G5: "Very help full for health and really awesome teachers in Adi ." | H5: adiyoga | I5: =IF(Raw!L56="","Not Available",HYPERLINK(Raw!L56,"Maps")) -> Maps
A6: 5 | B6: AdyantiYoga (A group of Traditional Yogis) | C6: Yoga instructor | D6: 5 | E6: =SUBSTITUTE(SUBSTITUTE(SUBSTITUTE(Raw!D96,"-",""),"(",""),")","") -> 109 | F6: +91 84332 52193 | G6: "Amazing teachers with a great experience and knowledge." | H6: Adyanti Yoga | I6: =IF(Raw!L96="","Not Available",HYPERLINK(Raw!L96,"Maps")) -> Maps
A7: 6 | B7: AnandaLaxmi Yoga | C7: Yoga studio | D7: 4.9 | E7: =SUBSTITUTE(SUBSTITUTE(SUBSTITUTE(Raw!D36,"-",""),"(",""),")","") -> 50 | F7: +91 91672 00801 | G7: "Excellent classes with a calm and welcoming atmosphere." | H7: Soccer Predictions | I7: =IF(Raw!L36="","Not Available",HYPERLINK(Raw!L36,"Maps")) -> Maps
A8: 7 | B8: Ancient Martial Arts & Yoga Studio | C8: Martial arts club | D8: 5 | E8: =SUBSTITUTE(SUBSTITUTE(SUBSTITUTE(Raw!D81,"-",""),"(",""),")","") -> 14 | F8: +91 98212 35167 | H8: Not Available | I8: =IF(Raw!L81="","Not Available",HYPERLINK(Raw!L81,"Maps")) -> Maps
A9: 8 | B9: Aqua Fitness Club | C9: Fitness center | D9: 4.6 | E9: =SUBSTITUTE(SUBSTITUTE(SUBSTITUTE(Raw!D72,"-",""),"(",""),")","") -> 159 | F9: +91 85915 03535 | G9: "Swimming, zumba, kick boxing, steam, shower facility, ." | H9: Aqua Fitness Club (@aquafitnessclubvashi) • Instagram photos and videos | I9: =IF(Raw!L72="","Not Available",HYPERLINK(Raw!L72,"Maps")) -> Maps
A10: 9 | B10: Art of Living - Nerul East, Navi Mumbai | C10: Meditation center | D10: 4.9 | E10: =SUBSTITUTE(SUBSTITUTE(SUBSTITUTE(Raw!D76,"-",""),"(",""),")","") -> 7 | F10: +91 98199 24757 | G10: "This is very good place for & MEDITATION" | H10: The Art of Living | I10: =IF(Raw!L76="","Not Available",HYPERLINK(Raw!L76,"Maps")) -> Maps
A11: 10 | B11: Art of Living - Nerul West, Navi Mumbai | C11: Meditation center | D11: 4.8 | E11: =SUBSTITUTE(SUBSTITUTE(SUBSTITUTE(Raw!D70,"-",""),"(",""),")","") -> 4 | F11: +91 98198 40320 | H11: Art of Living | I11: =IF(Raw!L70="","Not Available",HYPERLINK(Raw!L70,"Maps")) -> Maps
A12: 11 | B12: Best yoga Classes - Yogawithrajani | C12: Yoga studio | D12: 4.8 | E12: =SUBSTITUTE(SUBSTITUTE(SUBSTITUTE(Raw!D48,"-",""),"(",""),")","") -> 196 | F12: +91 98193 33241 | G12: "The instructor explains each pose clearly and encourages us throughout." | H12: Best Yoga Instructor in Mumbai | Yoga With Rajani | I12: =IF(Raw!L48="","Not Available",HYPERLINK(Raw!L48,"Maps")) -> Maps
A13: 12 | B13: Bharatiya Yog Sansthan (Free Yoga Sessions near Nageshwar Temple CBD Belapur) | C13: Yoga studio | D13: 5 | E13: =SUBSTITUTE(SUBSTITUTE(SUBSTITUTE(Raw!D69,"-",""),"(",""),")","") -> 9 | F13: +91 96532 35405 | G13: "Early morning has its own unique amazing benefits." | H13: Free Yoga CBD Belapur (@yogacbdbelapur) • Instagram photos and videos | I13: =IF(Raw!L69="","Not Available",HYPERLINK(Raw!L69,"Maps")) -> Maps
A14: 13 | B14: Big Breathe Yoga and Fitness Studio|Best Yoga Classes In Near Kharghar-Zumba Classes Kharghar-Fitness Studio Near Me Kharghar | C14: Yoga studio | D14: 4.8 | E14: =SUBSTITUTE(SUBSTITUTE(SUBSTITUTE(Raw!D52,"-",""),"(",""),")","") -> 44 | F14: +91 93720 54498 | G14: "Very good classes, gives equal attention to each student!" | H14: Big Breathe Yoga and Fitness Studio | I14: =IF(Raw!L52="","Not Available",HYPERLINK(Raw!L52,"Maps")) -> Maps
A15: 14 | B15: Blue Eye Yoga Studio | C15: Yoga studio | D15: 5 | E15: =SUBSTITUTE(SUBSTITUTE(SUBSTITUTE(Raw!D18,"-",""),"(",""),")","") -> 131 | F15: +91 98209 28789 | G15: "Each class leaves me feeling relaxed, energized, and centered." | H15: Not Available | I15: =IF(Raw!L18="","Not Available",HYPERLINK(Raw!L18,"Maps")) -> Maps
A16: 15 | B16: Divine Parneeta Yoga | C16: Fitness center | D16: 5 | E16: =SUBSTITUTE(SUBSTITUTE(SUBSTITUTE(Raw!D88,"-",""),"(",""),")","") -> 26 | F16: +91 99694 32268 | G16: "Attending Divine Praneeta class is a deeply enriching experience." | H16: Not Available | I16: =IF(Raw!L88="","Not Available",HYPERLINK(Raw!L88,"Maps")) -> Maps
A17: 16 | B17: DNYAN YOG SADHANA | C17: Yoga studio | E17: =SUBSTITUTE(SUBSTITUTE(SUBSTITUTE(Raw!D109,"-",""),"(",""),")","") | H17: Not Available | I17: =IF(Raw!L109="","Not Available",HYPERLINK(Raw!L109,"Maps")) -> Maps
A18: 17 | B18: Dr. Kalyani's Yoga | C18: Yoga studio | D18: 4.8 | E18: =SUBSTITUTE(SUBSTITUTE(SUBSTITUTE(Raw!D15,"-",""),"(",""),")","") -> 81 | F18: +91 76205 95613 | G18: "I can say that because I was a extremely sceptical about ." | H18: Not Available | I18: =IF(Raw!L15="","Not Available",HYPERLINK(Raw!L15,"Maps")) -> Maps
A19: 18 | B19: Drona Yoga | C19: Yoga instructor | D19: 5 | E19: =SUBSTITUTE(SUBSTITUTE(SUBSTITUTE(Raw!D23,"-",""),"(",""),")","") -> 88 | F19: +91 95400 04700 | G19: "Perfect teacher with true passion and great teaching style." | H19: Top 3 Asanas To Increase Height #yoga #tadasana #bhujangasana #paschimottanasana #yogaforheight - YouTube | I19: =IF(Raw!L23="","Not Available",HYPERLINK(Raw!L23,"Maps")) -> Maps
A20: 19 | B20: Ekatvam Yoga Classes | C20: Physical fitness program | D20: 5 | E20: =SUBSTITUTE(SUBSTITUTE(SUBSTITUTE(Raw!D85,"-",""),"(",""),")","") -> 80 | F20: +91 98207 72757 | G20: " has given me a sense of peace and has improved my health and fitness." | H20: Not Available | I20: =IF(Raw!L85="","Not Available",HYPERLINK(Raw!L85,"Maps")) -> Maps
A21: 20 | B21: Female yoga teacher at home in Kharghar | C21: Yoga instructor | D21: 4.9 | E21: =SUBSTITUTE(SUBSTITUTE(SUBSTITUTE(Raw!D38,"-",""),"(",""),")","") -> 45 | G21: "Your sessions are a wonderful combination of stress relief and fitness." | H21: Not Available | I21: =IF(Raw!L38="","Not Available",HYPERLINK(Raw!L38,"Maps")) -> Maps
A22: 21 | B22: Finding Fitness | C22: Gym | D22: 4.8 | E22: =SUBSTITUTE(SUBSTITUTE(SUBSTITUTE(Raw!D89,"-",""),"(",""),")","") -> 110 | F22: +91 84335 37777 | G22: "The coaching staff is helpful and informative." | H22: Not Available | I22: =IF(Raw!L89="","Not Available",HYPERLINK(Raw!L89,"Maps")) -> Maps
A23: 22 | B23: First Light Yoga | C23: Yoga studio | D23: 4.9 | E23: =SUBSTITUTE(SUBSTITUTE(SUBSTITUTE(Raw!D73,"-",""),"(",""),")","") -> 13 | F23: +91 99304 85255 | G23: "Very good, experienced qualified teacher." | H23: Not Available | I23: =IF(Raw!L73="","Not Available",HYPERLINK(Raw!L73,"Maps")) -> Maps
A24: 23 | B24: Fitness with Shikha | C24: Fitness center | D24: 5 | E24: =SUBSTITUTE(SUBSTITUTE(SUBSTITUTE(Raw!D59,"-",""),"(",""),")","") -> 72 | F24: +91 99305 61765 | G24: "My stretching ability has improved a lot and she is a superb instructor" | H24: Not Available | I24: =IF(Raw!L59="","Not Available",HYPERLINK(Raw!L59,"Maps")) -> Maps
A25: 24 | B25: Flawless Dance & Fitness Studio | C25: Yoga studio | D25: 4.9 | E25: =SUBSTITUTE(SUBSTITUTE(SUBSTITUTE(Raw!D66,"-",""),"(",""),")","") -> 102 | F25: +91 88501 20018 | G25: "Super supportive instructors, fun classes and a chill vibes ....✨" | H25: Not Available | I25: =IF(Raw!L66="","Not Available",HYPERLINK(Raw!L66,"Maps")) -> Maps
A26: 25 | B26: Gauri's Yoga Studio | C26: Yoga studio | D26: 5 | E26: =SUBSTITUTE(SUBSTITUTE(SUBSTITUTE(Raw!D64,"-",""),"(",""),")","") -> 5 | F26: +91 98198 15151 | H26: https://www.gaurisyogastudio.in/ | I26: =IF(Raw!L64="","Not Available",HYPERLINK(Raw!L64,"Maps")) -> Maps
A27: 26 | B27: GREEN TARA YOGA AND WELLNESS | C27: Yoga studio | D27: 5 | E27: =SUBSTITUTE(SUBSTITUTE(SUBSTITUTE(Raw!D31,"-",""),"(",""),")","") -> 11 | G27: "Amazing teacher with positive energy and great guidance." | H27: Green Tara Yoga And Wellness | I27: =IF(Raw!L31="","Not Available",HYPERLINK(Raw!L31,"Maps")) -> Maps
A28: 27 | B28: Healing Soul Studio | C28: Yoga studio | D28: 4.9 | E28: =SUBSTITUTE(SUBSTITUTE(SUBSTITUTE(Raw!D27,"-",""),"(",""),")","") -> 47 | F28: +91 84540 05360 | G28: "My body felt lighter, my breath deeper, and my heart more open." | H28: Not Available | I28: =IF(Raw!L27="","Not Available",HYPERLINK(Raw!L27,"Maps")) -> Maps
A29: 28 | B29: International Sahaja Yoga Research and Health Centre | C29: Yoga studio | D29: 4.8 | E29: =SUBSTITUTE(SUBSTITUTE(SUBSTITUTE(Raw!D4,"-",""),"(",""),")","") -> 256 | F29: +91 83691 10612 | G29: "Adopt Sahaja meditation , elevate your life." | H29: Not Available | I29: =IF(Raw!L4="","Not Available",HYPERLINK(Raw!L4,"Maps")) -> Maps
A30: 29 | B30: Isha Yoga Center, Mumbai (Yoga Classes designed by Sadhguru) | C30: Yoga studio | D30: 4.7 | E30: =SUBSTITUTE(SUBSTITUTE(SUBSTITUTE(Raw!D62,"-",""),"(",""),")","") -> 115 | F30: +91 83000 14333 | G30: "Quite,green,great revebration, Isha shoppee, Classical Hatha classes" | H30: Not Available | I30: =IF(Raw!L62="","Not Available",HYPERLINK(Raw!L62,"Maps")) -> Maps
A31: 30 | B31: Jewel of Navi Mumbai (JNM) | C31: Park | D31: 4.4 | E31: =SUBSTITUTE(SUBSTITUTE(SUBSTITUTE(Raw!D101,"-",""),"(",""),")","") -> 12K | G31: "it’s an experience that rejuvenates the mind and soul." | H31: jewelofnavimumbai.com is for sale — Buy now for $199 | GoDaddy | I31: =IF(Raw!L101="","Not Available",HYPERLINK(Raw!L101,"Maps")) -> Maps
A32: 31 | B32: Kaivalyadhama Yoga Centre, Mumbai | C32: Yoga studio | D32: 4.5 | E32: =SUBSTITUTE(SUBSTITUTE(SUBSTITUTE(Raw!D99,"-",""),"(",""),")","") -> 60 | F32: +91 83699 04778 | G32: "The teachers are highly knowledgeable, dedicated, and compassionate." | H32: Kdham Mumbai Home | I32: =IF(Raw!L99="","Not Available",HYPERLINK(Raw!L99,"Maps")) -> Maps
A33: 32 | B33: Luv You Zindagi - Ladies Yoga Classes in Mumbai | C33: Yoga studio | D33: 5 | E33: =SUBSTITUTE(SUBSTITUTE(SUBSTITUTE(Raw!D97,"-",""),"(",""),")","") -> 57 | F33: +91 99677 33962 | G33: "Amaizing sessions, personal attention,you made learn exciting and fun." | H33: Not Available | I33: =IF(Raw!L97="","Not Available",HYPERLINK(Raw!L97,"Maps")) -> Maps
A34: 33 | B34: Maha yoga wellness centre | C34: Yoga studio | E34: =SUBSTITUTE(SUBSTITUTE(SUBSTITUTE(Raw!D107,"-",""),"(",""),")","") | F34: +91 99308 05559 | H34: Not Available | I34: =IF(Raw!L107="","Not Available",HYPERLINK(Raw!L107,"Maps")) -> Maps
A35: 34 | B35: MAHESHWARI YOGA | C35: Yoga studio | D35: 4.9 | E35: =SUBSTITUTE(SUBSTITUTE(SUBSTITUTE(Raw!D33,"-",""),"(",""),")","") -> 117 | F35: +91 93218 50787 | G35: "Great institute with skilled and supportive instructors." | H35: Maheshwari Yoga | I35: =IF(Raw!L33="","Not Available",HYPERLINK(Raw!L33,"Maps")) -> Maps
A36: 35 | B36: Me Time Yoga | C36: Yoga instructor | D36: 5 | E36: =SUBSTITUTE(SUBSTITUTE(SUBSTITUTE(Raw!D104,"-",""),"(",""),")","") -> 3 | F36: +91 99870 38168 | G36: "Me Time is the best class." | H36: Not Available | I36: =IF(Raw!L104="","Not Available",HYPERLINK(Raw!L104,"Maps")) -> Maps
A37: 36 | B37: Mindful Yoga by Hema Shankar | C37: Physical fitness program | D37: 5 | E37: =SUBSTITUTE(SUBSTITUTE(SUBSTITUTE(Raw!D50,"-",""),"(",""),")","") -> 69 | G37: "Ms. Hema, my instructor has helped me gain confidence in life." | H37: Not Available | I37: =IF(Raw!L50="","Not Available",HYPERLINK(Raw!L50,"Maps")) -> Maps
A38: 37 | B38: Namami Yog | Yoga at home | C38: Yoga instructor | D38: 4.9 | E38: =SUBSTITUTE(SUBSTITUTE(SUBSTITUTE(Raw!D94,"-",""),"(",""),")","") -> 41 | F38: +91 73512 63378 | G38: "Guiding best technique to improve body flexibility and calmness" | H38: http://namamiyog.com/ | I38: =IF(Raw!L94="","Not Available",HYPERLINK(Raw!L94,"Maps")) -> Maps
A39: 38 | B39: Namaste Yoga Classes | C39: Yoga studio | D39: 5 | E39: =SUBSTITUTE(SUBSTITUTE(SUBSTITUTE(Raw!D49,"-",""),"(",""),")","") -> 182 | F39: +91 99303 99993 | G39: "The instructor explains poses clearly and keeps the session well-paced." | H39: Namaste Yoga Classes | I39: =IF(Raw!L49="","Not Available",HYPERLINK(Raw!L49,"Maps")) -> Maps
A40: 39 | B40: NatureFit | C40: Health consultant | D40: 4.7 | E40: =SUBSTITUTE(SUBSTITUTE(SUBSTITUTE(Raw!D58,"-",""),"(",""),")","") -> 739 | F40: +91 89768 21409 | G40: "Good informative and useful session by Nature fit team." | H40: Naturefit | I40: =IF(Raw!L58="","Not Available",HYPERLINK(Raw!L58,"Maps")) -> Maps
A41: 40 | B41: Navroop Yoga - Yoga Classes in Mumbai | C41: Yoga studio | D41: 4.5 | E41: =SUBSTITUTE(SUBSTITUTE(SUBSTITUTE(Raw!D95,"-",""),"(",""),")","") -> 98 | F41: +91 93208 32999 | G41: "The instructors helped me feel comfortable, and the classes are affordable." | H41: Navroop Yoga | I41: =IF(Raw!L95="","Not Available",HYPERLINK(Raw!L95,"Maps")) -> Maps
A42: 41 | B42: New Age Yoga | C42: Yoga studio | D42: 4.9 | E42: =SUBSTITUTE(SUBSTITUTE(SUBSTITUTE(Raw!D41,"-",""),"(",""),")","") -> 262 | F42: +91 93201 79320 | G42: "The classes are calming, introspective, and perfect for stress relief." | H42: New Age Yoga Institute | I42: =IF(Raw!L41="","Not Available",HYPERLINK(Raw!L41,"Maps")) -> Maps
A43: 42 | B43: New Aura Health & Fitness Institute | Yoga Classes in Kharghar Navi Mumbai | C43: Yoga studio | D43: 5 | E43: =SUBSTITUTE(SUBSTITUTE(SUBSTITUTE(Raw!D28,"-",""),"(",""),")","") -> 87 | F43: +91 89286 81639 | G43: "I feel so stress-free, relaxed, and energetic after joining this class." | H43: Not Available | I43: =IF(Raw!L28="","Not Available",HYPERLINK(Raw!L28,"Maps")) -> Maps
A44: 43 | B44: Niramaya yoga | C44: Wellness center | D44: 5 | E44: =SUBSTITUTE(SUBSTITUTE(SUBSTITUTE(Raw!D75,"-",""),"(",""),")","") -> 9 | F44: +91 89763 28557 | H44: Not Available | I44: =IF(Raw!L75="","Not Available",HYPERLINK(Raw!L75,"Maps")) -> Maps
A45: 44 | B45: Nirvana Yoga Community Studio by Shradha | C45: Yoga studio | D45: 4.9 | E45: =SUBSTITUTE(SUBSTITUTE(SUBSTITUTE(Raw!D6,"-",""),"(",""),")","") -> 128 | F45: +91 98334 14151 | G45: "I left each session feeling rejuvenated and more connected to my body." | H45: Showreel: Nirvana Yoga Commune by Shradha | I45: =IF(Raw!L6="","Not Available",HYPERLINK(Raw!L6,"Maps")) -> Maps
A46: 45 | B46: Oshiva Yoga | C46: Yoga studio | D46: 5 | E46: =SUBSTITUTE(SUBSTITUTE(SUBSTITUTE(Raw!D9,"-",""),"(",""),")","") -> 103 | F46: +91 97693 15233 | G46: "Their teaching style is calm, clear, and deeply insightful." | H46: Online Yoga Sessions | I46: =IF(Raw!L9="","Not Available",HYPERLINK(Raw!L9,"Maps")) -> Maps
A47: 46 | B47: PadmaYog Sadhana | C47: Corporate office | D47: 3 | E47: =SUBSTITUTE(SUBSTITUTE(SUBSTITUTE(Raw!D98,"-",""),"(",""),")","") -> 2 | F47: +91 91882 83125 | H47: Padmayog Sadhana | I47: =IF(Raw!L98="","Not Available",HYPERLINK(Raw!L98,"Maps")) -> Maps
A48: 47 | B48: Poorvisa Yoga Studio | C48: Yoga studio | D48: 5 | E48: =SUBSTITUTE(SUBSTITUTE(SUBSTITUTE(Raw!D105,"-",""),"(",""),")","") -> 25 | F48: +91 99671 69309 | G48: "Makes and strength training so much fun." | H48: Not Available | I48: =IF(Raw!L105="","Not Available",HYPERLINK(Raw!L105,"Maps")) -> Maps
A49: 48 | B49: Priya Yoga Studio | C49: Yoga instructor | D49: 5 | E49: =SUBSTITUTE(SUBSTITUTE(SUBSTITUTE(Raw!D100,"-",""),"(",""),")","") -> 9 | F49: +91 88793 51898 | G49: "All the instructors are highly knowledgeable, skillful and professional." | H49: 注册送88元 | I49: =IF(Raw!L100="","Not Available",HYPERLINK(Raw!L100,"Maps")) -> Maps
A50: 49 | B50: RFSS Yoga & Fitness Academy | C50: Yoga studio | D50: 5 | E50: =SUBSTITUTE(SUBSTITUTE(SUBSTITUTE(Raw!D29,"-",""),"(",""),")","") -> 36 | F50: +91 75459 20285 | G50: "Amazing classes Sir is polite and teaches really well 👍" | H50: RFSS | I50: =IF(Raw!L29="","Not Available",HYPERLINK(Raw!L29,"Maps")) -> Maps
A51: 50 | B51: Rishi Yog - Yoga Classes At Home in Mumbai | C51: Yoga studio | D51: 5 | E51: =SUBSTITUTE(SUBSTITUTE(SUBSTITUTE(Raw!D53,"-",""),"(",""),")","") -> 83 | F51: +91 89389 31515 | G51: "Perfect for beginners who want to learn about the practice." | H51: Rishi Yog | I51: =IF(Raw!L53="","Not Available",HYPERLINK(Raw!L53,"Maps")) -> Not Available
A52: 51 | B52: Sahaja Yoga Centre - Mumbai | C52: Yoga retreat center | D52: 4.7 | E52: =SUBSTITUTE(SUBSTITUTE(SUBSTITUTE(Raw!D84,"-",""),"(",""),")","") -> 62 | F52: +91 22 2684 3169 | H52: Sahaja Yoga, Mumbai | I52: =IF(Raw!L84="","Not Available",HYPERLINK(Raw!L84,"Maps")) -> Maps
A53: 52 | B53: Sayyam By Prerna | C53: Yoga instructor | D53: 5 | E53: =SUBSTITUTE(SUBSTITUTE(SUBSTITUTE(Raw!D51,"-",""),"(",""),")","") -> 13 | F53: +91 96996 02220 | G53: "Attended some sessions and thoroughly enjoyed them!" | H53: SayyambyPrerna | Holistic Health with Yoga Program for Wellness | I53: =IF(Raw!L51="","Not Available",HYPERLINK(Raw!L51,"Maps")) -> Maps
A54: 53 | B54: SD fitness center | C54: Gym | D54: 4.7 | E54: =SUBSTITUTE(SUBSTITUTE(SUBSTITUTE(Raw!D108,"-",""),"(",""),")","") -> 22 | F54: +91 98677 58262 | H54: Not Available | I54: =IF(Raw!L108="","Not Available",HYPERLINK(Raw!L108,"Maps")) -> Maps
A55: 54 | B55: SFC Fitness - Zumba | Dance | Yoga | C55: Fitness center | D55: 4.6 | E55: =SUBSTITUTE(SUBSTITUTE(SUBSTITUTE(Raw!D71,"-",""),"(",""),")","") -> 43 | F55: +91 97695 57157 | G55: "His classes are enjoyable as well as result bearing !" | H55: Not Available | I55: =IF(Raw!L71="","Not Available",HYPERLINK(Raw!L71,"Maps")) -> Maps
A56: 55 | B56: Shaktitva Academy | C56: Yoga studio | E56: =SUBSTITUTE(SUBSTITUTE(SUBSTITUTE(Raw!D65,"-",""),"(",""),")","") | H56: Shaktitva Academy | I56: =IF(Raw!L65="","Not Available",HYPERLINK(Raw!L65,"Maps")) -> Maps
A57: 56 | B57: Shilpa Yoga School | C57: Yoga studio | D57: 4.9 | E57: =SUBSTITUTE(SUBSTITUTE(SUBSTITUTE(Raw!D93,"-",""),"(",""),")","") -> 235 | F57: +91 91679 34222 | G57: " taught here as helped me relieve body ache and improved my mobility." | H57: Shilpa Yoga School | I57: =IF(Raw!L93="","Not Available",HYPERLINK(Raw!L93,"Maps")) -> Maps
A58: 57 | B58: Shiv Holistic Yoga | Yoga at Home Mumbai | Online Courses - Yoga, Ayurveda, Naturopathy, Dietician | Holistic Healing | C58: Yoga retreat center | D58: 4.7 | E58: =SUBSTITUTE(SUBSTITUTE(SUBSTITUTE(Raw!D68,"-",""),"(",""),")","") -> 76 | F58: +91 93221 20332 | G58: "Very Good Experience Teacher Team at Shiv Holistic 🧘🧘🙏🙏" | H58: Shiv Holistic Yoga | I58: =IF(Raw!L68="","Not Available",HYPERLINK(Raw!L68,"Maps")) -> Maps
A59: 58 | B59: SHREDX FITNESS NERUL | C59: Yoga studio | D59: 4.6 | E59: =SUBSTITUTE(SUBSTITUTE(SUBSTITUTE(Raw!D90,"-",""),"(",""),")","") -> 181 | F59: +91 91376 47501 | G59: "Awesome environment top notch equipment and good helping trainers." | H59: https://shredxfytnest.com/ | I59: =IF(Raw!L90="","Not Available",HYPERLINK(Raw!L90,"Maps")) -> Maps
A60: 59 | B60: Shri Ambika Yoga Kutir | C60: Educational institution | D60: 4.9 | E60: =SUBSTITUTE(SUBSTITUTE(SUBSTITUTE(Raw!D80,"-",""),"(",""),")","") -> 226 | G60: "Free classes for all age groups at free of cost" | H60: Ambika | I60: =IF(Raw!L80="","Not Available",HYPERLINK(Raw!L80,"Maps")) -> Maps
A61: 60 | B61: Shri Ambika Yoga Kutir, CBD Belapur Navi Mumbai | C61: Yoga retreat center | D61: 5 | E61: =SUBSTITUTE(SUBSTITUTE(SUBSTITUTE(Raw!D22,"-",""),"(",""),")","") -> 51 | F61: +91 98196 79480 | G61: "Class is free of cost due to their devoted & dedicated Teacher." | H61: Login with your account to continue. | I61: =IF(Raw!L22="","Not Available",HYPERLINK(Raw!L22,"Maps")) -> Maps
A62: 61 | B62: Shunyamudra Yoga & Wellness Centre | C62: Yoga studio | D62: 4.9 | E62: =SUBSTITUTE(SUBSTITUTE(SUBSTITUTE(Raw!D11,"-",""),"(",""),")","") -> 88 | F62: +91 77770 16109 | G62: "Transformative experience with exceptional instructors." | H62: Shunyamudra Yoga and Wellness Center | I62: =IF(Raw!L11="","Not Available",HYPERLINK(Raw!L11,"Maps")) -> Maps
A63: 62 | B63: Soul Stream Studio | C63: Yoga instructor | D63: 4.8 | E63: =SUBSTITUTE(SUBSTITUTE(SUBSTITUTE(Raw!D54,"-",""),"(",""),")","") -> 26 | G63: " really transformed me and now it has become part of my daily routine." | H63: Soul Stream Studio | I63: =IF(Raw!L54="","Not Available",HYPERLINK(Raw!L54,"Maps")) -> Maps
A64: 63 | B64: Soul'n'Body Power Yoga “Health is Wealth” | C64: Fitness center | D64: 5 | E64: =SUBSTITUTE(SUBSTITUTE(SUBSTITUTE(Raw!D92,"-",""),"(",""),")","") -> 299 | F64: +91 81699 35590 | G64: "The classes are well-structured and suitable for all levels." | H64: Not Available | I64: =IF(Raw!L92="","Not Available",HYPERLINK(Raw!L92,"Maps")) -> Maps
A65: 64 | B65: Swami Vivekananda Yoga Kendra - Online Mediation Classes & online Yoga Courses | C65: Yoga studio | D65: 4.8 | E65: =SUBSTITUTE(SUBSTITUTE(SUBSTITUTE(Raw!D24,"-",""),"(",""),")","") -> 260 | G65: "Very nice way of teaching online..." | H65: Swami Vivekananda Yoga Kendra | I65: =IF(Raw!L24="","Not Available",HYPERLINK(Raw!L24,"Maps")) -> Maps
A66: 65 | B66: Swasta - (Yoga classes,Mat pilates and Zumba) | C66: Yoga studio | D66: 5 | E66: =SUBSTITUTE(SUBSTITUTE(SUBSTITUTE(Raw!D83,"-",""),"(",""),")","") -> 6 | F66: +91 63662 86382 | G66: "Small classes, friendly faces, and lots of chit-chat." | H66: Not Available | I66: =IF(Raw!L83="","Not Available",HYPERLINK(Raw!L83,"Maps")) -> Maps
A67: 66 | B67: Swasthya Medical Yoga Clinic Nerul | C67: Yoga retreat center | D67: 5 | E67: =SUBSTITUTE(SUBSTITUTE(SUBSTITUTE(Raw!D44,"-",""),"(",""),")","") -> 35 | F67: +91 93554 41199 | G67: "Their expertise and guidance made every session enjoyable and rewarding." | H67: Not Available | I67: =IF(Raw!L44="","Not Available",HYPERLINK(Raw!L44,"Maps")) -> Maps
A68: 67 | B68: Swasthya Wellness | C68: Yoga retreat center | D68: 4.4 | E68: =SUBSTITUTE(SUBSTITUTE(SUBSTITUTE(Raw!D91,"-",""),"(",""),")","") -> 5 | H68: Sri Sri Marma | The Art of Living India | I68: =IF(Raw!L91="","Not Available",HYPERLINK(Raw!L91,"Maps")) -> Maps
A69: 68 | B69: Tapas Yoga by Karishma | C69: Yoga studio | D69: 5 | E69: =SUBSTITUTE(SUBSTITUTE(SUBSTITUTE(Raw!D106,"-",""),"(",""),")","") -> 81 | F69: +91 97734 37322 | G69: "Very affordable sessions and Great experience." | H69: Not Available | I69: =IF(Raw!L106="","Not Available",HYPERLINK(Raw!L106,"Maps")) -> Maps
A70: 69 | B70: The Art of Living Yoga and Meditation Center | C70: Yoga studio | D70: 5 | E70: =SUBSTITUTE(SUBSTITUTE(SUBSTITUTE(Raw!D67,"-",""),"(",""),")","") -> 1 | F70: +91 93229 45514 | G70: "Superb and Serene place to learn Meditation and " | H70: The Art of Living | I70: =IF(Raw!L67="","Not Available",HYPERLINK(Raw!L67,"Maps")) -> Not Available
A71: 70 | B71: The Moksha Yoga| Yoga classes|center in Navi Mumbai | C71: Yoga studio | D71: 3.3 | E71: =SUBSTITUTE(SUBSTITUTE(SUBSTITUTE(Raw!D102,"-",""),"(",""),")","") -> 3 | F71: +91 98339 00408 | H71: Not Available | I71: =IF(Raw!L102="","Not Available",HYPERLINK(Raw!L102,"Maps")) -> Maps
A72: 71 | B72: The Yoga Art - Cbd Belapur | C72: Yoga studio | D72: 4.8 | E72: =SUBSTITUTE(SUBSTITUTE(SUBSTITUTE(Raw!D43,"-",""),"(",""),")","") -> 14 | G72: "I have recently joined classes and have seen amazing results" | H72: The Yoga Art- Fitness Studio | I72: =IF(Raw!L43="","Not Available",HYPERLINK(Raw!L43,"Maps")) -> Maps
A73: 72 | B73: THE YOGA ART - Seawoods | C73: Yoga studio | D73: 4.8 | E73: =SUBSTITUTE(SUBSTITUTE(SUBSTITUTE(Raw!D37,"-",""),"(",""),")","") -> 12 | G73: "Joining the art for weight loss." | H73: The Yoga Art- Fitness Studio | I73: =IF(Raw!L37="","Not Available",HYPERLINK(Raw!L37,"Maps")) -> Maps
A74: 73 | B74: The Yoga Institute | C74: Yoga studio | D74: 4.8 | E74: =SUBSTITUTE(SUBSTITUTE(SUBSTITUTE(Raw!D21,"-",""),"(",""),")","") -> 1.1K | F74: +91 70455 58181 | G74: "A life changing experience that nurtures the body, mind and spirit 🙏🙏" | H74: The Yoga Institute | I74: =IF(Raw!L21="","Not Available",HYPERLINK(Raw!L21,"Maps")) -> Maps
A75: 74 | B75: The Yoga Institute Andheri-Lokhandwala | Best Yoga Classes & Teacher Training Course in Mumbai | C75: Yoga studio | D75: 4.7 | E75: =SUBSTITUTE(SUBSTITUTE(SUBSTITUTE(Raw!D63,"-",""),"(",""),")","") -> 58 | F75: +91 98338 64964 | G75: "The instructors are kind and helpful." | H75: THE YOGA INSTITUTE JAL | I75: =IF(Raw!L63="","Not Available",HYPERLINK(Raw!L63,"Maps")) -> Maps
A76: 75 | B76: The Yoga Institute, Vikhroli | C76: Yoga studio | D76: 4.8 | E76: =SUBSTITUTE(SUBSTITUTE(SUBSTITUTE(Raw!D57,"-",""),"(",""),")","") -> 56 | F76: +91 98206 96800 | G76: "Rahul is a fantastic teacher and also a great person." | H76: Not Available | I76: =IF(Raw!L57="","Not Available",HYPERLINK(Raw!L57,"Maps")) -> Not Available
A77: 76 | B77: The Yoga Vidya Pranic Healing Foundation of South Mumbai | C77: Wellness center | D77: 4.9 | E77: =SUBSTITUTE(SUBSTITUTE(SUBSTITUTE(Raw!D82,"-",""),"(",""),")","") -> 92 | F77: +91 99203 22201 | H77: Pranic Healing Foundation of South Mumbai | I77: =IF(Raw!L82="","Not Available",HYPERLINK(Raw!L82,"Maps")) -> Maps
A78: 77 | B78: Vimukti Yoga and Wellness center | C78: Yoga studio | D78: 5 | E78: =SUBSTITUTE(SUBSTITUTE(SUBSTITUTE(Raw!D35,"-",""),"(",""),")","") -> 12 | F78: +91 80975 08815 | G78: "Me and my wife are taking sessions regularly from him for past 3 years" | H78: Vimukti Yoga | I78: =IF(Raw!L35="","Not Available",HYPERLINK(Raw!L35,"Maps")) -> Maps
A79: 78 | B79: Vitalis - Pilates Yoga & Physiotherapy | C79: Yoga studio | D79: 4.9 | E79: =SUBSTITUTE(SUBSTITUTE(SUBSTITUTE(Raw!D25,"-",""),"(",""),")","") -> 81 | F79: +91 85912 82742 | G79: "... experience,feel great 👍 good class &with proper coach 😊" | H79: Vitalis Move Yoga & Physiotherapy Mumbai | I79: =IF(Raw!L25="","Not Available",HYPERLINK(Raw!L25,"Maps")) -> Maps
A80: 79 | B80: Vogue The Yoga Studio | C80: Yoga studio | D80: 5 | E80: =SUBSTITUTE(SUBSTITUTE(SUBSTITUTE(Raw!D86,"-",""),"(",""),")","") -> 113 | F80: +91 98210 86860 | G80: "Great experience, wonderful teacher and a perfect place for and growth." | H80: Vogue The Yoga Studio | I80: =IF(Raw!L86="","Not Available",HYPERLINK(Raw!L86,"Maps")) -> Maps
A81: 80 | B81: Vyana Skin Clinic and Yoga Center (Navi Mumbai) | C81: Skin care clinic | D81: 5 | E81: =SUBSTITUTE(SUBSTITUTE(SUBSTITUTE(Raw!D74,"-",""),"(",""),")","") -> 23 | F81: +91 99673 29119 | H81: Not Available | I81: =IF(Raw!L74="","Not Available",HYPERLINK(Raw!L74,"Maps")) -> Maps
A82: 81 | B82: YOG MUDRA FITNESS CLASSES | C82: Yoga studio | D82: 5 | E82: =SUBSTITUTE(SUBSTITUTE(SUBSTITUTE(Raw!D46,"-",""),"(",""),")","") -> 3 | F82: +91 96045 10493 | G82: "The sessions are well-guided, calming, and full of positive energy." | H82: Not Available | I82: =IF(Raw!L46="","Not Available",HYPERLINK(Raw!L46,"Maps")) -> Maps
A83: 82 | B83: Yog Sanskruti Studio | C83: Yoga studio | D83: 4.9 | E83: =SUBSTITUTE(SUBSTITUTE(SUBSTITUTE(Raw!D20,"-",""),"(",""),")","") -> 43 | F83: +91 85912 70868 | G83: "Mamta mam is a talented, motivating and dedicated teacher." | H83: Not Available | I83: =IF(Raw!L20="","Not Available",HYPERLINK(Raw!L20,"Maps")) -> Maps
A84: 83 | B84: Yog with Sushmita | C84: Yoga studio | D84: 4.8 | E84: =SUBSTITUTE(SUBSTITUTE(SUBSTITUTE(Raw!D2,"-",""),"(",""),")","") -> 156 | F84: +91 70453 52810 | G84: "Love the positive energy here & the instructor is very skilled." | H84: Not Available | I84: =IF(Raw!L2="","Not Available",HYPERLINK(Raw!L2,"Maps")) -> Maps
A85: 84 | B85: Yoga - We Live Yoga | C85: Wellness program | D85: 5 | E85: =SUBSTITUTE(SUBSTITUTE(SUBSTITUTE(Raw!D45,"-",""),"(",""),")","") -> 44 | H85: Not Available | I85: =IF(Raw!L45="","Not Available",HYPERLINK(Raw!L45,"Maps")) -> Maps
A86: 85 | B86: YOGA & ZUMBA CLASS CBD,BELAPUR WELLNESS,FITNESS CENTER | C86: Health consultant | D86: 5 | E86: =SUBSTITUTE(SUBSTITUTE(SUBSTITUTE(Raw!D47,"-",""),"(",""),")","") -> 4 | F86: +91 98702 80348 | G86: "Best place in CBD…Sunita maam is best teacher.." | H86: Not Available | I86: =IF(Raw!L47="","Not Available",HYPERLINK(Raw!L47,"Maps")) -> Maps
A87: 86 | B87: Yoga 108 Studio | C87: Yoga studio | D87: 4.9 | E87: =SUBSTITUTE(SUBSTITUTE(SUBSTITUTE(Raw!D14,"-",""),"(",""),")","") -> 92 | F87: +91 93722 46727 | G87: "Your sessions have helped improve my flexibility." | H87: Not Available | I87: =IF(Raw!L14="","Not Available",HYPERLINK(Raw!L14,"Maps")) -> Maps
A88: 87 | B88: Yoga Asanaaa Traditional Yoga Studio | C88: Yoga studio | D88: 4.9 | E88: =SUBSTITUTE(SUBSTITUTE(SUBSTITUTE(Raw!D12,"-",""),"(",""),")","") -> 56 | F88: +91 98671 07899 | G88: "Very relaxing and body work class, lovely atmosphere and vibe" | H88: Kavita Motiwal | Yoga Teacher (@yoga_asanaaa) • Instagram photos and videos | I88: =IF(Raw!L12="","Not Available",HYPERLINK(Raw!L12,"Maps")) -> Maps
A89: 88 | B89: Yoga By SuRavi - Yoga Classes at Home in Mumbai | Expert Yoga Trainers at Home | C89: Yoga instructor | D89: 5 | E89: =SUBSTITUTE(SUBSTITUTE(SUBSTITUTE(Raw!D55,"-",""),"(",""),")","") -> 177 | F89: +91 85919 81177 | G89: "Amisha’s prenatal classes are calming, safe, and well-guided." | H89: Yoga by SuRavi | I89: =IF(Raw!L55="","Not Available",HYPERLINK(Raw!L55,"Maps")) -> Maps
A90: 89 | B90: YOGA CLASS (Shakti Yog Sadhana) | C90: Yoga studio | D90: 4.9 | E90: =SUBSTITUTE(SUBSTITUTE(SUBSTITUTE(Raw!D26,"-",""),"(",""),")","") -> 108 | F90: +91 98199 95302 | G90: "The sessions conducted by Nisha and Kavita madam are very effective." | H90: Yoga Class (@shakti_yog_sadhana) • Instagram photos and videos | I90: =IF(Raw!L26="","Not Available",HYPERLINK(Raw!L26,"Maps")) -> Maps
A91: 90 | B91: Yoga classes offline and online | C91: Yoga studio | D91: 5 | E91: =SUBSTITUTE(SUBSTITUTE(SUBSTITUTE(Raw!D7,"-",""),"(",""),")","") -> 300 | F91: +91 80555 77374 | G91: "Easy to follow, gentle stretches, and very relaxing 😌" | H91: about yoga | I91: =IF(Raw!L7="","Not Available",HYPERLINK(Raw!L7,"Maps")) -> Maps
A92: 91 | B92: Yoga For Life by Anita | C92: Yoga studio | D92: 4.5 | E92: =SUBSTITUTE(SUBSTITUTE(SUBSTITUTE(Raw!D79,"-",""),"(",""),")","") -> 2 | F92: +91 90047 91761 | H92: Not Available | I92: =IF(Raw!L79="","Not Available",HYPERLINK(Raw!L79,"Maps")) -> Not Available
A93: 92 | B93: Yoga journey | C93: Yoga studio | D93: 5 | E93: =SUBSTITUTE(SUBSTITUTE(SUBSTITUTE(Raw!D10,"-",""),"(",""),")","") -> 243 | G93: "She taught me various methods of ." | H93: Yoga journey with swara | Navi Mumbai (New Mumbai) | I93: =IF(Raw!L10="","Not Available",HYPERLINK(Raw!L10,"Maps")) -> Maps
A94: 93 | B94: YOGA MUDRA FITNESS CLASSES ALIES YOGANESH FITNESS CLASSES | C94: Yoga studio | D94: 5 | E94: =SUBSTITUTE(SUBSTITUTE(SUBSTITUTE(Raw!D19,"-",""),"(",""),")","") -> 225 | F94: +91 87792 41367 | G94: "The teacher is very friendly, helpful, and highly experienced." | H94: Admit Card For D.El.Ed Joint Entrance Test, 2026 | I94: =IF(Raw!L19="","Not Available",HYPERLINK(Raw!L19,"Maps")) -> Maps
A95: 94 | B95: Yoga Sadhana Mandir | C95: Yoga studio | D95: 4.9 | E95: =SUBSTITUTE(SUBSTITUTE(SUBSTITUTE(Raw!D5,"-",""),"(",""),")","") -> 160 | F95: +91 98673 85786 | G95: "In this classes, the teachers are really well experienced." | H95: Yoga Sadhana Mandir | I95: =IF(Raw!L5="","Not Available",HYPERLINK(Raw!L5,"Maps")) -> Maps
A96: 95 | B96: Yoga Studio in Mumbai - Yoga by SuRavi | C96: Yoga studio | D96: 5 | E96: =SUBSTITUTE(SUBSTITUTE(SUBSTITUTE(Raw!D77,"-",""),"(",""),")","") -> 15 | F96: +91 81696 93536 | G96: "Certified and experienced instructor with personalized guidance." | H96: Not Available | I96: =IF(Raw!L77="","Not Available",HYPERLINK(Raw!L77,"Maps")) -> Maps
A97: 96 | B97: YOGA SUNITA'S FITNESS STUDIO IN NERUL | C97: Yoga studio | D97: 4.1 | E97: =SUBSTITUTE(SUBSTITUTE(SUBSTITUTE(Raw!D60,"-",""),"(",""),")","") -> 10 | F97: +91 98702 80348 | G97: "It was amazing class amazing effect in just 1 months" | H97: Not Available | I97: =IF(Raw!L60="","Not Available",HYPERLINK(Raw!L60,"Maps")) -> Maps
A98: 97 | B98: Yoga Vidya Niketan"s "YOG BHAVAN" | C98: Yoga studio | D98: 4.8 | E98: =SUBSTITUTE(SUBSTITUTE(SUBSTITUTE(Raw!D3,"-",""),"(",""),")","") -> 263 | F98: +91 93216 43305 | G98: "The course prepares one as a confident teacher ." | H98: Yoga Vidya Niketan | I98: =IF(Raw!L3="","Not Available",HYPERLINK(Raw!L3,"Maps")) -> Maps
A99: 98 | B99: Yoga With Indra | C99: Yoga instructor | D99: 5 | E99: =SUBSTITUTE(SUBSTITUTE(SUBSTITUTE(Raw!D30,"-",""),"(",""),")","") -> 14 | F99: +91 81087 70760 | G99: "An amazing instructor who teaches with so much dedication and detail." | H99: Not Available | I99: =IF(Raw!L30="","Not Available",HYPERLINK(Raw!L30,"Maps")) -> Maps
A100: 99 | B100: Yogaa for all | C100: Health consultant | D100: 4.3 | E100: =SUBSTITUTE(SUBSTITUTE(SUBSTITUTE(Raw!D40,"-",""),"(",""),")","") -> 41 | F100: +91 90226 62895 | G100: "This class very nice and effective, it’s productive" | H100: Not Available | I100: =IF(Raw!L40="","Not Available",HYPERLINK(Raw!L40,"Maps")) -> Not Available
...

Sheet Linked In Leads
D5: Leads | E5: Contact | F5: Requirement
D6: Mohanad Alhroub • 3rd+ | E6: info@mohanadalhroub.com | F6: Needs sales executive with marketing agency
D7: Vensor | E7: jeff.j@vesnor.net | F7: Freelance marketers
D8: Preet Patel • 3rd+ | E8: post | F8: Social media manager
D9: Prashant Tiwari • 3rd+ | E9: post | F9: Need long term partner
D10: Twincore Digital | E10: post | F10: Partnet ship oppurtunity
D11: Daljeet Kumar Singh • 3rd+ | E11: post | F11: Need website for new business
D12: YOGENDER K. • 3rd+ | E12: post | F12: freelancer developer
